step,type,amount,nameOrig,oldbalanceOrg,newbalanceOrig,nameDest,oldbalanceDest,newbalanceDest,isFraud,isFlaggedFraud
189,PAYMENT,3136.16,C889900796,7332.76,4196.6,M651378475,0.0,0.0,0,0
34,CASH_IN,989.44,C508034741,39778.26,40767.7,C125789715,16234.98,15245.54,0,0
73,CASH_OUT,31298.62,C389583315,50103.2,18804.58,C679108271,21917.46,53216.08,0,0
389,PAYMENT,2682.1,C461269062,26087.49,23405.39,M843621841,0.0,0.0,0,0
254,CASH_OUT,96026.67,C874974650,102929.56,6902.89,C653482095,24747.23,120773.9,0,0
516,PAYMENT,6521.76,C850865840,6606.13,84.37,M594881019,0.0,0.0,0,0
68,PAYMENT,4327.4,C197041727,16387.61,12060.21,M244753245,0.0,0.0,0,0
424,CASH_OUT,61426.8,C851773927,65135.41,3708.61,C329189136,5816.55,67243.35,0,0
206,CASH_OUT,242408.41,C376870892,280280.28,37871.87,C476491700,13211.32,255619.73,0,0
29,PAYMENT,1000.38,C604538130,36128.73,35128.35,M860960147,0.0,0.0,0,0
606,PAYMENT,1063.72,C488470139,13767.39,12703.67,M812778170,0.0,0.0,0,0
98,DEBIT,2901.58,C688819900,12346.98,9445.4,C701010268,30658.05,33559.63,0,0
442,PAYMENT,5613.95,C571173748,6342.15,728.2,M408952487,0.0,0.0,0,0
170,PAYMENT,737.7,C227064280,14681.14,13943.44,M224332379,0.0,0.0,0,0
439,PAYMENT,6745.51,C154777546,13955.73,7210.22,M775211456,0.0,0.0,0,0
129,PAYMENT,876.47,C445436523,21101.64,20225.17,M832673090,0.0,0.0,0,0
57,CASH_OUT,38564.45,C431535401,43318.75,4754.3,C980589665,66673.42,105237.87,0,0
224,TRANSFER,1302854.3,C654979254,1302854.3,0.0,C568901363,0.0,1302854.3,1,1
386,CASH_OUT,96043.49,C579104880,112023.8,15980.31,C846457209,167060.02,263103.51,0,0
309,CASH_OUT,4076.16,C783750009,6425.65,2349.49,C835674579,9762.72,13838.88,0,0
510,TRANSFER,951476.6,C101709598,951476.6,0.0,C230042909,0.0,0.0,1,0
221,PAYMENT,1740.14,C732056817,9528.74,7788.6,M904257708,0.0,0.0,0,0
521,TRANSFER,40965.03,C715770788,44780.48,3815.45,C108426807,7821.93,48786.96,0,0
576,CASH_OUT,44960.21,C308153247,57301.51,12341.3,C390999428,22348.35,67308.56,0,0
6,CASH_IN,35693.17,C107800878,17227.71,52920.88,C432909974,46720.51,11027.34,0,0
93,TRANSFER,1210142.11,C520077172,1210142.11,0.0,C179438760,0.0,1210142.11,1,1
574,PAYMENT,8637.54,C772293930,13342.35,4704.81,M338292035,0.0,0.0,0,0
507,CASH_OUT,89105.92,C221842962,111679.41,22573.49,C693765556,55614.07,144719.99,0,0
42,CASH_OUT,25004.58,C360487483,28763.53,3758.95,C223564669,3015.39,28019.97,0,0
340,CASH_OUT,46693.92,C534934890,57164.55,10470.63,C308492038,30428.32,77122.24,0,0
267,CASH_IN,7730.3,C201793423,19682.14,27412.44,C710440060,21076.95,13346.65,0,0
78,PAYMENT,3207.89,C169304850,38137.84,34929.95,M382700130,0.0,0.0,0,0
27,CASH_OUT,76618.23,C551555060,89823.95,13205.72,C523785521,50239.22,126857.45,0,0
246,CASH_IN,43925.2,C643665367,59196.49,103121.69,C955411124,130391.17,86465.97,0,0
272,TRANSFER,56844.47,C766924130,127149.56,70305.09,C813517489,43573.6,100418.07,0,0
301,CASH_IN,125413.06,C426957953,31363.78,156776.84,C699382441,313151.06,187738.0,0,0
84,CASH_OUT,15848.38,C152343779,65398.11,49549.73,C297204009,57751.82,73600.2,0,0
402,PAYMENT,3733.28,C115049132,8331.76,4598.48,M726032607,0.0,0.0,0,0
499,CASH_IN,46971.59,C373889555,51702.48,98674.07,C738989394,123341.57,76369.98,0,0
702,CASH_OUT,71865.87,C563466141,83776.67,11910.8,C836609756,18562.46,90428.33,0,0
387,PAYMENT,4067.81,C346092015,27764.03,23696.22,M860171970,0.0,0.0,0,0
310,CASH_IN,34733.05,C660584051,23108.86,57841.91,C823764879,35843.57,1110.52,0,0
243,PAYMENT,3915.17,C449926163,7904.46,3989.29,M371275313,0.0,0.0,0,0
656,PAYMENT,4744.36,C323548177,10316.22,5571.86,M318298469,0.0,0.0,0,0
474,PAYMENT,6139.75,C810927539,9113.74,2973.99,M964703787,0.0,0.0,0,0
441,CASH_OUT,43298.66,C237055417,64133.91,20835.25,C494494178,46447.53,89746.19,0,0
236,PAYMENT,6807.68,C600504668,23040.92,16233.24,M818577281,0.0,0.0,0,0
243,CASH_IN,9239.36,C539300844,54206.54,63445.9,C137594261,215673.1,206433.74,0,0
44,CASH_OUT,76313.89,C782202696,100926.53,24612.64,C507722244,8066.98,84380.87,0,0
735,TRANSFER,6302.92,C724761241,79517.58,73214.66,C768918114,33164.85,39467.77,0,0
247,PAYMENT,1579.7,C127757491,2562.53,982.83,M105288756,0.0,0.0,0,0
391,CASH_OUT,1423.08,C855350296,24230.94,22807.86,C603183536,39202.15,40625.23,0,0
259,CASH_OUT,4192.3,C697182115,15240.06,11047.76,C430712160,14295.71,18488.01,0,0
429,TRANSFER,130285.23,C283907613,165030.84,34745.61,C678131267,37855.81,168141.04,0,0
699,CASH_IN,39927.39,C787697691,27081.67,67009.06,C554732998,70206.13,30278.74,0,0
76,PAYMENT,3966.07,C389870120,5392.41,1426.34,M564289129,0.0,0.0,0,0
192,CASH_OUT,132.69,C148848247,35198.59,35065.9,C507405068,229921.17,230053.86,0,0
547,CASH_OUT,472.08,C421501867,4116.93,3644.85,C940296622,27611.18,28083.26,0,0
327,CASH_OUT,27915.44,C250043859,61271.56,33356.12,C877859380,44479.34,72394.78,0,0
573,CASH_OUT,11636.45,C236527481,82754.74,71118.29,C369275737,751.46,12387.91,0,0
227,PAYMENT,5141.73,C781173264,17764.0,12622.27,M138280105,0.0,0.0,0,0
577,PAYMENT,2254.84,C366711903,6130.56,3875.72,M365945423,0.0,0.0,0,0
331,CASH_OUT,48310.52,C680960716,48749.32,438.8,C392548172,81730.11,130040.63,0,0
180,CASH_IN,35629.47,C670347220,52159.26,87788.73,C446177828,71690.0,36060.53,0,0
57,CASH_OUT,21802.56,C185910001,62860.39,41057.83,C402579301,14776.82,36579.38,0,0
669,TRANSFER,54924.54,C208073840,91010.72,36086.18,C903395509,2992.31,57916.85,0,0
386,PAYMENT,3059.7,C831691985,15867.66,12807.96,M206880666,0.0,0.0,0,0
566,TRANSFER,297462.59,C680510567,297462.59,0.0,C395911908,0.0,297462.59,1,0
678,TRANSFER,10220.27,C383345193,115056.01,104835.74,C460840611,48672.14,58892.41,0,0
163,CASH_OUT,10199.24,C495221447,15398.67,5199.43,C708646204,12771.53,22970.77,0,0
104,DEBIT,4636.13,C778147998,13605.64,8969.51,C449002221,5090.05,9726.18,0,0
153,TRANSFER,85769.47,C864482853,93791.04,8021.57,C256463701,9129.37,94898.84,0,0
187,PAYMENT,516.79,C355184459,16556.97,16040.18,M584365072,0.0,0.0,0,0
576,PAYMENT,6132.18,C110159695,14569.77,8437.59,M309660246,0.0,0.0,0,0
82,DEBIT,582.59,C342268175,1511.84,929.25,C561144964,10883.17,11465.76,0,0
448,PAYMENT,2987.73,C850903332,37659.45,34671.72,M920969892,0.0,0.0,0,0
449,TRANSFER,12977.57,C219588703,72938.76,59961.19,C295740327,28043.16,41020.73,0,0
617,PAYMENT,3475.03,C211111535,5798.21,2323.18,M738981504,0.0,0.0,0,0
505,PAYMENT,660.57,C969818153,4941.49,4280.92,M768413676,0.0,0.0,0,0
423,DEBIT,4691.61,C291151157,29084.99,24393.38,C248010877,37291.76,41983.37,0,0
414,CASH_OUT,61841.69,C434608699,70402.34,8560.65,C102447505,10041.11,71882.8,0,0
83,PAYMENT,721.1,C493445766,11501.2,10780.1,M245368110,0.0,0.0,0,0
653,CASH_OUT,22543.53,C954507235,49061.31,26517.78,C955937032,17284.07,39827.6,0,0
158,CASH_OUT,132874.09,C519833191,184410.11,51536.02,C584083970,48555.63,181429.72,0,0
452,CASH_OUT,19103.01,C800134868,37029.82,17926.81,C388085076,43008.71,62111.72,0,0
564,PAYMENT,8639.47,C896266514,14094.32,5454.85,M907366138,0.0,0.0,0,0
300,PAYMENT,1078.72,C280112306,6603.82,5525.1,M138001552,0.0,0.0,0,0
562,TRANSFER,35385.92,C133517578,46912.91,11526.99,C135058571,20776.0,56161.92,0,0
487,CASH_OUT,52707.96,C690819697,59238.55,6530.59,C851725455,38164.05,90872.01,0,0
1,CASH_OUT,7341.05,C284384979,19540.89,12199.84,C706662638,130112.02,137453.07,0,0
63,PAYMENT,5317.48,C169553444,20843.67,15526.19,M139274563,0.0,0.0,0,0
498,TRANSFER,35096.38,C850692588,41215.15,6118.77,C381950356,31411.06,66507.44,0,0
129,CASH_OUT,11756.87,C749405098,51143.13,39386.26,C901764344,31737.01,43493.88,0,0
323,CASH_IN,27506.7,C718709839,39290.97,66797.67,C421271257,215603.77,188097.07,0,0
384,CASH_OUT,57571.47,C726565142,76875.55,19304.08,C947949846,38488.73,96060.2,0,0
333,CASH_OUT,47968.06,C825479778,103343.69,55375.63,C275844910,29168.94,77137.0,0,0
384,CASH_IN,50383.14,C796294337,18122.92,68506.06,C656986257,71388.53,21005.39,0,0
362,TRANSFER,116395.77,C598058932,141775.65,25379.88,C431922178,7230.08,123625.85,0,0
242,PAYMENT,8763.82,C896225088,22203.23,13439.41,M843234118,0.0,0.0,0,0
131,CASH_OUT,53315.11,C977885593,59487.44,6172.33,C950954792,3226.37,56541.48,0,0
103,PAYMENT,2416.62,C236690240,3377.75,961.13,M490055045,0.0,0.0,0,0
179,TRANSFER,9698.88,C859310902,64261.51,54562.63,C680109035,35922.3,45621.18,0,0
389,PAYMENT,9243.83,C935150811,12351.19,3107.36,M258008641,0.0,0.0,0,0
420,DEBIT,1653.13,C737434832,16010.84,14357.71,C783636145,1828.35,3481.48,0,0
245,PAYMENT,5915.17,C518276068,7170.03,1254.86,M477953765,0.0,0.0,0,0
161,DEBIT,1771.31,C432758542,6629.79,4858.48,C522994622,22362.14,24133.45,0,0
55,PAYMENT,6845.23,C484277351,7452.04,606.81,M663766910,0.0,0.0,0,0
594,PAYMENT,9137.22,C760958017,10614.2,1476.98,M603915381,0.0,0.0,0,0
520,TRANSFER,64767.64,C389390954,70686.6,5918.96,C584539290,130408.33,195175.97,0,0
626,CASH_IN,61510.2,C913648406,187054.13,248564.33,C454838373,77963.9,16453.7,0,0
354,PAYMENT,853.94,C419247070,7426.8,6572.86,M534810675,0.0,0.0,0,0
33,TRANSFER,38817.27,C224627154,62018.85,23201.58,C299193388,13984.27,52801.54,0,0
165,PAYMENT,2612.29,C462509851,5428.7,2816.41,M197448684,0.0,0.0,0,0
126,CASH_IN,4513.31,C318803638,237810.49,242323.8,C967915538,21307.0,16793.69,0,0
686,CASH_IN,12119.88,C737258437,3969.19,16089.07,C838961106,16426.43,4306.55,0,0
169,PAYMENT,2739.15,C431472416,9390.9,6651.75,M659066204,0.0,0.0,0,0
276,CASH_OUT,59709.88,C530626346,69357.11,9647.23,C356314877,43869.46,103579.34,0,0
79,CASH_OUT,144467.7,C268359859,163338.29,18870.59,C145161953,50330.12,194797.82,0,0
286,TRANSFER,676.43,C235874706,4448.86,3772.43,C346438681,62941.9,63618.33,0,0
558,CASH_OUT,41885.53,C349377498,55213.84,13328.31,C886949088,30862.73,72748.26,0,0
254,CASH_OUT,103131.86,C547057522,106287.93,3156.07,C863500373,36614.95,139746.81,0,0
487,PAYMENT,8233.08,C234144986,13740.66,5507.58,M742428558,0.0,0.0,0,0
224,CASH_OUT,71564.05,C108264256,99264.91,27700.86,C742162150,32110.97,103675.02,0,0
369,CASH_IN,14769.27,C925340602,33958.08,48727.35,C433627026,78108.03,63338.76,0,0
403,PAYMENT,997.32,C614464799,4680.11,3682.79,M430733688,0.0,0.0,0,0
630,TRANSFER,6222.8,C282911926,43128.54,36905.74,C394883668,64353.88,70576.68,0,0
174,CASH_OUT,3887.76,C638869741,10310.2,6422.44,C380297046,76320.88,80208.64,0,0
538,PAYMENT,5986.1,C828064428,31763.86,25777.76,M678336286,0.0,0.0,0,0
386,CASH_OUT,8469.28,C104843595,25792.2,17322.92,C261237733,135822.9,144292.18,0,0
671,CASH_OUT,47817.95,C775760291,154168.13,106350.18,C749462732,7828.59,55646.54,0,0
36,DEBIT,1776.08,C306307950,8417.83,6641.75,C830987178,5781.39,7557.47,0,0
221,PAYMENT,429.76,C409728302,20503.61,20073.85,M778897790,0.0,0.0,0,0
16,CASH_OUT,183001.52,C550614910,194579.77,11578.25,C342934644,2494.04,185495.56,0,0
236,CASH_OUT,38796.88,C701175883,44177.53,5380.65,C828537277,1406.43,40203.31,0,0
39,PAYMENT,2522.51,C742479659,4102.58,1580.07,M963391216,0.0,0.0,0,0
561,PAYMENT,10783.04,C522288372,20663.81,9880.77,M587362776,0.0,0.0,0,0
364,CASH_OUT,110895.69,C101904400,118997.56,8101.87,C640993670,6384.4,117280.09,0,0
65,PAYMENT,8901.87,C907797028,11051.4,2149.53,M275445315,0.0,0.0,0,0
29,DEBIT,3364.42,C746321083,4941.58,1577.16,C478454338,10177.12,13541.54,0,0
133,PAYMENT,800.76,C526322691,2337.07,1536.31,M228064690,0.0,0.0,0,0
337,CASH_OUT,5820.54,C439001299,8109.09,2288.55,C818175640,22335.53,28156.07,0,0
675,PAYMENT,4833.56,C486772994,8745.21,3911.65,M427561808,0.0,0.0,0,0
373,CASH_IN,3700.49,C242806427,153292.54,156993.03,C977391099,110076.68,106376.19,0,0
540,TRANSFER,54405.28,C581936744,70454.13,16048.85,C278653260,19249.08,73654.36,0,0
21,PAYMENT,6985.98,C868358063,7527.77,541.79,M139444970,0.0,0.0,0,0
608,TRANSFER,14982.11,C286017760,63440.99,48458.88,C219363192,65094.65,80076.76,0,0
743,PAYMENT,9267.3,C181063010,11203.45,1936.15,M454448086,0.0,0.0,0,0
8,PAYMENT,15956.37,C772948928,16218.26,261.89,M681035325,0.0,0.0,0,0
392,PAYMENT,841.15,C676213570,43367.75,42526.6,M784948973,0.0,0.0,0,0
95,PAYMENT,2537.15,C215117852,6568.38,4031.23,M572059598,0.0,0.0,0,0
605,DEBIT,2052.59,C394546526,8567.44,6514.85,C707313943,552.86,2605.45,0,0
298,TRANSFER,66566.39,C452966934,69347.14,2780.75,C957788789,16797.29,83363.68,0,0
431,CASH_IN,43699.84,C748729829,127548.33,171248.17,C851471711,192130.02,148430.18,0,0
465,CASH_OUT,37937.72,C416628388,64252.15,26314.43,C302610020,17267.0,55204.72,0,0
338,PAYMENT,1849.99,C210876861,11680.53,9830.54,M373318126,0.0,0.0,0,0
551,PAYMENT,8876.17,C433767160,11779.19,2903.02,M425236557,0.0,0.0,0,0
333,TRANSFER,24939.98,C714206353,64601.33,39661.35,C924398504,111114.49,136054.47,0,0
63,PAYMENT,1223.35,C325500719,3459.17,2235.82,M297252182,0.0,0.0,0,0
718,DEBIT,4589.33,C663426057,6693.58,2104.25,C436194556,17999.22,22588.55,0,0
741,DEBIT,2061.85,C321845055,5330.19,3268.34,C310187589,18859.11,20920.96,0,0
459,PAYMENT,2758.49,C335393217,11099.87,8341.38,M420295069,0.0,0.0,0,0
612,PAYMENT,173.19,C538937419,507.07,333.88,M370445011,0.0,0.0,0,0
504,PAYMENT,3146.41,C825118318,18648.71,15502.3,M178593839,0.0,0.0,0,0
579,TRANSFER,1572.89,C807521309,13205.53,11632.64,C877605388,43260.71,44833.6,0,0
169,PAYMENT,1265.43,C787324076,34917.17,33651.74,M573951084,0.0,0.0,0,0
2,CASH_OUT,78179.5,C988158440,82486.45,4306.95,C839225968,12139.07,90318.57,0,0
347,PAYMENT,1423.74,C850988166,3364.57,1940.83,M453175413,0.0,0.0,0,0
406,PAYMENT,10010.53,C699643515,14207.4,4196.87,M576042300,0.0,0.0,0,0
426,CASH_OUT,62763.78,C639186773,69786.75,7022.97,C141700273,52416.11,115179.89,0,0
615,TRANSFER,34351.4,C849325848,44845.14,10493.74,C903262293,16462.33,50813.73,0,0
43,CASH_OUT,21518.62,C158332472,24352.16,2833.54,C617136265,5415.37,26933.99,0,0
145,CASH_IN,49465.21,C756810638,48778.88,98244.09,C391647734,137383.64,87918.43,0,0
121,TRANSFER,56350.41,C726167604,110366.83,54016.42,C652810412,45613.12,101963.53,0,0
308,CASH_OUT,59911.16,C888254497,63765.32,3854.16,C350273107,14602.33,74513.49,0,0
310,PAYMENT,31.92,C713153472,3232.21,3200.29,M895720105,0.0,0.0,0,0
518,CASH_IN,21147.45,C394957538,50266.63,71414.08,C547002830,22611.89,1464.44,0,0
294,CASH_OUT,10713.54,C151272364,18282.41,7568.87,C355133838,4000.37,14713.91,0,0
411,CASH_OUT,60772.47,C172877476,64670.66,3898.19,C694426166,45900.04,106672.51,0,0
394,CASH_OUT,2577.35,C206256288,12124.8,9547.45,C517897034,7648.48,10225.83,0,0
221,CASH_OUT,75110.15,C464764631,81087.91,5977.76,C821634124,19085.12,94195.27,0,0
321,CASH_OUT,1271.28,C228765362,9838.06,8566.78,C495366691,26005.85,27277.13,0,0
445,PAYMENT,13527.56,C644257940,45123.88,31596.32,M746901766,0.0,0.0,0,0
552,PAYMENT,4744.74,C304078741,5113.34,368.6,M727962779,0.0,0.0,0,0
201,CASH_OUT,44711.83,C576852812,70800.14,26088.31,C177389160,2936.12,47647.95,0,0
443,CASH_OUT,127695.71,C190591194,132274.2,4578.49,C270791658,4315.61,132011.32,0,0
637,CASH_IN,60934.99,C202533495,62284.86,123219.85,C884259254,331106.11,270171.12,0,0
85,PAYMENT,4642.62,C852942774,5203.45,560.83,M672533430,0.0,0.0,0,0
434,CASH_OUT,4116.49,C881707874,66344.91,62228.42,C289779004,3559.86,7676.35,0,0
434,DEBIT,67.65,C129566818,955.87,888.22,C425623512,6682.2,6749.85,0,0
60,CASH_OUT,38032.51,C640662750,94965.14,56932.63,C585641874,45734.63,83767.14,0,0
82,CASH_OUT,25292.88,C265423210,73400.69,48107.81,C280291338,46819.65,72112.53,0,0
5,CASH_OUT,45050.13,C366639741,82142.81,37092.68,C145825747,21633.4,66683.53,0,0
350,TRANSFER,22313.53,C345852804,44950.46,22636.93,C468064378,8715.34,31028.87,0,0
728,PAYMENT,12498.49,C745983447,16948.41,4449.92,M567155981,0.0,0.0,0,0
729,PAYMENT,6746.95,C484533223,15312.13,8565.18,M539084629,0.0,0.0,0,0
406,CASH_OUT,59504.06,C550212984,63567.56,4063.5,C790183178,28561.74,88065.8,0,0
304,CASH_IN,1704.53,C229333085,53374.41,55078.94,C474173812,112428.87,110724.34,0,0
36,CASH_OUT,18675.32,C363594740,21612.61,2937.29,C960147111,29850.83,48526.15,0,0
391,CASH_OUT,106184.68,C123423911,172750.57,66565.89,C729562028,15695.16,121879.84,0,0
145,PAYMENT,3115.34,C337505657,10633.22,7517.88,M157450522,0.0,0.0,0,0
310,PAYMENT,15515.55,C113453737,16571.98,1056.43,M465500415,0.0,0.0,0,0
80,TRANSFER,31007.83,C396899638,137272.56,106264.73,C978350335,85588.78,116596.61,0,0
628,PAYMENT,2663.29,C567113445,9084.19,6420.9,M314636291,0.0,0.0,0,0
472,PAYMENT,3661.96,C364721671,9695.66,6033.7,M573373998,0.0,0.0,0,0
601,CASH_OUT,43844.13,C348402954,72683.98,28839.85,C442807036,332.67,44176.8,0,0
187,PAYMENT,30571.13,C632818906,33377.35,2806.22,M306168292,0.0,0.0,0,0
701,CASH_IN,31460.42,C629693802,28864.97,60325.39,C556079137,131226.46,99766.04,0,0
411,DEBIT,9138.56,C376775589,21738.61,12600.05,C421738517,12966.17,22104.73,0,0
515,PAYMENT,3155.67,C221176834,7168.22,4012.55,M638604573,0.0,0.0,0,0
191,PAYMENT,1864.81,C796770707,24888.99,23024.18,M946049684,0.0,0.0,0,0
591,CASH_OUT,9001.38,C378746102,31102.07,22100.69,C615185395,46095.75,55097.13,0,0
601,CASH_OUT,72695.61,C531541984,148668.97,75973.36,C858872562,5425.85,78121.46,0,0
376,CASH_OUT,5818.28,C403554026,45803.67,39985.39,C998757930,16113.39,21931.67,0,0
268,CASH_OUT,728754.02,C745767221,728754.02,0.0,C400792351,48122.87,776876.89,1,1
537,TRANSFER,59454.97,C409864483,97950.81,38495.84,C276719229,43548.57,103003.54,0,0
187,CASH_OUT,25876.31,C222765066,40765.34,14889.03,C745273992,43489.0,69365.31,0,0
503,PAYMENT,325.6,C807762767,1380.87,1055.27,M450418099,0.0,0.0,0,0
413,CASH_IN,33538.23,C535227227,34989.81,68528.04,C217404607,54601.67,21063.44,0,0
536,PAYMENT,5349.49,C407515473,59549.14,54199.65,M630481754,0.0,0.0,0,0
403,CASH_OUT,21438.52,C805423710,26806.18,5367.66,C212569510,24509.78,45948.3,0,0
519,CASH_OUT,2887.32,C250769252,24185.14,21297.82,C623546919,23389.03,26276.35,0,0
383,TRANSFER,6750.16,C575535998,15423.42,8673.26,C668691716,20934.26,27684.42,0,0
469,PAYMENT,1291.38,C344331105,9452.87,8161.49,M350403412,0.0,0.0,0,0
225,PAYMENT,895.36,C953525647,1020.3,124.94,M924479138,0.0,0.0,0,0
220,PAYMENT,18.32,C901859154,2631.94,2613.62,M335034283,0.0,0.0,0,0
617,CASH_OUT,98593.7,C843925664,196720.03,98126.33,C983005387,95355.46,193949.16,0,0
69,CASH_IN,73298.19,C798035641,73031.02,146329.21,C266006698,114677.66,41379.47,0,0
89,CASH_OUT,44111.6,C739740122,49244.79,5133.19,C506833993,56144.69,100256.29,0,0
654,CASH_IN,4841.17,C819673728,7746.2,12587.37,C532265727,42311.44,37470.27,0,0
323,CASH_OUT,18563.01,C782783921,26583.17,8020.16,C693447599,3944.91,22507.92,0,0
111,PAYMENT,7413.61,C118640512,10498.9,3085.29,M933168124,0.0,0.0,0,0
516,PAYMENT,829.02,C167857994,12892.26,12063.24,M164337809,0.0,0.0,0,0
271,CASH_OUT,21377.63,C297111800,34839.95,13462.32,C261474996,147267.79,168645.42,0,0
641,PAYMENT,4345.1,C571322629,6810.47,2465.37,M890092086,0.0,0.0,0,0
140,PAYMENT,316.91,C404291706,32516.88,32199.97,M886353900,0.0,0.0,0,0
580,CASH_IN,79856.57,C926003180,21411.07,101267.64,C969801039,140350.58,60494.01,0,0
328,PAYMENT,4399.58,C413045579,9013.67,4614.09,M151578953,0.0,0.0,0,0
638,CASH_OUT,12247.35,C530365184,32341.15,20093.8,C992323714,1144.92,13392.27,0,0
215,CASH_OUT,5624.02,C342889587,13697.69,8073.67,C251476825,47397.29,53021.31,0,0
267,PAYMENT,2094.2,C728078865,21320.92,19226.72,M953143120,0.0,0.0,0,0
142,TRANSFER,44231.46,C130882801,91388.46,47157.0,C712957780,40933.79,85165.25,0,0
485,CASH_OUT,133533.87,C939192586,148118.19,14584.32,C931082103,915.96,134449.83,0,0
495,TRANSFER,28789.57,C148104371,40342.6,11553.03,C278651158,5504.04,34293.61,0,0
296,PAYMENT,9893.44,C647556101,21031.81,11138.37,M613068622,0.0,0.0,0,0
206,CASH_OUT,38325.66,C750259595,50625.19,12299.53,C801033533,95278.53,133604.19,0,0
108,CASH_IN,14373.41,C271419442,58.22,14431.63,C268875914,43030.84,28657.43,0,0
14,CASH_IN,30385.95,C550111645,18993.56,49379.51,C518927213,125674.95,95289.0,0,0
413,CASH_IN,102598.19,C400827203,28188.18,130786.37,C442474111,353382.1,250783.91,0,0
53,PAYMENT,520.59,C796057384,23817.19,23296.6,M710548581,0.0,0.0,0,0
142,PAYMENT,446.1,C330439222,12437.98,11991.88,M953591424,0.0,0.0,0,0
434,PAYMENT,11134.38,C777371860,45644.56,34510.18,M331622856,0.0,0.0,0,0
652,CASH_IN,29309.58,C793911122,1711.48,31021.06,C708453167,96640.72,67331.14,0,0
483,TRANSFER,50510.22,C618256568,62940.83,12430.61,C961021167,42052.21,92562.43,0,0
323,CASH_OUT,122694.69,C194923864,143708.9,21014.21,C591759707,9525.04,132219.73,0,0
631,PAYMENT,1657.2,C315312562,22167.98,20510.78,M569245571,0.0,0.0,0,0
521,PAYMENT,10406.34,C492226896,21818.2,11411.86,M827444035,0.0,0.0,0,0
665,CASH_OUT,77012.01,C175461364,84896.5,7884.49,C252849657,67526.76,144538.77,0,0
315,PAYMENT,12843.32,C280338566,32760.37,19917.05,M968587195,0.0,0.0,0,0
297,TRANSFER,83839.77,C881486661,92467.18,8627.41,C793461520,11285.36,95125.13,0,0
124,PAYMENT,2909.84,C631499807,28340.62,25430.78,M797824755,0.0,0.0,0,0
395,CASH_OUT,112831.26,C606777903,114129.57,1298.31,C584980269,73534.74,186366.0,0,0
62,TRANSFER,265685.07,C150230481,311979.08,46294.01,C142688294,47903.34,313588.41,0,0
608,TRANSFER,200062.64,C132423767,294562.7,94500.06,C678936993,36859.96,236922.6,0,0
533,PAYMENT,3866.96,C610028263,21776.01,17909.05,M946804827,0.0,0.0,0,0
348,CASH_OUT,24811.92,C496669406,32468.68,7656.76,C248437666,6553.04,31364.96,0,0
89,CASH_IN,12976.12,C547639061,16660.9,29637.02,C319548971,136874.06,123897.94,0,0
649,CASH_IN,44544.78,C683950959,84159.85,128704.63,C243464746,75081.03,30536.25,0,0
230,CASH_IN,88576.99,C679056456,24760.33,113337.32,C478565824,93380.03,4803.04,0,0
633,PAYMENT,7435.03,C719767813,10009.07,2574.04,M362112011,0.0,0.0,0,0
352,CASH_IN,15134.87,C921674959,23437.24,38572.11,C512023882,73290.57,58155.7,0,0
261,PAYMENT,622.3,C958885913,11089.27,10466.97,M247182920,0.0,0.0,0,0
297,CASH_OUT,164553.11,C309190089,170000.55,5447.44,C875895901,52886.86,217439.97,0,0
647,PAYMENT,7177.4,C141634601,15298.59,8121.19,M631532599,0.0,0.0,0,0
588,TRANSFER,22499.62,C677117272,74336.27,51836.65,C767450165,10007.47,32507.09,0,0
269,PAYMENT,968.51,C750565501,5320.71,4352.2,M546743324,0.0,0.0,0,0
157,TRANSFER,50144.0,C584271304,51114.1,970.1,C699934176,57352.31,107496.31,0,0
730,DEBIT,2817.49,C928006961,3124.4,306.91,C741268184,5714.35,8531.84,0,0
243,PAYMENT,8782.6,C247588064,12132.15,3349.55,M996294032,0.0,0.0,0,0
138,PAYMENT,4200.11,C447081118,4903.69,703.58,M378964843,0.0,0.0,0,0
394,PAYMENT,3609.71,C697946317,45726.52,42116.81,M407206365,0.0,0.0,0,0
101,CASH_IN,5213.89,C342821929,15654.8,20868.69,C629333014,28817.04,23603.15,0,0
438,TRANSFER,81032.14,C808808839,94900.25,13868.11,C849999286,2214.41,83246.55,0,0
236,CASH_OUT,20029.4,C507360780,64164.59,44135.19,C263402615,48678.26,68707.66,0,0
717,CASH_IN,1459.73,C217608338,9221.87,10681.6,C783797608,116882.03,115422.3,0,0
724,PAYMENT,3042.24,C334246906,6720.74,3678.5,M512421090,0.0,0.0,0,0
695,PAYMENT,7022.81,C850331475,21484.4,14461.59,M415396326,0.0,0.0,0,0
353,CASH_IN,105283.52,C671521421,14786.28,120069.8,C619363141,132750.04,27466.52,0,0
668,TRANSFER,19068.76,C504783488,35078.31,16009.55,C104515400,14037.64,33106.4,0,0
26,TRANSFER,19963.11,C605693993,20372.98,409.87,C689396556,8828.17,28791.28,0,0
375,CASH_IN,36466.71,C722098261,35425.93,71892.64,C291705818,128215.69,91748.98,0,0
542,CASH_IN,80284.46,C461956854,32475.03,112759.49,C327278274,418672.4,338387.94,0,0
523,PAYMENT,11155.27,C371575821,34293.71,23138.44,M319102348,0.0,0.0,0,0
202,TRANSFER,2973.19,C445950316,22995.5,20022.31,C374018846,8130.92,11104.11,0,0
279,PAYMENT,1727.39,C407469664,26991.12,25263.73,M503968891,0.0,0.0,0,0
92,CASH_OUT,69036.95,C861791213,75668.83,6631.88,C653527991,26537.71,95574.66,0,0
462,PAYMENT,2165.04,C966825376,13324.29,11159.25,M864282787,0.0,0.0,0,0
455,CASH_OUT,115572.28,C840647923,136119.51,20547.23,C257394327,7987.34,123559.62,0,0
327,PAYMENT,4713.27,C488444076,13736.39,9023.12,M501498811,0.0,0.0,0,0
357,CASH_OUT,47301.33,C746127397,73382.0,26080.67,C985929766,16923.75,64225.08,0,0
298,CASH_OUT,70533.83,C304061340,82306.83,11773.0,C729040324,74417.87,144951.7,0,0
22,PAYMENT,219.34,C548994089,2911.28,2691.94,M986532972,0.0,0.0,0,0
54,CASH_OUT,28047.42,C390031343,69045.68,40998.26,C595707430,58694.28,86741.7,0,0
47,CASH_IN,8058.73,C257921502,33732.93,41791.66,C521020607,187497.86,179439.13,0,0
28,PAYMENT,1701.77,C419993652,12576.99,10875.22,M372324724,0.0,0.0,0,0
444,PAYMENT,7426.01,C446259244,11470.76,4044.75,M460114603,0.0,0.0,0,0
129,PAYMENT,185.09,C877710706,6892.63,6707.54,M871622209,0.0,0.0,0,0
477,PAYMENT,9325.58,C837470572,11251.13,1925.55,M493059003,0.0,0.0,0,0
342,CASH_IN,74506.65,C661410917,108893.38,183400.03,C410084940,154699.85,80193.2,0,0
158,TRANSFER,14500.18,C539876455,73588.74,59088.56,C769698146,518.91,15019.09,0,0
109,CASH_OUT,79258.86,C819512673,79761.8,502.94,C901250748,18402.4,97661.26,0,0
431,CASH_OUT,10196.19,C662500518,20184.65,9988.46,C896147283,9298.02,19494.21,0,0
231,CASH_OUT,10905.08,C899179746,14944.75,4039.67,C101178867,12123.76,23028.84,0,0
715,CASH_OUT,922.48,C139354806,2339.49,1417.01,C287138584,78744.9,79667.38,0,0
221,PAYMENT,7925.49,C901969151,18412.11,10486.62,M388476419,0.0,0.0,0,0
684,CASH_OUT,19647.17,C154364958,25024.46,5377.29,C105169501,16070.89,35718.06,0,0
620,CASH_OUT,37532.31,C848561789,57319.93,19787.62,C977108605,19456.09,56988.4,0,0
551,CASH_OUT,107003.36,C588273258,126115.82,19112.46,C716564630,63676.36,170679.72,0,0
158,CASH_OUT,39510.79,C631815787,40907.58,1396.79,C817089676,28375.01,67885.8,0,0
21,PAYMENT,5263.0,C765008274,32890.81,27627.81,M548138607,0.0,0.0,0,0
341,CASH_IN,46808.58,C863479434,28963.6,75772.18,C261682905,180543.22,133734.64,0,0
470,PAYMENT,12813.4,C724395778,16112.37,3298.97,M579177268,0.0,0.0,0,0
72,CASH_OUT,4053.86,C939077619,70266.07,66212.21,C532340718,24104.11,28157.97,0,0
389,CASH_OUT,300183.0,C148220766,329391.95,29208.95,C128347726,69048.8,369231.8,0,0
37,CASH_OUT,3875.12,C480509393,114632.41,110757.29,C370408559,124952.43,128827.55,0,0
685,PAYMENT,1577.91,C765511723,14228.57,12650.66,M153246776,0.0,0.0,0,0
369,PAYMENT,2791.7,C674544150,5985.82,3194.12,M478597726,0.0,0.0,0,0
353,PAYMENT,174.31,C162143142,17359.88,17185.57,M444859006,0.0,0.0,0,0
42,PAYMENT,8101.7,C913899548,47400.66,39298.96,M504293548,0.0,0.0,0,0
682,CASH_OUT,26257.8,C321330506,63862.43,37604.63,C562523597,4297.63,30555.43,0,0
421,PAYMENT,7837.35,C643968812,8063.81,226.46,M256291993,0.0,0.0,0,0
240,PAYMENT,6566.53,C798372530,24209.62,17643.09,M249747923,0.0,0.0,0,0
637,PAYMENT,614.66,C157581481,11087.3,10472.64,M653108782,0.0,0.0,0,0
699,CASH_OUT,72709.41,C563339549,99645.6,26936.19,C951080579,43367.27,116076.68,0,0
555,CASH_OUT,27595.76,C850267061,31109.58,3513.82,C467073768,11906.55,39502.31,0,0
20,TRANSFER,71612.46,C922095611,83849.36,12236.9,C404555892,21299.12,92911.58,0,0
23,PAYMENT,9493.58,C416863684,21796.38,12302.8,M662075444,0.0,0.0,0,0
339,CASH_IN,18598.92,C988208988,34058.43,52657.35,C254102078,80993.43,62394.51,0,0
409,CASH_OUT,53445.97,C428050173,81946.63,28500.66,C226436436,21422.41,74868.38,0,0
373,TRANSFER,24330.86,C808070422,55949.23,31618.37,C217503844,11843.46,36174.32,0,0
553,CASH_IN,64077.61,C462403729,64625.76,128703.37,C451601527,151521.51,87443.9,0,0
176,PAYMENT,16494.82,C937590536,27010.53,10515.71,M147228693,0.0,0.0,0,0
64,PAYMENT,2891.86,C631521352,7937.19,5045.33,M458825047,0.0,0.0,0,0
398,PAYMENT,11479.47,C106292101,14851.62,3372.15,M277306820,0.0,0.0,0,0
103,CASH_IN,56293.65,C431658409,4117.0,60410.65,C991357292,165471.53,109177.88,0,0
737,CASH_OUT,20431.65,C274181651,41231.12,20799.47,C122537065,669.78,21101.43,0,0
420,PAYMENT,14219.84,C806863255,16447.02,2227.18,M756755871,0.0,0.0,0,0
722,CASH_IN,13846.59,C264568387,120030.61,133877.2,C911016014,46926.71,33080.12,0,0
613,CASH_IN,25440.31,C945498553,51688.18,77128.49,C420073673,103802.58,78362.27,0,0
283,CASH_OUT,9116.11,C973792486,21462.2,12346.09,C519655765,54354.39,63470.5,0,0
369,PAYMENT,2603.28,C714568399,2929.86,326.58,M933034336,0.0,0.0,0,0
82,TRANSFER,38141.03,C844015578,46973.32,8832.29,C757158857,46803.16,84944.19,0,0
661,CASH_IN,134423.26,C297341985,27711.81,162135.07,C181771726,189157.51,54734.25,0,0
646,CASH_IN,2465.1,C562085551,12134.29,14599.39,C751246794,395062.18,392597.08,0,0
488,PAYMENT,3919.25,C186531067,52506.55,48587.3,M614333103,0.0,0.0,0,0
272,CASH_IN,10840.35,C885384319,72250.96,83091.31,C840071651,40153.55,29313.2,0,0
247,PAYMENT,14791.23,C818693699,17973.34,3182.11,M440855825,0.0,0.0,0,0
327,TRANSFER,126528.63,C812994286,141007.8,14479.17,C887760775,6627.04,133155.67,0,0
21,PAYMENT,1387.15,C342297861,16297.29,14910.14,M851545286,0.0,0.0,0,0
729,CASH_OUT,10184.95,C733268088,17491.07,7306.12,C597956234,42661.26,52846.21,0,0
256,TRANSFER,10674.71,C928979594,12173.09,1498.38,C395080996,10312.92,20987.63,0,0
268,PAYMENT,7683.06,C462789869,8918.18,1235.12,M951635866,0.0,0.0,0,0
264,DEBIT,2668.51,C332798674,13871.61,11203.1,C517076048,5991.86,8660.37,0,0
706,CASH_IN,29771.04,C956446438,29631.76,59402.8,C959250435,95288.39,65517.35,0,0
236,PAYMENT,342.33,C227419030,4912.51,4570.18,M384112451,0.0,0.0,0,0
42,PAYMENT,6179.23,C647813129,32683.24,26504.01,M772716851,0.0,0.0,0,0
139,PAYMENT,12737.27,C642342901,25196.42,12459.15,M780504698,0.0,0.0,0,0
652,CASH_OUT,159509.9,C269310449,164221.45,4711.55,C688950185,56846.8,216356.7,0,0
180,CASH_OUT,48252.0,C722976160,49386.47,1134.47,C993592730,11864.43,60116.43,0,0
26,PAYMENT,5202.9,C424188552,8611.82,3408.92,M536664114,0.0,0.0,0,0
618,PAYMENT,5897.16,C446710663,27978.86,22081.7,M644565393,0.0,0.0,0,0
707,PAYMENT,6874.95,C798363852,19613.37,12738.42,M393128536,0.0,0.0,0,0
74,PAYMENT,9061.88,C827786817,13786.3,4724.42,M223752996,0.0,0.0,0,0
303,CASH_IN,50105.29,C350223221,1530.25,51635.54,C487856253,70697.77,20592.48,0,0
374,DEBIT,1336.1,C610546193,19071.08,17734.98,C541732965,13509.03,14845.13,0,0
74,PAYMENT,6164.52,C147333147,10147.46,3982.94,M997581626,0.0,0.0,0,0
154,PAYMENT,659.34,C656435074,8674.07,8014.73,M322949503,0.0,0.0,0,0
201,CASH_OUT,47814.64,C772662811,51153.87,3339.23,C704842130,26733.84,74548.48,0,0
333,PAYMENT,4051.58,C531499095,8023.59,3972.01,M741833125,0.0,0.0,0,0
633,TRANSFER,10832.2,C620229209,35292.88,24460.68,C947360723,94318.92,105151.12,0,0
440,PAYMENT,2566.72,C815886771,7089.18,4522.46,M376638947,0.0,0.0,0,0
480,CASH_OUT,5303.77,C754253259,8499.52,3195.75,C595444438,12886.61,18190.38,0,0
404,DEBIT,1671.51,C642477481,1768.84,97.33,C945742957,9297.5,10969.01,0,0
663,CASH_OUT,31869.39,C758460937,77014.27,45144.88,C513790280,32833.81,64703.2,0,0
373,CASH_IN,1512.03,C126774590,62363.56,63875.59,C343484211,105827.36,104315.33,0,0
473,PAYMENT,408.48,C881052119,12647.06,12238.58,M552275548,0.0,0.0,0,0
554,TRANSFER,17570.11,C452875522,43393.13,25823.02,C871540911,127835.25,145405.36,0,0
596,CASH_OUT,100386.08,C613807276,110311.05,9924.97,C749082467,19577.98,119964.06,0,0
187,PAYMENT,1547.81,C882363336,13802.76,12254.95,M171663206,0.0,0.0,0,0
306,PAYMENT,4898.46,C172107732,7638.89,2740.43,M764091846,0.0,0.0,0,0
684,CASH_OUT,124604.98,C416631225,145780.37,21175.39,C534873887,156857.67,281462.65,0,0
251,CASH_OUT,42118.52,C776998031,55039.08,12920.56,C546113974,14591.95,56710.47,0,0
543,CASH_OUT,76652.96,C349325319,81413.28,4760.32,C483352781,29364.47,106017.43,0,0
236,DEBIT,3890.94,C154415758,7051.43,3160.49,C374152011,14768.05,18658.99,0,0
452,CASH_OUT,115791.22,C681044329,150158.71,34367.49,C765415919,40607.36,156398.58,0,0
70,PAYMENT,8171.89,C830542560,11065.9,2894.01,M193415953,0.0,0.0,0,0
168,CASH_OUT,41245.78,C435288451,67168.62,25922.84,C455135642,14065.9,55311.68,0,0
484,PAYMENT,1337.02,C461941618,2364.67,1027.65,M977448550,0.0,0.0,0,0
583,CASH_IN,50486.72,C472448233,21551.57,72038.29,C195131431,130012.15,79525.43,0,0
588,CASH_OUT,2226.23,C459111742,71854.43,69628.2,C888111971,48948.26,51174.49,0,0
142,PAYMENT,444.34,C237708241,3917.19,3472.85,M107960135,0.0,0.0,0,0
341,PAYMENT,2509.98,C222747819,21200.18,18690.2,M750725777,0.0,0.0,0,0
725,PAYMENT,1910.37,C207226021,4540.11,2629.74,M637912551,0.0,0.0,0,0
572,PAYMENT,323.25,C504718335,1538.73,1215.48,M630494426,0.0,0.0,0,0
518,PAYMENT,7504.5,C724265509,8163.34,658.84,M908648924,0.0,0.0,0,0
379,PAYMENT,543.55,C427594302,5372.98,4829.43,M810075696,0.0,0.0,0,0
452,TRANSFER,16817.84,C956291740,33849.09,17031.25,C539613349,4641.78,21459.62,0,0
325,CASH_IN,22868.93,C132437487,11757.37,34626.3,C596408566,25204.92,2335.99,0,0
636,CASH_IN,63135.9,C119711967,58699.69,121835.59,C400463501,86796.98,23661.08,0,0
629,PAYMENT,6781.7,C162761470,18268.27,11486.57,M699880962,0.0,0.0,0,0
623,PAYMENT,1781.82,C717979807,12499.4,10717.58,M297453577,0.0,0.0,0,0
215,TRANSFER,18880.85,C374086995,26116.84,7235.99,C154802837,89991.74,108872.59,0,0
306,CASH_OUT,37642.05,C560914779,45584.82,7942.77,C652190409,13675.79,51317.84,0,0
562,TRANSFER,99704.21,C293434163,103167.03,3462.82,C885583781,8157.69,107861.9,0,0
62,PAYMENT,14668.96,C385062240,37342.42,22673.46,M252251769,0.0,0.0,0,0
182,CASH_OUT,1334758.54,C414146512,1334758.54,0.0,C784833623,4698.08,1339456.62,1,0
100,PAYMENT,2563.44,C386640300,15176.2,12612.76,M912955055,0.0,0.0,0,0
528,CASH_OUT,19689.1,C507661213,20203.08,513.98,C866786589,55475.83,75164.93,0,0
720,TRANSFER,18388.68,C231988376,21222.45,2833.77,C363198362,46268.56,64657.24,0,0
201,PAYMENT,2321.74,C581336977,3168.28,846.54,M490092856,0.0,0.0,0,0
113,TRANSFER,67581.73,C595329706,80244.4,12662.67,C229452529,2502.8,70084.53,0,0
544,PAYMENT,6956.31,C534866853,15170.22,8213.91,M324976275,0.0,0.0,0,0
24,PAYMENT,14010.49,C245652204,26938.74,12928.25,M792152314,0.0,0.0,0,0
282,CASH_IN,10285.57,C820593507,6390.27,16675.84,C769358928,23876.94,13591.37,0,0
337,CASH_OUT,8559.75,C322361249,38789.08,30229.33,C566321331,14931.31,23491.06,0,0
400,PAYMENT,2727.88,C216466271,11498.42,8770.54,M949127971,0.0,0.0,0,0
385,CASH_OUT,95117.58,C686370679,125592.24,30474.66,C324278058,185329.26,280446.84,0,0
646,PAYMENT,70.83,C748224004,4837.82,4766.99,M112243250,0.0,0.0,0,0
447,CASH_OUT,92162.17,C627724056,103442.55,11280.38,C626536323,20522.19,112684.36,0,0
409,PAYMENT,1820.17,C746799805,5779.12,3958.95,M399160205,0.0,0.0,0,0
307,CASH_OUT,8537.97,C573308561,18084.62,9546.65,C549255917,10207.86,18745.83,0,0
579,CASH_OUT,28264.57,C169809027,28667.24,402.67,C188395704,41553.07,69817.64,0,0
666,PAYMENT,1587.11,C149188549,2553.51,966.4,M106850470,0.0,0.0,0,0
273,TRANSFER,848.89,C660867721,39546.17,38697.28,C551278609,12912.99,13761.88,0,0
167,TRANSFER,176994.32,C325101175,224298.8,47304.48,C450568011,14362.17,191356.49,0,0
308,CASH_OUT,47402.48,C894865914,61852.59,14450.11,C160124040,38617.35,86019.83,0,0
743,PAYMENT,3889.32,C905265628,5031.71,1142.39,M416271374,0.0,0.0,0,0
104,TRANSFER,36960.55,C612613998,85449.64,48489.09,C579536562,18081.57,55042.12,0,0
271,CASH_OUT,21690.32,C332850415,66003.3,44312.98,C805522459,3395.83,25086.15,0,0
446,TRANSFER,2102.99,C643428947,65200.65,63097.66,C892499730,2495.94,4598.93,0,0
429,PAYMENT,188.83,C632653348,6752.67,6563.84,M231193208,0.0,0.0,0,0
572,PAYMENT,3414.92,C731754834,12167.02,8752.1,M724692686,0.0,0.0,0,0
562,CASH_OUT,68866.9,C259712615,89484.6,20617.7,C575044417,17102.83,85969.73,0,0
303,CASH_IN,8431.59,C535062653,1694.13,10125.72,C771279680,147922.49,139490.9,0,0
222,CASH_OUT,47810.57,C307677255,53286.36,5475.79,C945168641,25139.82,72950.39,0,0
350,CASH_OUT,69367.75,C492168647,73230.12,3862.37,C507037863,18601.98,87969.73,0,0
322,CASH_IN,5360.68,C563037801,169469.21,174829.89,C559983417,342005.84,336645.16,0,0
449,PAYMENT,1756.07,C978880422,8468.22,6712.15,M114106818,0.0,0.0,0,0
405,PAYMENT,5323.44,C426421775,6494.68,1171.24,M378175363,0.0,0.0,0,0
202,CASH_OUT,13551.06,C932902519,55435.35,41884.29,C143337977,68484.88,82035.94,0,0
518,DEBIT,978.23,C764971804,3880.83,2902.6,C108834457,6008.75,6986.98,0,0
185,TRANSFER,19200.77,C482179485,84852.18,65651.41,C449568757,15535.25,34736.02,0,0
377,PAYMENT,277.02,C490559292,11553.37,11276.35,M451024315,0.0,0.0,0,0
196,CASH_IN,13572.79,C675260872,5477.8,19050.59,C733229677,25380.56,11807.77,0,0
223,CASH_OUT,9475.95,C770761717,12453.83,2977.88,C652246006,9822.16,19298.11,0,0
100,CASH_IN,34445.44,C738839912,67240.63,101686.07,C161168770,39204.37,4758.93,0,0
112,CASH_OUT,64219.02,C785605316,84907.17,20688.15,C981253544,52130.05,116349.07,0,0
526,PAYMENT,1430.7,C615696342,17434.29,16003.59,M703673969,0.0,0.0,0,0
669,PAYMENT,4800.31,C657423535,16582.33,11782.02,M339423445,0.0,0.0,0,0
691,CASH_OUT,104017.88,C196841421,133119.85,29101.97,C409007247,17987.89,122005.77,0,0
465,CASH_IN,7091.67,C745321935,23260.34,30352.01,C368385318,119735.43,112643.76,0,0
158,PAYMENT,268.47,C831571517,5093.0,4824.53,M891647416,0.0,0.0,0,0
671,CASH_OUT,18832.68,C290966967,70860.22,52027.54,C313294462,23581.52,42414.2,0,0
695,PAYMENT,16974.67,C734230701,21472.7,4498.03,M792072845,0.0,0.0,0,0
391,CASH_IN,39187.61,C371434096,41190.46,80378.07,C752036124,113214.1,74026.49,0,0
162,PAYMENT,10025.05,C150491486,25789.94,15764.89,M641967521,0.0,0.0,0,0
543,PAYMENT,312.58,C526220756,6367.66,6055.08,M292321689,0.0,0.0,0,0
326,CASH_OUT,28975.27,C367530260,99645.09,70669.82,C892394724,7539.32,36514.59,0,0
702,PAYMENT,3384.64,C805368401,9328.36,5943.72,M955671049,0.0,0.0,0,0
267,CASH_OUT,78299.54,C428009266,82181.82,3882.28,C899388950,110316.57,188616.11,0,0
653,CASH_OUT,41179.97,C387883394,75241.39,34061.42,C725859075,47090.77,88270.74,0,0
396,CASH_OUT,5579.24,C407990599,9868.77,4289.53,C364294717,269895.57,275474.81,0,0
50,CASH_OUT,61449.72,C917554638,79168.3,17718.58,C584137523,15305.47,76755.19,0,0
551,PAYMENT,2849.78,C750115058,7419.0,4569.22,M456518765,0.0,0.0,0,0
606,PAYMENT,392.6,C127187067,16732.68,16340.08,M489529466,0.0,0.0,0,0
121,TRANSFER,120449.15,C155054334,168238.91,47789.76,C505867378,6396.16,126845.31,0,0
282,CASH_OUT,32814.72,C887373635,73168.61,40353.89,C498874830,74478.52,107293.24,0,0
521,TRANSFER,29356.55,C536127239,56742.44,27385.89,C374428424,28.92,29385.47,0,0
444,CASH_IN,48080.57,C293951939,37564.2,85644.77,C206123350,55947.25,7866.68,0,0
462,TRANSFER,15193.11,C656608966,28907.77,13714.66,C729849069,20400.01,35593.12,0,0
708,PAYMENT,41.71,C259627252,11234.36,11192.65,M277136903,0.0,0.0,0,0
630,PAYMENT,4546.33,C604008769,29519.46,24973.13,M569284349,0.0,0.0,0,0
331,CASH_OUT,2336.86,C402779911,30502.02,28165.16,C675762102,12428.31,14765.17,0,0
738,DEBIT,1067.83,C727775408,6335.65,5267.82,C963034762,17624.81,18692.64,0,0
62,PAYMENT,2159.23,C159911334,3773.25,1614.02,M367665065,0.0,0.0,0,0
316,PAYMENT,486.49,C138596460,7717.76,7231.27,M611666130,0.0,0.0,0,0
602,CASH_IN,10818.56,C459507984,8516.83,19335.39,C162815056,26886.55,16067.99,0,0
382,CASH_OUT,146677.85,C176920822,154439.84,7761.99,C371530163,6605.88,153283.73,0,0
453,CASH_OUT,2809.63,C758296360,10329.86,7520.23,C456797100,6474.03,9283.66,0,0
674,PAYMENT,3380.23,C362710136,18197.02,14816.79,M272993387,0.0,0.0,0,0
737,PAYMENT,1566.09,C380482417,31442.74,29876.65,M452088341,0.0,0.0,0,0
31,PAYMENT,653.94,C856725634,3155.03,2501.09,M363938754,0.0,0.0,0,0
388,PAYMENT,6467.81,C426538085,18898.35,12430.54,M352241439,0.0,0.0,0,0
206,CASH_IN,18045.36,C376049616,82979.42,101024.78,C259998590,64752.37,46707.01,0,0
334,PAYMENT,4170.99,C569202400,11265.97,7094.98,M748914604,0.0,0.0,0,0
738,PAYMENT,2031.8,C916584543,3183.62,1151.82,M193582835,0.0,0.0,0,0
451,CASH_OUT,45791.37,C538572506,58843.26,13051.89,C950588468,9586.21,55377.58,0,0
22,PAYMENT,267.04,C743187283,4357.66,4090.62,M347678552,0.0,0.0,0,0
583,PAYMENT,110.96,C619001830,684.34,573.38,M987664694,0.0,0.0,0,0
10,PAYMENT,3190.92,C613072956,39282.63,36091.71,M624662151,0.0,0.0,0,0
489,CASH_OUT,60830.81,C994155780,103335.58,42504.77,C344663621,3119.18,63949.99,0,0
157,PAYMENT,5539.45,C282557278,5843.95,304.5,M981949981,0.0,0.0,0,0
30,PAYMENT,4267.68,C479468828,22052.03,17784.35,M713693599,0.0,0.0,0,0
605,CASH_OUT,30902.01,C657925886,31638.69,736.68,C759927836,102022.37,132924.38,0,0
605,PAYMENT,132.76,C715278507,5802.66,5669.9,M860997025,0.0,0.0,0,0
175,CASH_IN,20826.23,C164609985,102989.99,123816.22,C227610035,65455.73,44629.5,0,0
168,CASH_IN,274.39,C807186512,2186.27,2460.66,C796955412,17062.26,16787.87,0,0
94,CASH_OUT,58974.26,C494978398,97067.97,38093.71,C711864247,5575.69,64549.95,0,0
74,TRANSFER,341163.11,C902201753,341163.11,0.0,C849298001,0.0,0.0,1,0
193,PAYMENT,575.19,C912735542,17785.06,17209.87,M248925395,0.0,0.0,0,0
31,TRANSFER,53332.94,C495046746,53801.58,468.64,C756216322,63604.33,116937.27,0,0
79,CASH_IN,102750.63,C230856779,50706.98,153457.61,C469479498,284742.41,181991.78,0,0
722,DEBIT,3627.24,C801640432,12799.05,9171.81,C494968119,16917.35,20544.59,0,0
549,PAYMENT,415.81,C691320004,13834.55,13418.74,M606318326,0.0,0.0,0,0
403,PAYMENT,1031.27,C407644172,1342.2,310.93,M638335483,0.0,0.0,0,0
645,PAYMENT,9584.56,C436079869,60459.78,50875.22,M838104424,0.0,0.0,0,0
442,CASH_OUT,27110.82,C431716098,30974.16,3863.34,C481682574,17238.58,44349.4,0,0
67,PAYMENT,4784.14,C615846358,9764.29,4980.15,M170947231,0.0,0.0,0,0
274,PAYMENT,3315.86,C331797678,11059.54,7743.68,M827622934,0.0,0.0,0,0
623,CASH_OUT,36972.86,C948429152,85991.28,49018.42,C760424619,19186.96,56159.82,0,0
643,CASH_OUT,3974.59,C683785011,19333.24,15358.65,C741447013,61999.14,65973.73,0,0
505,PAYMENT,6548.3,C881851488,18373.91,11825.61,M997902744,0.0,0.0,0,0
535,CASH_IN,99008.89,C990823165,272473.23,371482.12,C800466689,162770.21,63761.32,0,0
99,DEBIT,13559.96,C183137341,22435.66,8875.7,C440452714,9340.65,22900.61,0,0
182,CASH_IN,86459.05,C129925446,2164.13,88623.18,C699851563,100778.97,14319.92,0,0
733,CASH_OUT,47287.17,C198129601,85259.02,37971.85,C262739620,16061.52,63348.69,0,0
230,PAYMENT,8113.59,C763590231,10903.2,2789.61,M318535282,0.0,0.0,0,0
602,CASH_OUT,40215.27,C349561925,40249.4,34.13,C225398842,40464.28,80679.55,0,0
544,CASH_IN,97240.83,C796845013,22661.22,119902.05,C740599056,150685.93,53445.1,0,0
149,PAYMENT,13438.44,C862025137,16806.05,3367.61,M870597799,0.0,0.0,0,0
382,CASH_OUT,157059.18,C759372869,214486.75,57427.57,C514865286,115369.61,272428.79,0,0
226,PAYMENT,3578.93,C650685601,38403.84,34824.91,M527445492,0.0,0.0,0,0
386,PAYMENT,14317.71,C937868671,18120.87,3803.16,M513847029,0.0,0.0,0,0
450,PAYMENT,4865.08,C190203618,5823.27,958.19,M899686578,0.0,0.0,0,0
274,CASH_OUT,1186047.94,C326444288,1186047.94,0.0,C130764575,39861.18,1225909.12,1,1
475,CASH_OUT,156336.54,C441456067,161601.62,5265.08,C628817362,26592.88,182929.42,0,0
53,CASH_IN,49938.47,C402346786,8166.47,58104.94,C414559856,206996.85,157058.38,0,0
741,CASH_OUT,176936.47,C712620474,218984.53,42048.06,C899007419,45220.69,222157.16,0,0
728,PAYMENT,89.5,C966434871,17461.36,17371.86,M983171888,0.0,0.0,0,0
608,CASH_OUT,38651.19,C375717516,64024.19,25373.0,C222331219,9699.71,48350.9,0,0
257,PAYMENT,5754.01,C508893045,20301.01,14547.0,M474496593,0.0,0.0,0,0
249,CASH_IN,55402.8,C913897340,59423.11,114825.91,C499907379,103375.13,47972.33,0,0
160,TRANSFER,50834.37,C113890646,52389.91,1555.54,C568142480,45719.77,96554.14,0,0
43,PAYMENT,1306.96,C452187938,21149.55,19842.59,M306535182,0.0,0.0,0,0
445,CASH_IN,96194.06,C653855587,30790.4,126984.46,C204914161,182681.4,86487.34,0,0
505,CASH_OUT,12000.95,C653298293,60266.77,48265.82,C400782304,91993.61,103994.56,0,0
630,CASH_OUT,1922.91,C302089704,5893.63,3970.72,C862177722,93643.88,95566.79,0,0
368,PAYMENT,8889.41,C443492732,15570.88,6681.47,M713909815,0.0,0.0,0,0
537,TRANSFER,5302.34,C716873320,23728.57,18426.23,C738256221,12909.17,18211.51,0,0
12,CASH_OUT,2929.94,C515831919,7383.37,4453.43,C936887844,36931.84,39861.78,0,0
517,PAYMENT,2695.51,C420847812,3948.47,1252.96,M333621965,0.0,0.0,0,0
71,PAYMENT,2600.13,C768638924,5219.24,2619.11,M985479612,0.0,0.0,0,0
689,PAYMENT,1120.25,C752128322,38582.04,37461.79,M635011284,0.0,0.0,0,0
283,PAYMENT,640.2,C315530122,13787.32,13147.12,M446803812,0.0,0.0,0,0
266,CASH_OUT,8282.26,C660843512,15258.17,6975.91,C236838348,58377.75,66660.01,0,0
571,PAYMENT,2520.72,C419253511,11264.51,8743.79,M988124576,0.0,0.0,0,0
185,CASH_OUT,9687.55,C493421134,47623.87,37936.32,C627108601,68436.75,78124.3,0,0
567,CASH_OUT,15667.75,C516360322,19095.59,3427.84,C683838345,26238.54,41906.29,0,0
426,PAYMENT,1443.51,C213552775,3058.89,1615.38,M860501578,0.0,0.0,0,0
494,TRANSFER,156885.43,C996966742,189562.92,32677.49,C325840353,13519.9,170405.33,0,0
657,CASH_IN,33360.77,C975720461,90066.45,123427.22,C229294745,48386.49,15025.72,0,0
162,TRANSFER,508667.27,C179218719,508667.27,0.0,C413173163,0.0,0.0,1,1
623,TRANSFER,28564.59,C363353025,35870.19,7305.6,C209377147,39978.64,68543.23,0,0
83,DEBIT,1613.62,C967298737,4755.53,3141.91,C943684208,28089.08,29702.7,0,0
434,CASH_OUT,156497.03,C688848067,156497.03,0.0,C647016937,43857.28,200354.31,1,0
275,TRANSFER,194908.12,C592792928,194908.12,0.0,C710513947,0.0,194908.12,1,0
658,TRANSFER,53536.88,C802449274,127957.7,74420.82,C547869567,3413.42,56950.3,0,0
710,CASH_IN,52527.2,C159584362,110150.54,162677.74,C902499747,64128.56,11601.36,0,0
174,CASH_IN,12718.7,C873335483,20445.41,33164.11,C529477564,28658.4,15939.7,0,0
265,CASH_IN,16651.01,C953046257,23894.14,40545.15,C610402691,207018.55,190367.54,0,0
700,PAYMENT,1421.77,C396812203,8296.21,6874.44,M715194591,0.0,0.0,0,0
369,CASH_IN,10419.16,C464800685,145887.26,156306.42,C132407175,21506.61,11087.45,0,0
423,CASH_IN,18989.54,C707767496,36284.15,55273.69,C348202748,65247.41,46257.87,0,0
435,PAYMENT,13813.04,C234854084,18206.58,4393.54,M795606823,0.0,0.0,0,0
44,CASH_IN,79983.97,C797264442,18781.9,98765.87,C730763927,99275.29,19291.32,0,0
647,CASH_OUT,66687.05,C532544209,74903.22,8216.17,C280526590,33471.56,100158.61,0,0
535,CASH_OUT,116924.7,C999767826,160240.55,43315.85,C381504179,57020.78,173945.48,0,0
210,TRANSFER,638192.42,C367763480,638192.42,0.0,C420283843,0.0,0.0,1,0
82,PAYMENT,213.97,C607926845,10369.59,10155.62,M845367916,0.0,0.0,0,0
205,CASH_OUT,39400.92,C855684342,92441.11,53040.19,C268487489,38483.81,77884.73,0,0
2,CASH_IN,4867.01,C905998508,931.22,5798.23,C887057312,63944.92,59077.91,0,0
300,TRANSFER,13020.33,C731364611,41585.98,28565.65,C669459322,86021.04,99041.37,0,0
415,PAYMENT,1202.1,C878177621,4677.06,3474.96,M960656237,0.0,0.0,0,0
537,PAYMENT,5196.97,C221370229,6624.25,1427.28,M106080229,0.0,0.0,0,0
211,PAYMENT,18834.34,C116227170,31885.3,13050.96,M890161978,0.0,0.0,0,0
81,TRANSFER,31904.84,C654829910,41975.58,10070.74,C308791303,82041.17,113946.01,0,0
623,CASH_OUT,4371.98,C723694281,59122.23,54750.25,C559945904,25786.65,30158.63,0,0
647,PAYMENT,27531.99,C947151901,27737.21,205.22,M265306444,0.0,0.0,0,0
470,PAYMENT,3737.66,C277532169,12310.83,8573.17,M456977625,0.0,0.0,0,0
584,CASH_OUT,24719.66,C988669917,36837.51,12117.85,C137911893,60843.94,85563.6,0,0
110,PAYMENT,3494.31,C711706313,7950.56,4456.25,M725953595,0.0,0.0,0,0
143,PAYMENT,1551.63,C405027773,12116.33,10564.7,M594488964,0.0,0.0,0,0
593,PAYMENT,6585.73,C797947066,15000.42,8414.69,M451648040,0.0,0.0,0,0
326,TRANSFER,56074.21,C899725486,66769.73,10695.52,C602352417,16575.54,72649.75,0,0
665,CASH_OUT,377289.48,C601890367,377289.48,0.0,C207688539,228.46,377517.94,1,0
668,CASH_OUT,25728.63,C951610889,45302.39,19573.76,C938176022,15185.04,40913.67,0,0
428,CASH_IN,55576.84,C653765321,64846.02,120422.86,C529241899,66521.11,10944.27,0,0
340,CASH_OUT,284363.49,C855608817,314712.17,30348.68,C999728604,43910.91,328274.4,0,0
165,PAYMENT,2099.01,C733279729,17221.05,15122.04,M557335683,0.0,0.0,0,0
433,DEBIT,755.37,C929402041,21032.83,20277.46,C611886498,18872.19,19627.56,0,0
499,CASH_OUT,36065.03,C709696985,69236.26,33171.23,C553244798,32265.65,68330.68,0,0
132,CASH_OUT,2033.62,C599935565,27819.93,25786.31,C948990239,41440.95,43474.57,0,0
210,PAYMENT,3901.17,C545145875,9002.28,5101.11,M915646304,0.0,0.0,0,0
318,TRANSFER,825098.57,C342348702,825098.57,0.0,C574390574,0.0,0.0,1,0
105,PAYMENT,4860.14,C627714597,14526.79,9666.65,M348576879,0.0,0.0,0,0
82,PAYMENT,2182.28,C698430511,15663.96,13481.68,M704100741,0.0,0.0,0,0
517,CASH_OUT,8773.39,C282444915,18467.29,9693.9,C295689647,9900.82,18674.21,0,0
116,PAYMENT,4603.43,C952760246,5788.48,1185.05,M823983714,0.0,0.0,0,0
521,PAYMENT,25632.91,C869529605,26381.59,748.68,M752280115,0.0,0.0,0,0
626,PAYMENT,7942.31,C890526421,28348.31,20406.0,M830331486,0.0,0.0,0,0
29,TRANSFER,59529.88,C693283578,102497.68,42967.8,C886574867,99389.83,158919.71,0,0
143,PAYMENT,1142.99,C981661390,10327.48,9184.49,M633528058,0.0,0.0,0,0
503,CASH_IN,46481.33,C692159299,3012.95,49494.28,C778799249,79020.68,32539.35,0,0
620,PAYMENT,1448.79,C256196718,6845.31,5396.52,M817595416,0.0,0.0,0,0
574,TRANSFER,77584.72,C527955735,93348.99,15764.27,C138725691,80707.85,158292.57,0,0
167,TRANSFER,2041.6,C290308612,73374.01,71332.41,C634484585,61993.41,64035.01,0,0
186,CASH_IN,63960.62,C280798173,9390.62,73351.24,C826164208,120222.53,56261.91,0,0
573,PAYMENT,4899.28,C369972696,12052.16,7152.88,M276777756,0.0,0.0,0,0
280,PAYMENT,1177.65,C202563907,10526.48,9348.83,M902498183,0.0,0.0,0,0
167,CASH_OUT,16668.68,C468728989,39417.12,22748.44,C890175445,128065.14,144733.82,0,0
577,PAYMENT,2194.82,C150736882,59413.47,57218.65,M200168660,0.0,0.0,0,0
435,PAYMENT,6637.05,C570900854,32339.78,25702.73,M547552558,0.0,0.0,0,0
31,PAYMENT,505.1,C408411060,9248.66,8743.56,M542156705,0.0,0.0,0,0
610,DEBIT,2152.99,C418390609,9893.26,7740.27,C668004853,13322.58,15475.57,0,0
124,PAYMENT,5688.57,C488358211,6386.52,697.95,M678703834,0.0,0.0,0,0
74,PAYMENT,8796.24,C620863179,13260.95,4464.71,M651304616,0.0,0.0,0,0
239,PAYMENT,3725.05,C952527138,4620.24,895.19,M689980425,0.0,0.0,0,0
116,CASH_OUT,76419.12,C655086387,104874.69,28455.57,C996104813,64036.03,140455.15,0,0
74,PAYMENT,5319.18,C270543153,7300.11,1980.93,M247160073,0.0,0.0,0,0
627,CASH_OUT,80225.41,C725832029,95894.63,15669.22,C512858672,85581.61,165807.02,0,0
556,CASH_OUT,9400.79,C738606783,20481.05,11080.26,C434119046,129276.89,138677.68,0,0
603,CASH_OUT,54811.0,C907562256,99914.68,45103.68,C931720707,46250.35,101061.35,0,0
127,CASH_IN,42061.58,C920532710,11135.18,53196.76,C780961620,94587.85,52526.27,0,0
477,PAYMENT,5774.35,C254335833,6449.08,674.73,M579504212,0.0,0.0,0,0
8,CASH_OUT,62278.53,C856662674,72841.72,10563.19,C478162079,438.09,62716.62,0,0
351,CASH_OUT,137183.43,C578529084,226302.47,89119.04,C123520227,30859.27,168042.7,0,0
300,PAYMENT,8751.39,C200010205,10527.04,1775.65,M617874597,0.0,0.0,0,0
515,CASH_OUT,6671.94,C787462977,6878.22,206.28,C842646265,51198.12,57870.06,0,0
262,CASH_OUT,110118.68,C492467581,124424.1,14305.42,C409306971,51653.64,161772.32,0,0
450,CASH_OUT,26947.84,C491282945,39586.81,12638.97,C269621956,39436.79,66384.63,0,0
742,CASH_OUT,11547.29,C424907758,13717.14,2169.85,C603008398,14991.8,26539.09,0,0
100,CASH_IN,18628.02,C588007100,11715.84,30343.86,C237516499,108166.28,89538.26,0,0
74,CASH_OUT,396.83,C780446922,3272.6,2875.77,C621967764,5103.03,5499.86,0,0
702,PAYMENT,830.65,C393424528,13056.68,12226.03,M412474123,0.0,0.0,0,0
616,PAYMENT,1361.78,C140928648,26892.28,25530.5,M855428759,0.0,0.0,0,0
146,PAYMENT,12953.5,C719533463,31776.36,18822.86,M973342742,0.0,0.0,0,0
261,TRANSFER,67468.68,C191981195,68367.15,898.47,C305133157,6334.49,73803.17,0,0
226,CASH_OUT,12127.74,C785514034,58857.62,46729.88,C124435992,15981.81,28109.55,0,0
628,PAYMENT,241.78,C116535492,27059.97,26818.19,M686666900,0.0,0.0,0,0
257,PAYMENT,1703.89,C812693754,9474.92,7771.03,M820617781,0.0,0.0,0,0
379,CASH_IN,38404.95,C728025269,15527.21,53932.16,C893595097,57048.87,18643.92,0,0
395,CASH_OUT,2489.31,C129564878,66436.95,63947.64,C871521436,2983.57,5472.88,0,0
244,CASH_OUT,20376.24,C995813192,31661.65,11285.41,C468480054,68833.31,89209.55,0,0
111,CASH_IN,36192.58,C571207263,35677.53,71870.11,C407261345,36454.34,261.76,0,0
657,CASH_OUT,35817.28,C622865381,57378.45,21561.17,C264767880,33146.13,68963.41,0,0
218,CASH_OUT,1208728.01,C179980946,1208728.01,0.0,C633282013,43565.42,1252293.43,1,0
673,PAYMENT,1537.29,C307539281,5636.53,4099.24,M838803976,0.0,0.0,0,0
484,PAYMENT,4191.25,C527951149,14809.28,10618.03,M119453370,0.0,0.0,0,0
424,PAYMENT,7092.71,C761071100,13001.0,5908.29,M134120095,0.0,0.0,0,0
691,CASH_OUT,41530.92,C113725338,51927.32,10396.4,C966530080,16961.91,58492.83,0,0
323,PAYMENT,13940.37,C786354343,14066.65,126.28,M985876484,0.0,0.0,0,0
72,CASH_OUT,110790.96,C732405254,185797.58,75006.62,C402311233,48187.54,158978.5,0,0
487,DEBIT,2205.54,C108847374,23727.96,21522.42,C499583221,8199.5,10405.04,0,0
172,CASH_OUT,40272.77,C535479140,60824.69,20551.92,C856202170,21421.82,61694.59,0,0
549,PAYMENT,11848.09,C443668981,13039.07,1190.98,M958257690,0.0,0.0,0,0
408,CASH_OUT,87980.07,C532518895,103544.04,15563.97,C439045901,10459.95,98440.02,0,0
727,TRANSFER,21584.01,C934224071,36135.78,14551.77,C213922768,40227.2,61811.21,0,0
568,CASH_IN,73216.92,C624234911,20716.21,93933.13,C912136257,107181.15,33964.23,0,0
89,CASH_OUT,92457.64,C204691914,94814.13,2356.49,C906493105,63323.95,155781.59,0,0
270,PAYMENT,4480.04,C876400873,5419.84,939.8,M569485368,0.0,0.0,0,0
540,CASH_OUT,13629.84,C159395257,91505.28,77875.44,C676424130,20381.03,34010.87,0,0
528,PAYMENT,4044.88,C392559877,13491.88,9447.0,M463741217,0.0,0.0,0,0
717,CASH_OUT,506.05,C993850722,2471.57,1965.52,C436701891,37591.46,38097.51,0,0
532,PAYMENT,172.52,C764560539,6025.18,5852.66,M541590600,0.0,0.0,0,0
402,PAYMENT,7914.94,C418969193,16038.83,8123.89,M358106801,0.0,0.0,0,0
609,CASH_OUT,61909.87,C992191541,161351.66,99441.79,C826395076,11313.45,73223.32,0,0
77,PAYMENT,6036.92,C324139843,8979.43,2942.51,M716105009,0.0,0.0,0,0
308,PAYMENT,4707.48,C362202308,25506.61,20799.13,M349933747,0.0,0.0,0,0
514,CASH_OUT,34750.35,C254394957,44793.68,10043.33,C918377798,32569.76,67320.11,0,0
518,CASH_OUT,207933.35,C948457397,220118.89,12185.54,C279801078,4771.65,212705.0,0,0
480,CASH_OUT,111341.99,C219871700,136981.84,25639.85,C249835365,4512.7,115854.69,0,0
89,CASH_IN,36160.56,C875858942,27810.8,63971.36,C962672889,60623.12,24462.56,0,0
105,CASH_OUT,11909.46,C483139235,25857.85,13948.39,C731838068,808.59,12718.05,0,0
270,CASH_OUT,418.23,C392558351,15067.1,14648.87,C151525360,14858.75,15276.98,0,0
705,CASH_IN,38434.09,C884322156,24681.59,63115.68,C703609443,169412.47,130978.38,0,0
202,TRANSFER,539.54,C170240576,47294.84,46755.3,C342405839,9012.39,9551.93,0,0
125,PAYMENT,8612.89,C735557578,11251.83,2638.94,M244894892,0.0,0.0,0,0
169,CASH_IN,46953.58,C869223760,119781.5,166735.08,C827814941,57528.39,10574.81,0,0
143,CASH_OUT,212581.33,C725821171,217394.65,4813.32,C820936821,36440.68,249022.01,0,0
172,CASH_OUT,13840.38,C452276593,18364.68,4524.3,C710821217,49503.02,63343.4,0,0
595,PAYMENT,6467.38,C419809971,25627.37,19159.99,M249430453,0.0,0.0,0,0
443,PAYMENT,2487.94,C455673123,6009.09,3521.15,M595102921,0.0,0.0,0,0
196,PAYMENT,2384.06,C163244609,37571.93,35187.87,M672393891,0.0,0.0,0,0
231,TRANSFER,35861.6,C156635306,59119.54,23257.94,C416836764,16722.11,52583.71,0,0
479,CASH_IN,49145.25,C215485480,73437.84,122583.09,C227559391,93647.95,44502.7,0,0
428,PAYMENT,19849.4,C404402623,25295.25,5445.85,M223118681,0.0,0.0,0,0
598,PAYMENT,1400.93,C790325673,29332.37,27931.44,M946976145,0.0,0.0,0,0
83,TRANSFER,3172.03,C157745658,51772.54,48600.51,C230127139,24572.33,27744.36,0,0
743,CASH_OUT,20055.46,C397713621,34017.85,13962.39,C851834610,13307.95,33363.41,0,0
464,CASH_OUT,51904.98,C216510259,82015.37,30110.39,C116010063,87272.7,139177.68,0,0
93,CASH_IN,20120.62,C826941463,3583.01,23703.63,C843516517,45778.74,25658.12,0,0
96,CASH_OUT,25844.68,C791913429,49553.27,23708.59,C116758115,20710.93,46555.61,0,0
149,PAYMENT,2086.69,C684620873,3675.14,1588.45,M766235734,0.0,0.0,0,0
657,TRANSFER,11297.83,C662509753,14547.89,3250.06,C188699048,1247.16,12544.99,0,0
483,CASH_OUT,6531.04,C558458042,11258.69,4727.65,C684816949,140654.72,147185.76,0,0
35,PAYMENT,1863.58,C313790175,5608.51,3744.93,M284830411,0.0,0.0,0,0
247,CASH_IN,59377.65,C883811654,6215.52,65593.17,C871084199,104128.62,44750.97,0,0
711,CASH_OUT,77446.05,C287182568,90686.37,13240.32,C179283929,121317.27,198763.32,0,0
280,CASH_OUT,1389.79,C549839874,15304.08,13914.29,C702494394,37074.72,38464.51,0,0
567,PAYMENT,3888.03,C659565667,4425.26,537.23,M211074034,0.0,0.0,0,0
17,PAYMENT,1562.71,C321776601,4917.01,3354.3,M655418339,0.0,0.0,0,0
491,CASH_OUT,42574.51,C457016984,83475.71,40901.2,C345999525,904.39,43478.9,0,0
162,PAYMENT,1624.28,C398234285,5942.92,4318.64,M421996389,0.0,0.0,0,0
419,TRANSFER,23242.68,C160078107,51025.63,27782.95,C200660619,17211.87,40454.55,0,0
464,PAYMENT,4672.22,C516406181,10677.83,6005.61,M118173383,0.0,0.0,0,0
332,PAYMENT,1889.14,C164212412,14998.11,13108.97,M446247653,0.0,0.0,0,0
38,PAYMENT,5922.69,C385067761,13076.33,7153.64,M591529552,0.0,0.0,0,0
398,DEBIT,2354.52,C861465479,8492.11,6137.59,C188863233,16666.82,19021.34,0,0
673,PAYMENT,2938.32,C729453171,13087.88,10149.56,M517575647,0.0,0.0,0,0
331,CASH_OUT,38684.92,C679904266,58278.79,19593.87,C843915082,24344.31,63029.23,0,0
199,CASH_OUT,1650.02,C227623160,2035.86,385.84,C402088593,111827.22,113477.24,0,0
450,CASH_OUT,33943.84,C610747103,40651.26,6707.42,C429086094,59160.93,93104.77,0,0
61,PAYMENT,575.4,C946594822,29233.18,28657.78,M423625075,0.0,0.0,0,0
115,PAYMENT,3845.49,C762168667,9590.96,5745.47,M982652505,0.0,0.0,0,0
733,TRANSFER,169814.58,C585234006,234027.68,64213.1,C544975200,94093.95,263908.53,0,0
275,TRANSFER,379013.09,C828805474,379013.09,0.0,C897352590,0.0,0.0,1,0
371,CASH_OUT,26099.01,C900982746,31385.81,5286.8,C656129132,1235.94,27334.95,0,0
646,CASH_OUT,22557.59,C455361005,73046.65,50489.06,C708340959,27396.81,49954.4,0,0
490,PAYMENT,2103.01,C545933943,3540.98,1437.97,M483424742,0.0,0.0,0,0
727,CASH_IN,14677.88,C952664065,4691.07,19368.95,C569686809,30539.13,15861.25,0,0
742,PAYMENT,2530.35,C355594281,3924.84,1394.49,M709264858,0.0,0.0,0,0
215,CASH_OUT,21523.86,C621180275,21523.86,0.0,C142311823,7849.35,29373.21,1,0
62,PAYMENT,6289.65,C230474144,7246.22,956.57,M938409241,0.0,0.0,0,0
56,CASH_IN,76453.01,C405976526,74550.71,151003.72,C920152424,94822.85,18369.84,0,0
367,CASH_OUT,13806.58,C662196818,15125.76,1319.18,C981709734,2265.74,16072.32,0,0
43,PAYMENT,1913.42,C731909221,5870.49,3957.07,M388447379,0.0,0.0,0,0
548,PAYMENT,2773.55,C951450243,6967.69,4194.14,M270791482,0.0,0.0,0,0
715,CASH_OUT,16303.89,C324135047,56268.88,39964.99,C472128920,135.15,16439.04,0,0
735,PAYMENT,4610.15,C275880760,19541.33,14931.18,M436037761,0.0,0.0,0,0
40,TRANSFER,58595.11,C746194198,119205.23,60610.12,C616300027,12503.55,71098.66,0,0
13,PAYMENT,3246.75,C179844652,5587.28,2340.53,M896640089,0.0,0.0,0,0
155,CASH_OUT,7922.4,C850143767,15631.1,7708.7,C839468766,16898.72,24821.12,0,0
584,PAYMENT,2462.34,C695708073,8009.45,5547.11,M705057182,0.0,0.0,0,0
297,CASH_OUT,42328.76,C478327532,55572.05,13243.29,C257483345,31938.44,74267.2,0,0
584,CASH_IN,30136.67,C505118880,17214.49,47351.16,C951491386,246012.04,215875.37,0,0
737,CASH_OUT,155641.84,C451231726,163162.22,7520.38,C505774938,93097.06,248738.9,0,0
494,CASH_OUT,12652.91,C909696291,45110.59,32457.68,C876280887,89577.67,102230.58,0,0
499,CASH_OUT,76963.73,C517341515,99026.37,22062.64,C934182020,217.24,77180.97,0,0
89,TRANSFER,125977.5,C617173998,173817.13,47839.63,C937973029,17507.61,143485.11,0,0
460,CASH_IN,82650.75,C325570748,35778.86,118429.61,C511950894,86251.26,3600.51,0,0
202,PAYMENT,10133.05,C629002751,14014.67,3881.62,M720355782,0.0,0.0,0,0
282,PAYMENT,13136.07,C464443047,28183.67,15047.6,M162318445,0.0,0.0,0,0
652,TRANSFER,49756.29,C627464880,64192.87,14436.58,C871701973,72718.63,122474.92,0,0
197,DEBIT,2381.18,C815829437,8802.92,6421.74,C924667938,38243.91,40625.09,0,0
84,CASH_OUT,1932.63,C583190184,15538.13,13605.5,C973011183,7781.05,9713.68,0,0
602,PAYMENT,1541.67,C384387639,19235.09,17693.42,M669484819,0.0,0.0,0,0
126,CASH_IN,60860.45,C510327258,76533.82,137394.27,C350829044,139907.59,79047.14,0,0
518,TRANSFER,27698.69,C338732535,42852.87,15154.18,C669700068,83623.45,111322.14,0,0
154,PAYMENT,3835.7,C393433333,3888.43,52.73,M895035940,0.0,0.0,0,0
76,CASH_OUT,19043.62,C830579272,62937.7,43894.08,C286164639,32880.9,51924.52,0,0
684,CASH_OUT,108685.95,C719605296,108842.01,156.06,C677292606,90267.56,198953.51,0,0
235,CASH_IN,25641.69,C191127759,52005.28,77646.97,C132907709,165961.54,140319.85,0,0
443,CASH_IN,82024.37,C757168648,1481.61,83505.98,C462557287,127679.01,45654.64,0,0
292,CASH_IN,86835.98,C975528112,24568.4,111404.38,C866549150,155099.78,68263.8,0,0
452,PAYMENT,2806.23,C283820830,6044.48,3238.25,M501124180,0.0,0.0,0,0
29,PAYMENT,8965.45,C322914041,25178.56,16213.11,M644832152,0.0,0.0,0,0
327,TRANSFER,66917.03,C872839822,69643.06,2726.03,C859724442,13964.41,80881.44,0,0
232,CASH_IN,41443.61,C855917700,9744.26,51187.87,C794891083,90773.69,49330.08,0,0
299,CASH_OUT,73825.31,C337143995,81979.05,8153.74,C290408608,63274.12,137099.43,0,0
272,PAYMENT,3849.81,C218607277,5104.11,1254.3,M108130478,0.0,0.0,0,0
93,PAYMENT,3844.05,C974009698,56974.74,53130.69,M954048959,0.0,0.0,0,0
361,CASH_OUT,23249.53,C544451239,31724.25,8474.72,C326878049,10504.62,33754.15,0,0
499,CASH_IN,8131.2,C663492241,4100.31,12231.51,C668106479,179616.42,171485.22,0,0
333,PAYMENT,3840.51,C492078056,14335.0,10494.49,M994287278,0.0,0.0,0,0
164,CASH_OUT,81784.72,C337173286,133958.59,52173.87,C336903230,3548.66,85333.38,0,0
561,PAYMENT,13679.21,C822914238,15976.54,2297.33,M366273978,0.0,0.0,0,0
576,CASH_OUT,5550.72,C722334793,12693.23,7142.51,C857410535,284187.14,289737.86,0,0
399,PAYMENT,2253.57,C882443551,4741.6,2488.03,M238735668,0.0,0.0,0,0
474,CASH_IN,12800.67,C190129801,29811.05,42611.72,C415465303,26035.71,13235.04,0,0
648,TRANSFER,44688.72,C593439707,149585.07,104896.35,C651180061,68939.0,113627.72,0,0
304,PAYMENT,2034.54,C711142010,5875.43,3840.89,M167911393,0.0,0.0,0,0
185,CASH_OUT,97199.54,C287912115,102162.58,4963.04,C190384575,69016.95,166216.49,0,0
502,CASH_OUT,20839.24,C877495501,23027.8,2188.56,C298929752,22485.33,43324.57,0,0
28,TRANSFER,986953.34,C662350172,986953.34,0.0,C551243224,0.0,986953.34,1,1
16,CASH_OUT,26274.75,C938805983,59082.16,32807.41,C463794202,37862.7,64137.45,0,0
209,TRANSFER,1316673.04,C233173308,1316673.04,0.0,C967692654,0.0,1316673.04,1,0
45,PAYMENT,3590.78,C235742992,9924.0,6333.22,M330492835,0.0,0.0,0,0
202,CASH_OUT,211715.57,C492833936,214225.79,2510.22,C145739106,46187.1,257902.67,0,0
503,PAYMENT,945.12,C577062908,5815.55,4870.43,M560083063,0.0,0.0,0,0
175,CASH_OUT,48809.08,C999544447,54820.75,6011.67,C626419170,34866.89,83675.97,0,0
81,CASH_OUT,118045.9,C593682385,127447.48,9401.58,C314958452,29874.73,147920.63,0,0
379,PAYMENT,12925.95,C942906112,25040.57,12114.62,M531492818,0.0,0.0,0,0
267,PAYMENT,5886.81,C457539528,19869.95,13983.14,M406909622,0.0,0.0,0,0
33,CASH_OUT,108485.6,C346420861,111416.24,2930.64,C519554689,5305.11,113790.71,0,0
201,CASH_OUT,8006.84,C627503241,23700.64,15693.8,C235010228,19514.84,27521.68,0,0
319,PAYMENT,267.22,C490365159,5319.12,5051.9,M978150874,0.0,0.0,0,0
213,PAYMENT,114.06,C531949797,533.34,419.28,M987921376,0.0,0.0,0,0
476,CASH_IN,129883.51,C769641445,1268.24,131151.75,C615428478,197556.52,67673.01,0,0
568,CASH_IN,1235.25,C881018903,62959.29,64194.54,C446072841,23215.08,21979.83,0,0
740,PAYMENT,17426.59,C663311704,58865.92,41439.33,M717084507,0.0,0.0,0,0
267,PAYMENT,1648.65,C288113109,4274.86,2626.21,M834262911,0.0,0.0,0,0
257,CASH_OUT,17368.65,C720340442,23389.97,6021.32,C291646052,68873.97,86242.62,0,0
68,PAYMENT,11654.51,C467757389,14110.55,2456.04,M473034129,0.0,0.0,0,0
610,CASH_OUT,66795.9,C970031719,113864.97,47069.07,C200041622,95937.49,162733.39,0,0
331,PAYMENT,3445.86,C551860307,58854.63,55408.77,M889286196,0.0,0.0,0,0
419,PAYMENT,261.06,C171242373,1167.71,906.65,M991450995,0.0,0.0,0,0
679,CASH_IN,85700.34,C500035426,55564.11,141264.45,C137653115,210592.54,124892.2,0,0
709,CASH_OUT,59749.5,C101034576,76270.98,16521.48,C750555384,9422.57,69172.07,0,0
642,CASH_OUT,10392.97,C293525795,44901.74,34508.77,C255890374,25278.65,35671.62,0,0
504,PAYMENT,1936.65,C867320134,7929.58,5992.93,M447406779,0.0,0.0,0,0
666,PAYMENT,9126.28,C339382260,39001.3,29875.02,M417662278,0.0,0.0,0,0
4,CASH_OUT,87672.07,C459861797,94562.94,6890.87,C229988454,7202.06,94874.13,0,0
642,PAYMENT,126.61,C239084330,34994.2,34867.59,M950734772,0.0,0.0,0,0
494,CASH_OUT,79568.67,C130982496,81328.11,1759.44,C285727174,29768.38,109337.05,0,0
220,PAYMENT,19516.66,C818255375,44465.99,24949.33,M727902151,0.0,0.0,0,0
180,PAYMENT,5099.36,C723758607,6011.91,912.55,M911750304,0.0,0.0,0,0
432,CASH_OUT,77092.36,C701148819,84119.17,7026.81,C747362421,31499.05,108591.41,0,0
119,PAYMENT,714.7,C250193341,7429.19,6714.49,M828932965,0.0,0.0,0,0
349,PAYMENT,710.16,C953384963,10148.17,9438.01,M310248633,0.0,0.0,0,0
348,PAYMENT,9886.48,C737859123,12458.55,2572.07,M561184257,0.0,0.0,0,0
55,CASH_OUT,60352.81,C356281537,65429.78,5076.97,C896315371,38885.52,99238.33,0,0
367,TRANSFER,12456.03,C614533457,15445.02,2988.99,C729254965,12778.78,25234.81,0,0
464,PAYMENT,6518.06,C687457294,9471.19,2953.13,M513399940,0.0,0.0,0,0
26,CASH_OUT,174110.32,C598899265,216878.25,42767.93,C507886119,38422.94,212533.26,0,0
567,CASH_OUT,34507.78,C632805703,53631.81,19124.03,C895751465,126836.32,161344.1,0,0
40,TRANSFER,55511.61,C120201747,62293.21,6781.6,C686197735,23643.8,79155.41,0,0
361,CASH_IN,17464.24,C675079058,1016.16,18480.4,C501568056,257759.19,240294.95,0,0
246,CASH_OUT,46319.67,C724347017,66656.11,20336.44,C927705239,24169.13,70488.8,0,0
418,PAYMENT,1537.53,C640196832,2272.44,734.91,M299298627,0.0,0.0,0,0
617,DEBIT,1198.82,C528264286,4517.73,3318.91,C295606606,33887.39,35086.21,0,0
561,CASH_OUT,997856.88,C463972455,997856.88,0.0,C823159919,29626.91,1027483.79,1,1
183,TRANSFER,21775.2,C141824395,75643.91,53868.71,C967345004,2986.05,24761.25,0,0
568,TRANSFER,3597.51,C452454044,48100.0,44502.49,C878498462,3158.71,6756.22,0,0
366,PAYMENT,8375.4,C357758132,12472.09,4096.69,M384442651,0.0,0.0,0,0
95,PAYMENT,3811.89,C149763460,8975.08,5163.19,M294260889,0.0,0.0,0,0
624,PAYMENT,199.67,C316760421,22629.51,22429.84,M203971376,0.0,0.0,0,0
539,CASH_OUT,14802.57,C193637487,23953.69,9151.12,C417049177,116800.5,131603.07,0,0
458,CASH_OUT,44082.76,C548108896,166554.86,122472.1,C569108375,7641.23,51723.99,0,0
341,PAYMENT,2855.12,C777927583,16084.98,13229.86,M794107868,0.0,0.0,0,0
438,CASH_IN,8237.7,C204472031,146828.09,155065.79,C243716504,29423.12,21185.42,0,0
253,CASH_OUT,27678.08,C879027293,43368.74,15690.66,C264998836,103004.81,130682.89,0,0
15,DEBIT,2209.36,C178871213,18615.53,16406.17,C611779359,389.48,2598.84,0,0
684,CASH_OUT,92872.85,C858112164,100294.2,7421.35,C381983821,55986.74,148859.59,0,0
209,TRANSFER,14327.76,C850340201,32160.09,17832.33,C871686966,12322.64,26650.4,0,0
723,DEBIT,9514.02,C834826709,21258.81,11744.79,C117032888,13895.8,23409.82,0,0
121,CASH_OUT,41047.91,C427420864,88155.33,47107.42,C902997536,13617.83,54665.74,0,0
307,CASH_OUT,20193.43,C651231949,20387.86,194.43,C204576547,7431.91,27625.34,0,0
272,PAYMENT,3307.51,C420197911,9925.02,6617.51,M552690142,0.0,0.0,0,0
293,TRANSFER,340490.68,C280366077,340490.68,0.0,C404091651,0.0,340490.68,1,0
202,PAYMENT,4335.79,C167574321,6824.58,2488.79,M522968980,0.0,0.0,0,0
700,TRANSFER,18632.31,C709184570,55485.82,36853.51,C100872596,50945.78,69578.09,0,0
253,TRANSFER,77865.1,C609336510,128609.21,50744.11,C726154829,1901.07,79766.17,0,0
86,CASH_IN,47087.92,C138989309,1593.82,48681.74,C957326818,78672.33,31584.41,0,0
244,CASH_IN,21138.15,C530464842,116679.37,137817.52,C888394121,166952.48,145814.33,0,0
151,PAYMENT,2518.94,C622015615,3576.1,1057.16,M117015966,0.0,0.0,0,0
535,TRANSFER,27280.56,C476907989,49385.67,22105.11,C704851328,48970.98,76251.54,0,0
156,PAYMENT,10243.23,C609269001,10302.2,58.97,M245670281,0.0,0.0,0,0
733,DEBIT,2901.7,C373279674,17470.34,14568.64,C190127921,10876.88,13778.58,0,0
586,TRANSFER,104764.65,C515432252,112790.87,8026.22,C502573356,98426.55,203191.2,0,0
683,CASH_OUT,224.89,C256506426,26250.61,26025.72,C247253554,46062.77,46287.66,0,0
206,TRANSFER,119611.47,C940429224,129439.61,9828.14,C334335728,5813.13,125424.6,0,0
452,CASH_OUT,58547.52,C773692409,71166.78,12619.26,C676289981,4403.86,62951.38,0,0
1,PAYMENT,6294.83,C980870954,22845.84,16551.01,M751866422,0.0,0.0,0,0
579,CASH_OUT,18806.57,C142389240,37838.56,19031.99,C364802538,2666.33,21472.9,0,0
392,PAYMENT,5812.15,C301792868,11425.86,5613.71,M363534944,0.0,0.0,0,0
526,CASH_IN,27961.65,C704885398,75657.07,103618.72,C318309990,40389.7,12428.05,0,0
19,CASH_OUT,48272.38,C920362803,94224.88,45952.5,C281485941,16039.88,64312.26,0,0
68,CASH_OUT,19671.68,C176404884,22031.27,2359.59,C341674244,23059.5,42731.18,0,0
6,PAYMENT,1539.12,C131398334,3768.81,2229.69,M863799524,0.0,0.0,0,0
89,CASH_IN,78864.94,C675604318,137105.35,215970.29,C285396470,170991.57,92126.63,0,0
213,CASH_IN,107075.98,C778012509,2664.62,109740.6,C863494270,161101.52,54025.54,0,0
668,CASH_OUT,75291.63,C123698907,78116.94,2825.31,C257045707,29061.89,104353.52,0,0
57,CASH_OUT,61398.33,C501381472,74837.4,13439.07,C448438725,8475.73,69874.06,0,0
246,PAYMENT,7925.92,C617405986,29961.52,22035.6,M793989487,0.0,0.0,0,0
690,PAYMENT,751.38,C595254914,8574.67,7823.29,M396573033,0.0,0.0,0,0
27,PAYMENT,2842.43,C749178170,24480.35,21637.92,M526149049,0.0,0.0,0,0
6,DEBIT,439.28,C620530276,7385.18,6945.9,C115052224,7152.24,7591.52,0,0
417,CASH_OUT,55853.35,C874879284,61908.84,6055.49,C692277541,15709.43,71562.78,0,0
141,CASH_OUT,43696.74,C701985226,55743.79,12047.05,C329684711,33596.3,77293.04,0,0
41,CASH_IN,40513.49,C774785400,6120.0,46633.49,C207764136,109731.73,69218.24,0,0
464,CASH_OUT,9817.07,C158314516,26487.63,16670.56,C382138240,23124.46,32941.53,0,0
462,CASH_OUT,53293.86,C783745779,59591.58,6297.72,C638356342,17178.04,70471.9,0,0
459,PAYMENT,347.21,C548625514,9511.96,9164.75,M587729399,0.0,0.0,0,0
460,PAYMENT,933.24,C394237760,16601.71,15668.47,M269179456,0.0,0.0,0,0
160,PAYMENT,126.78,C816564743,1558.34,1431.56,M175144032,0.0,0.0,0,0
448,CASH_OUT,17430.47,C366864853,17448.96,18.49,C463753140,12595.34,30025.81,0,0
9,CASH_OUT,22197.18,C499471600,38693.17,16495.99,C208291284,360.76,22557.94,0,0
586,CASH_IN,9160.26,C833163781,30074.09,39234.35,C702077587,28157.0,18996.74,0,0
254,CASH_OUT,35664.74,C331099866,63165.83,27501.09,C815307854,24837.77,60502.51,0,0
416,CASH_IN,11175.19,C112724780,19561.03,30736.22,C625340457,214049.16,202873.97,0,0
87,CASH_IN,12960.28,C600564195,29500.2,42460.48,C415954003,27247.35,14287.07,0,0
151,CASH_OUT,2817.08,C958576491,31396.82,28579.74,C962714224,10585.01,13402.09,0,0
293,PAYMENT,4228.24,C187277749,14506.66,10278.42,M515340400,0.0,0.0,0,0
57,PAYMENT,22.83,C280474305,2550.8,2527.97,M254836845,0.0,0.0,0,0
299,CASH_OUT,26913.7,C606085547,62594.38,35680.68,C888320302,14833.26,41746.96,0,0
146,DEBIT,1314.43,C561061353,11846.38,10531.95,C722735388,6369.1,7683.53,0,0
224,CASH_OUT,21456.08,C388641250,51636.65,30180.57,C143451355,6130.67,27586.75,0,0
705,DEBIT,2514.2,C839918565,17345.6,14831.4,C193058228,1988.62,4502.82,0,0
527,TRANSFER,20645.89,C265036871,68790.36,48144.47,C549286049,22188.13,42834.02,0,0
58,TRANSFER,185383.73,C624702927,226300.56,40916.83,C466018512,40364.53,225748.26,0,0
189,PAYMENT,671.96,C246180451,26163.68,25491.72,M671088966,0.0,0.0,0,0
571,PAYMENT,602.3,C837052251,2257.86,1655.56,M353126575,0.0,0.0,0,0
465,CASH_OUT,32361.56,C626061843,62586.31,30224.75,C306057835,10723.31,43084.87,0,0
231,DEBIT,5563.58,C100396904,10644.05,5080.47,C930017188,7408.92,12972.5,0,0
381,CASH_OUT,85717.35,C674980025,95299.46,9582.11,C121160585,29994.81,115712.16,0,0
67,CASH_IN,6852.46,C444641505,13542.78,20395.24,C962599487,116962.82,110110.36,0,0
480,PAYMENT,3261.66,C949660473,9158.29,5896.63,M451409513,0.0,0.0,0,0
185,PAYMENT,12725.92,C400217666,13440.82,714.9,M310954250,0.0,0.0,0,0
54,TRANSFER,1319.3,C380915614,12474.56,11155.26,C297899730,49194.41,50513.71,0,0
432,CASH_OUT,39234.02,C756015278,56456.42,17222.4,C793383127,48833.53,88067.55,0,0
38,CASH_OUT,8300.6,C234309538,11360.95,3060.35,C197358294,179002.55,187303.15,0,0
301,CASH_OUT,41660.41,C512863487,45019.69,3359.28,C715183429,19576.8,61237.21,0,0
19,DEBIT,5921.91,C221967570,5970.12,48.21,C704906403,1881.24,7803.15,0,0
242,CASH_OUT,98564.01,C978102114,121204.07,22640.06,C756076309,8952.0,107516.01,0,0
35,PAYMENT,31811.35,C383478011,34373.74,2562.39,M954680828,0.0,0.0,0,0
467,CASH_IN,19052.51,C692912511,49223.87,68276.38,C797669383,40882.73,21830.22,0,0
381,PAYMENT,2544.27,C790344332,6595.0,4050.73,M443041931,0.0,0.0,0,0
261,DEBIT,2451.19,C231383999,12319.19,9868.0,C259382428,2165.52,4616.71,0,0
503,PAYMENT,4825.67,C563400904,11761.09,6935.42,M156396952,0.0,0.0,0,0
529,PAYMENT,2254.66,C133552417,15657.05,13402.39,M837116691,0.0,0.0,0,0
298,PAYMENT,1717.35,C660713691,6647.17,4929.82,M704830048,0.0,0.0,0,0
84,PAYMENT,7532.97,C827131252,24265.74,16732.77,M112882631,0.0,0.0,0,0
685,CASH_OUT,23370.72,C349618149,50694.77,27324.05,C581040362,26883.08,50253.8,0,0
721,CASH_OUT,113452.07,C932047095,116628.98,3176.91,C417300855,10440.81,123892.88,0,0
394,PAYMENT,3808.98,C713491170,4855.82,1046.84,M869448922,0.0,0.0,0,0
126,CASH_IN,68170.03,C107962674,33946.15,102116.18,C429684386,102947.84,34777.81,0,0
522,CASH_IN,30936.87,C276523374,103642.91,134579.78,C372887332,34047.12,3110.25,0,0
351,PAYMENT,1282.73,C418274796,5379.43,4096.7,M698196493,0.0,0.0,0,0
316,CASH_IN,101333.85,C815641945,4048.86,105382.71,C730377875,109069.19,7735.34,0,0
9,CASH_OUT,64093.51,C619938130,70093.44,5999.93,C431397166,2350.62,66444.13,0,0
474,CASH_IN,4755.97,C730748043,13699.56,18455.53,C189224696,15538.34,10782.37,0,0
676,PAYMENT,12937.35,C866829652,24338.42,11401.07,M728888794,0.0,0.0,0,0
523,PAYMENT,1140.34,C122976165,4366.14,3225.8,M496329562,0.0,0.0,0,0
670,CASH_OUT,1359477.06,C246247398,1359477.06,0.0,C270302746,27385.44,1386862.5,1,0
181,CASH_IN,23916.33,C954209236,61649.34,85565.67,C762148881,82515.7,58599.37,0,0
355,CASH_OUT,31981.25,C934244380,42928.21,10946.96,C732779787,55478.47,87459.72,0,0
450,PAYMENT,2085.72,C704846968,8935.58,6849.86,M151156589,0.0,0.0,0,0
382,CASH_OUT,1371.47,C386555208,26698.69,25327.22,C683744277,92982.64,94354.11,0,0
94,PAYMENT,10367.34,C675903827,24083.61,13716.27,M937089337,0.0,0.0,0,0
55,PAYMENT,3680.15,C867645583,7422.07,3741.92,M290567644,0.0,0.0,0,0
103,CASH_OUT,63810.37,C771234486,89635.58,25825.21,C460813360,45953.35,109763.72,0,0
153,PAYMENT,1260.29,C830021407,6136.75,4876.46,M205567760,0.0,0.0,0,0
252,TRANSFER,16163.25,C409805190,41035.8,24872.55,C420302922,57392.22,73555.47,0,0
636,PAYMENT,690.62,C670483751,4581.43,3890.81,M990453460,0.0,0.0,0,0
447,CASH_OUT,58782.61,C873602106,73507.72,14725.11,C980067154,150771.34,209553.95,0,0
247,PAYMENT,6739.05,C218933945,9555.2,2816.15,M460597378,0.0,0.0,0,0
329,PAYMENT,3074.04,C633900087,3481.25,407.21,M131266356,0.0,0.0,0,0
71,CASH_OUT,102847.87,C475270202,107946.76,5098.89,C957217888,25911.29,128759.16,0,0
421,TRANSFER,41960.46,C922226873,108245.41,66284.95,C374458736,46229.98,88190.44,0,0
416,CASH_OUT,35398.43,C791663149,37205.81,1807.38,C590771843,5848.35,41246.78,0,0
689,PAYMENT,409.69,C202016093,7262.44,6852.75,M232338899,0.0,0.0,0,0
140,CASH_OUT,4168.48,C958718567,12602.29,8433.81,C620145045,27505.29,31673.77,0,0
86,PAYMENT,1287.41,C445024141,1958.42,671.01,M364914878,0.0,0.0,0,0
443,TRANSFER,72303.34,C741669422,111569.34,39266.0,C388609327,41502.0,113805.34,0,0
307,PAYMENT,102.9,C989721798,12958.92,12856.02,M553694009,0.0,0.0,0,0
68,CASH_OUT,125354.58,C262224241,150574.73,25220.15,C355740123,22203.16,147557.74,0,0
221,CASH_OUT,102138.23,C197343171,120986.26,18848.03,C214446049,14003.4,116141.63,0,0
52,CASH_OUT,26313.55,C772887435,63820.81,37507.26,C512763666,6881.92,33195.47,0,0
533,CASH_OUT,28292.89,C364558114,45281.86,16988.97,C158801511,15489.68,43782.57,0,0
329,CASH_IN,56779.26,C639902314,37777.47,94556.73,C506089570,129840.38,73061.12,0,0
492,PAYMENT,10956.68,C908084918,27479.22,16522.54,M530477070,0.0,0.0,0,0
689,CASH_OUT,1897.37,C229099476,62961.56,61064.19,C620837477,33860.57,35757.94,0,0
478,PAYMENT,1787.63,C276716273,3237.84,1450.21,M287669386,0.0,0.0,0,0
647,DEBIT,2906.32,C998482092,5165.6,2259.28,C701143393,31467.78,34374.1,0,0
488,CASH_OUT,40522.64,C537635724,42532.45,2009.81,C956268943,14439.18,54961.82,0,0
17,CASH_OUT,29732.93,C587849945,53858.03,24125.1,C183232265,24525.93,54258.86,0,0
720,PAYMENT,543.15,C355450043,19271.16,18728.01,M788158028,0.0,0.0,0,0
451,CASH_OUT,66760.07,C278641791,91939.27,25179.2,C160494926,30547.6,97307.67,0,0
77,CASH_OUT,106691.65,C751819547,107154.71,463.06,C518374356,18452.92,125144.57,0,0
231,CASH_OUT,18531.08,C122057483,26377.36,7846.28,C999538042,21110.88,39641.96,0,0
384,CASH_OUT,57614.82,C442020407,67006.96,9392.14,C140062149,137937.19,195552.01,0,0
218,TRANSFER,98099.69,C619942402,138364.33,40264.64,C960751821,42857.17,140956.86,0,0
706,TRANSFER,38298.75,C266335215,48912.37,10613.62,C950350328,34909.71,73208.46,0,0
658,TRANSFER,19317.76,C823772368,22418.93,3101.17,C303120876,22261.02,41578.78,0,0
408,CASH_OUT,15836.37,C328545806,16316.18,479.81,C549192459,29385.17,45221.54,0,0
181,CASH_OUT,15458.21,C391689532,53373.14,37914.93,C327632274,4488.57,19946.78,0,0
534,CASH_OUT,55235.37,C793876650,82188.34,26952.97,C781860048,23777.62,79012.99,0,0
376,CASH_IN,103706.92,C853338210,2774.19,106481.11,C236254719,224041.39,120334.47,0,0
424,TRANSFER,44836.96,C655074618,64869.79,20032.83,C735860779,5771.42,50608.38,0,0
658,CASH_OUT,152675.39,C205717773,181644.1,28968.71,C508818993,169860.89,322536.28,0,0
174,TRANSFER,48136.06,C282158115,57205.41,9069.35,C752783881,39187.55,87323.61,0,0
628,CASH_OUT,39707.75,C306472392,51955.31,12247.56,C966819716,33385.55,73093.3,0,0
665,CASH_OUT,20139.2,C241108131,44181.6,24042.4,C663256140,30888.03,51027.23,0,0
359,CASH_OUT,82832.29,C564344617,115252.77,32420.48,C886375391,28301.38,111133.67,0,0
99,CASH_OUT,93200.3,C526991938,145706.24,52505.94,C335940431,36894.96,130095.26,0,0
623,PAYMENT,8450.31,C560251204,11185.38,2735.07,M583117509,0.0,0.0,0,0
443,PAYMENT,4132.54,C688301023,4710.01,577.47,M376037971,0.0,0.0,0,0
520,PAYMENT,3959.21,C455471604,10019.41,6060.2,M230406564,0.0,0.0,0,0
368,TRANSFER,35340.92,C493555373,61789.07,26448.15,C439840095,20425.05,55765.97,0,0
544,CASH_OUT,12349.03,C457458131,48177.06,35828.03,C323435277,3973.41,16322.44,0,0
515,TRANSFER,1232341.62,C820043371,1232341.62,0.0,C429737614,0.0,1232341.62,1,0
382,TRANSFER,928509.94,C201189649,928509.94,0.0,C802838604,0.0,928509.94,1,0
309,TRANSFER,802806.32,C576041233,802806.32,0.0,C952036408,0.0,802806.32,1,0
148,CASH_IN,17455.43,C536568618,60066.22,77521.65,C439487879,145705.09,128249.66,0,0
535,PAYMENT,8645.0,C425344134,23725.2,15080.2,M554864247,0.0,0.0,0,0
685,CASH_IN,18312.28,C962213023,195849.52,214161.8,C185414101,65204.77,46892.49,0,0
461,CASH_OUT,11924.97,C201104741,32891.72,20966.75,C601230272,10238.34,22163.31,0,0
228,PAYMENT,3571.16,C157773882,10026.86,6455.7,M965024760,0.0,0.0,0,0
8,PAYMENT,5274.55,C237096816,18449.87,13175.32,M503547685,0.0,0.0,0,0
130,PAYMENT,8171.73,C459178074,14043.68,5871.95,M958825531,0.0,0.0,0,0
683,CASH_OUT,2430.85,C485343085,13996.33,11565.48,C906794918,17038.67,19469.52,0,0
412,PAYMENT,635.85,C500410153,6188.54,5552.69,M839198525,0.0,0.0,0,0
79,CASH_OUT,54360.84,C452160725,55048.95,688.11,C544899368,18809.74,73170.58,0,0
612,CASH_OUT,3354.74,C887167048,18764.1,15409.36,C183487682,74806.05,78160.79,0,0
412,CASH_OUT,31050.39,C260398082,35139.22,4088.83,C218610061,14596.2,45646.59,0,0
256,TRANSFER,26122.95,C102673491,26722.61,599.66,C465090533,13043.32,39166.27,0,0
364,CASH_OUT,22105.8,C254734991,52689.6,30583.8,C522267729,22793.79,44899.59,0,0
328,TRANSFER,94375.88,C619260448,99600.62,5224.74,C430562976,46660.57,141036.45,0,0
456,PAYMENT,129.31,C792271701,2605.24,2475.93,M540913386,0.0,0.0,0,0
301,CASH_OUT,8122.59,C768954650,21372.05,13249.46,C783392627,5704.89,13827.48,0,0
366,CASH_OUT,13571.42,C176548166,51444.4,37872.98,C230756933,16306.95,29878.37,0,0
432,TRANSFER,76277.03,C282424602,100717.43,24440.4,C255831307,6951.95,83228.98,0,0
517,PAYMENT,11275.48,C122176593,32460.9,21185.42,M240238485,0.0,0.0,0,0
367,PAYMENT,2422.38,C952943673,2533.92,111.54,M112799565,0.0,0.0,0,0
35,PAYMENT,5335.78,C427859077,12038.52,6702.74,M989068149,0.0,0.0,0,0
699,CASH_IN,3705.91,C594326107,76038.46,79744.37,C558100646,13879.74,10173.83,0,0
286,CASH_OUT,692572.18,C960134199,692572.18,0.0,C910416216,40533.06,733105.24,1,1
121,CASH_OUT,16874.81,C513393108,57596.19,40721.38,C533114934,3000.67,19875.48,0,0
58,PAYMENT,2935.55,C507276223,5179.19,2243.64,M929124145,0.0,0.0,0,0
157,PAYMENT,2460.87,C401296727,25356.47,22895.6,M613418467,0.0,0.0,0,0
77,PAYMENT,2048.76,C723358847,27251.06,25202.3,M604246820,0.0,0.0,0,0
140,TRANSFER,100848.23,C919513998,114805.35,13957.12,C313509542,34955.32,135803.55,0,0
51,PAYMENT,8124.76,C212161408,46520.2,38395.44,M757676594,0.0,0.0,0,0
634,TRANSFER,86864.42,C211907763,152016.13,65151.71,C520642049,7040.63,93905.05,0,0
463,CASH_OUT,26206.01,C272848721,42823.84,16617.83,C615407884,62984.55,89190.56,0,0
374,CASH_IN,6290.2,C360803892,120643.73,126933.93,C293407322,73994.19,67703.99,0,0
524,PAYMENT,1633.16,C144299238,4818.18,3185.02,M248300177,0.0,0.0,0,0
401,CASH_OUT,73823.85,C846755272,103845.5,30021.65,C139364892,36645.86,110469.71,0,0
172,PAYMENT,4954.43,C311226195,6060.51,1106.08,M156732539,0.0,0.0,0,0
687,PAYMENT,5322.61,C798701652,15135.22,9812.61,M300987896,0.0,0.0,0,0
151,PAYMENT,467.3,C773590887,5768.51,5301.21,M745282391,0.0,0.0,0,0
480,DEBIT,12694.95,C975825794,18130.49,5435.54,C725065449,29997.24,42692.19,0,0
661,PAYMENT,2412.6,C476019290,38507.67,36095.07,M243547693,0.0,0.0,0,0
705,CASH_IN,102560.89,C837342835,102930.41,205491.3,C342698232,156171.55,53610.66,0,0
72,PAYMENT,5188.24,C977992424,14254.75,9066.51,M507708380,0.0,0.0,0,0
546,CASH_OUT,14128.47,C799870385,42594.78,28466.31,C356145439,11534.59,25663.06,0,0
340,CASH_IN,8947.95,C220136726,27226.56,36174.51,C547441421,24053.06,15105.11,0,0
643,CASH_OUT,20018.97,C488313472,47590.8,27571.83,C269660574,68029.37,88048.34,0,0
724,PAYMENT,3022.46,C244746835,3396.85,374.39,M663650821,0.0,0.0,0,0
509,CASH_OUT,17699.37,C474485499,64921.56,47222.19,C903816040,20846.47,38545.84,0,0
39,DEBIT,9282.0,C187280321,11897.62,2615.62,C439264196,10142.18,19424.18,0,0
482,PAYMENT,9525.9,C277821394,15659.42,6133.52,M595034617,0.0,0.0,0,0
665,CASH_OUT,73085.57,C932132313,76393.97,3308.4,C265670932,98425.08,171510.65,0,0
376,CASH_OUT,34535.1,C908168257,71314.86,36779.76,C844767253,6338.47,40873.57,0,0
303,TRANSFER,1358780.4,C444530336,1358780.4,0.0,C765962474,0.0,0.0,1,0
576,PAYMENT,20492.0,C296619311,20750.22,258.22,M486600597,0.0,0.0,0,0
409,PAYMENT,6213.7,C580280206,6317.94,104.24,M755286522,0.0,0.0,0,0
91,CASH_OUT,42903.87,C213126427,45395.95,2492.08,C543937226,12560.67,55464.54,0,0
362,PAYMENT,3058.73,C925389781,20295.06,17236.33,M204839254,0.0,0.0,0,0
491,CASH_OUT,2406.32,C549369936,88920.15,86513.83,C758834248,12244.61,14650.93,0,0
433,CASH_IN,14274.32,C636492249,49622.84,63897.16,C756723885,84956.06,70681.74,0,0
338,PAYMENT,5759.51,C162293887,6653.52,894.01,M281685108,0.0,0.0,0,0
497,CASH_IN,147383.63,C577088467,376.62,147760.25,C350463851,309911.41,162527.78,0,0
186,CASH_OUT,3165.15,C770858763,21836.92,18671.77,C206506661,66078.45,69243.6,0,0
520,CASH_IN,4360.68,C482984271,116283.26,120643.94,C540802088,64046.06,59685.38,0,0
583,CASH_OUT,73107.89,C975540616,73362.35,254.46,C449571006,9797.5,82905.39,0,0
98,DEBIT,4760.28,C600828525,31079.09,26318.81,C327528408,1119.01,5879.29,0,0
222,PAYMENT,8498.51,C670740591,8789.56,291.05,M460669714,0.0,0.0,0,0
340,CASH_OUT,8657.87,C733080285,35370.47,26712.6,C237635237,54077.54,62735.41,0,0
391,TRANSFER,107381.44,C585170105,142473.22,35091.78,C212493643,12663.89,120045.33,0,0
227,CASH_IN,2384.31,C791441157,64605.81,66990.12,C727156835,33793.58,31409.27,0,0
665,PAYMENT,679.19,C653451987,10179.56,9500.37,M152274497,0.0,0.0,0,0
143,TRANSFER,15451.58,C999768158,46486.34,31034.76,C515765510,11425.83,26877.41,0,0
649,PAYMENT,3866.91,C721489950,14502.94,10636.03,M511507588,0.0,0.0,0,0
645,CASH_OUT,21561.9,C383068209,41199.33,19637.43,C422868949,936.99,22498.89,0,0
317,TRANSFER,40703.19,C241191376,51569.05,10865.86,C220509986,23330.4,64033.59,0,0
360,CASH_OUT,134584.67,C874305539,136707.46,2122.79,C767027843,23256.86,157841.53,0,0
675,PAYMENT,2130.04,C557926293,3736.25,1606.21,M344624713,0.0,0.0,0,0
190,PAYMENT,24716.42,C292857845,32243.52,7527.1,M868240422,0.0,0.0,0,0
572,CASH_OUT,14889.7,C785985285,28916.38,14026.68,C414155155,793.34,15683.04,0,0
646,PAYMENT,4474.23,C771216596,7133.83,2659.6,M137435527,0.0,0.0,0,0
596,PAYMENT,13011.7,C414173605,23377.82,10366.12,M610892347,0.0,0.0,0,0
295,CASH_IN,43403.76,C440418855,17850.25,61254.01,C758819718,77424.91,34021.15,0,0
78,TRANSFER,59799.37,C571648573,79253.47,19454.1,C736496014,7806.26,67605.63,0,0
714,PAYMENT,651.5,C831239138,991.11,339.61,M271252864,0.0,0.0,0,0
397,PAYMENT,4207.19,C511309091,7493.9,3286.71,M334486254,0.0,0.0,0,0
79,CASH_OUT,34522.77,C506140288,46758.98,12236.21,C939570241,29266.33,63789.1,0,0
237,CASH_OUT,210103.21,C440306015,225408.9,15305.69,C813637046,3328.02,213431.23,0,0
324,PAYMENT,314.2,C862778512,4392.85,4078.65,M524728517,0.0,0.0,0,0
506,TRANSFER,16333.19,C600677126,25091.38,8758.19,C792690583,23527.43,39860.62,0,0
20,PAYMENT,5301.21,C509911516,10177.25,4876.04,M277485648,0.0,0.0,0,0
5,TRANSFER,44934.25,C822551431,61319.19,16384.94,C759862241,23152.18,68086.43,0,0
497,PAYMENT,108.54,C451368939,552.55,444.01,M202633550,0.0,0.0,0,0
545,CASH_IN,5719.15,C597538820,45252.58,50971.73,C324578769,41517.75,35798.6,0,0
680,PAYMENT,4030.4,C260665820,16772.01,12741.61,M404344657,0.0,0.0,0,0
721,PAYMENT,2156.47,C461574781,19934.28,17777.81,M690314687,0.0,0.0,0,0
100,CASH_OUT,15779.96,C643699124,18008.67,2228.71,C827091295,78380.82,94160.78,0,0
347,CASH_OUT,34389.98,C232232770,35331.44,941.46,C239976557,34691.07,69081.05,0,0
685,TRANSFER,43299.33,C612168016,68827.07,25527.74,C886311075,75577.45,118876.78,0,0
646,CASH_IN,8247.61,C722371705,1999.53,10247.14,C242868658,18591.39,10343.78,0,0
593,PAYMENT,8883.32,C566354430,11585.69,2702.37,M613157186,0.0,0.0,0,0
522,PAYMENT,24561.82,C100649594,38372.96,13811.14,M198350790,0.0,0.0,0,0
105,CASH_OUT,43735.72,C437233895,64168.68,20432.96,C623616605,34.31,43770.03,0,0
199,CASH_IN,103902.26,C305249326,3020.93,106923.19,C423090206,104599.67,697.41,0,0
683,PAYMENT,5111.76,C781270530,5293.76,182.0,M294795160,0.0,0.0,0,0
377,PAYMENT,309.24,C475036752,2132.13,1822.89,M156755993,0.0,0.0,0,0
693,PAYMENT,11507.58,C288021814,26714.93,15207.35,M981699286,0.0,0.0,0,0
740,PAYMENT,8627.38,C652422435,35181.48,26554.1,M829750541,0.0,0.0,0,0
225,CASH_OUT,38946.41,C644427249,44188.43,5242.02,C374911628,10328.18,49274.59,0,0
419,CASH_OUT,187288.85,C672797438,189796.1,2507.25,C797659759,6159.05,193447.9,0,0
698,CASH_OUT,18951.04,C377875119,29284.14,10333.1,C798886016,11099.01,30050.05,0,0
204,CASH_OUT,58095.96,C723614770,114594.96,56499.0,C412383311,33987.5,92083.46,0,0
624,CASH_IN,68796.45,C830179105,6171.36,74967.81,C551077199,81729.4,12932.95,0,0
641,CASH_OUT,16292.84,C980776997,34013.68,17720.84,C789721334,52710.74,69003.58,0,0
46,CASH_IN,131706.78,C271624472,11269.85,142976.63,C782227553,152250.69,20543.91,0,0
742,PAYMENT,7680.34,C878206221,12933.91,5253.57,M849004523,0.0,0.0,0,0
697,CASH_OUT,25265.0,C393080127,43029.15,17764.15,C560080284,11926.85,37191.85,0,0
272,PAYMENT,2707.24,C438420835,15700.82,12993.58,M470519947,0.0,0.0,0,0
576,TRANSFER,6655.93,C170969077,80514.52,73858.59,C116433681,44102.07,50758.0,0,0
92,PAYMENT,1129.73,C398903655,6742.27,5612.54,M729014093,0.0,0.0,0,0
351,CASH_OUT,2974.1,C981092101,18946.45,15972.35,C122988283,12147.79,15121.89,0,0
71,PAYMENT,5921.83,C374077294,6546.94,625.11,M614298013,0.0,0.0,0,0
321,PAYMENT,208.4,C569837768,9682.61,9474.21,M705696661,0.0,0.0,0,0
347,PAYMENT,6327.22,C981147372,24362.7,18035.48,M659222043,0.0,0.0,0,0
46,CASH_OUT,36391.49,C423411915,38100.59,1709.1,C849762348,19065.47,55456.96,0,0
596,DEBIT,115.31,C440708844,3268.66,3153.35,C991400751,48033.64,48148.95,0,0
219,TRANSFER,142835.49,C998170477,148133.14,5297.65,C442905597,1941.8,144777.29,0,0
122,CASH_IN,180447.26,C469438218,51816.16,232263.42,C786047615,183737.82,3290.56,0,0
739,CASH_IN,25043.08,C737778185,168669.32,193712.4,C330265942,46282.27,21239.19,0,0
571,TRANSFER,46570.54,C111958529,46570.54,0.0,C107719631,0.0,0.0,1,0
111,PAYMENT,4177.14,C634628504,20132.81,15955.67,M915811476,0.0,0.0,0,0
58,PAYMENT,1710.54,C904418520,73917.21,72206.67,M177730642,0.0,0.0,0,0
671,CASH_OUT,33396.4,C151668842,43757.61,10361.21,C291272934,70070.74,103467.14,0,0
394,PAYMENT,1556.25,C535056173,16145.3,14589.05,M339718360,0.0,0.0,0,0
181,PAYMENT,2552.48,C823920916,11216.48,8664.0,M912045986,0.0,0.0,0,0
642,PAYMENT,2040.87,C680602716,7164.36,5123.49,M565335849,0.0,0.0,0,0
150,CASH_OUT,14823.82,C106357395,22067.32,7243.5,C794694401,35383.56,50207.38,0,0
116,PAYMENT,904.61,C528818199,12100.11,11195.5,M392355541,0.0,0.0,0,0
573,CASH_OUT,25649.59,C186285620,40388.31,14738.72,C233645849,60381.62,86031.21,0,0
181,TRANSFER,75924.97,C714694828,91777.86,15852.89,C481939365,38194.85,114119.82,0,0
725,PAYMENT,12330.12,C441751392,14272.02,1941.9,M679303190,0.0,0.0,0,0
557,TRANSFER,5404.85,C895310629,91772.52,86367.67,C228511099,12512.96,17917.81,0,0
524,CASH_OUT,8885.84,C812277283,12806.86,3921.02,C182348060,3229.7,12115.54,0,0
292,CASH_IN,12438.12,C395172212,108568.48,121006.6,C385893199,40834.42,28396.3,0,0
558,CASH_IN,9095.12,C680078185,29092.9,38188.02,C820793680,17231.16,8136.04,0,0
136,CASH_OUT,3552.76,C112184097,6277.66,2724.9,C280077336,4758.44,8311.2,0,0
436,TRANSFER,112138.03,C860624496,123535.45,11397.42,C935210089,48387.04,160525.07,0,0
183,PAYMENT,4085.58,C668415003,26112.28,22026.7,M861355601,0.0,0.0,0,0
252,PAYMENT,556.05,C789566668,3837.35,3281.3,M446006107,0.0,0.0,0,0
222,PAYMENT,2798.22,C739639129,27573.48,24775.26,M732824605,0.0,0.0,0,0
472,CASH_IN,38426.06,C532849862,28277.44,66703.5,C584038295,193971.9,155545.84,0,0
640,TRANSFER,15105.83,C107098229,54367.83,39262.0,C426907297,43157.64,58263.47,0,0
356,CASH_OUT,127323.98,C977105683,136248.6,8924.62,C143834639,37865.79,165189.77,0,0
305,PAYMENT,4693.99,C616864556,13871.87,9177.88,M721691897,0.0,0.0,0,0
593,CASH_OUT,8699.92,C374717991,38269.18,29569.26,C917422916,56973.18,65673.1,0,0
568,TRANSFER,68754.11,C811061217,117538.35,48784.24,C964581453,28593.23,97347.34,0,0
627,TRANSFER,8729.9,C322178265,22760.17,14030.27,C582008827,15599.51,24329.41,0,0
148,PAYMENT,10456.38,C566993866,31978.86,21522.48,M473155193,0.0,0.0,0,0
511,TRANSFER,635696.48,C196119041,635696.48,0.0,C879585764,0.0,0.0,1,0
270,PAYMENT,5047.19,C881314946,7309.23,2262.04,M276351503,0.0,0.0,0,0
210,CASH_IN,101735.59,C436761278,3862.03,105597.62,C319890494,285327.38,183591.79,0,0
722,PAYMENT,923.33,C414880157,1121.31,197.98,M910028776,0.0,0.0,0,0
119,PAYMENT,9655.71,C621398390,20470.87,10815.16,M991749466,0.0,0.0,0,0
242,PAYMENT,8954.29,C331502525,18484.1,9529.81,M165401572,0.0,0.0,0,0
707,CASH_IN,56341.28,C817363699,53249.57,109590.85,C851842261,73925.29,17584.01,0,0
140,PAYMENT,2505.58,C869678583,16064.23,13558.65,M181196690,0.0,0.0,0,0
151,CASH_IN,61900.41,C811691441,39485.61,101386.02,C309909268,109415.93,47515.52,0,0
249,PAYMENT,1745.66,C103930847,16123.26,14377.6,M977884217,0.0,0.0,0,0
674,CASH_IN,14978.15,C610301899,51683.95,66662.1,C141669351,34284.6,19306.45,0,0
270,PAYMENT,6698.62,C682719144,54585.68,47887.06,M520273518,0.0,0.0,0,0
660,PAYMENT,371.94,C290086342,11021.09,10649.15,M417211256,0.0,0.0,0,0
587,CASH_OUT,65072.96,C643930471,87818.98,22746.02,C914565157,25432.94,90505.9,0,0
335,TRANSFER,14050.02,C946075630,37914.61,23864.59,C875520845,30156.69,44206.71,0,0
701,PAYMENT,2138.58,C193514218,13908.86,11770.28,M402897275,0.0,0.0,0,0
299,CASH_OUT,60261.15,C736653588,67103.16,6842.01,C791945516,9450.84,69711.99,0,0
543,PAYMENT,3233.58,C507804885,5005.36,1771.78,M601817012,0.0,0.0,0,0
659,TRANSFER,8667.79,C357996328,16644.43,7976.64,C663763492,24887.83,33555.62,0,0
280,PAYMENT,3634.65,C570156331,29735.43,26100.78,M548283505,0.0,0.0,0,0
561,CASH_OUT,63168.08,C141465399,64096.74,928.66,C371232346,32595.6,95763.68,0,0
273,CASH_OUT,44538.5,C212582164,75688.01,31149.51,C952893185,9751.31,54289.81,0,0
586,CASH_IN,42019.99,C868278310,93854.93,135874.92,C831577069,64506.72,22486.73,0,0
224,CASH_OUT,35133.76,C897346148,73265.34,38131.58,C766061291,724.78,35858.54,0,0
76,CASH_OUT,18874.19,C333998213,21654.41,2780.22,C558374241,22990.5,41864.69,0,0
275,CASH_OUT,686.48,C417741904,8312.26,7625.78,C539269174,31170.75,31857.23,0,0
320,PAYMENT,7909.26,C283980706,18243.78,10334.52,M302973898,0.0,0.0,0,0
406,PAYMENT,14207.11,C218993881,23859.57,9652.46,M748903292,0.0,0.0,0,0
340,CASH_IN,46957.49,C864427105,46123.34,93080.83,C763521000,56078.77,9121.28,0,0
519,PAYMENT,1500.87,C280756621,4609.09,3108.22,M762517884,0.0,0.0,0,0
495,CASH_OUT,1022369.48,C452904583,1022369.48,0.0,C922568697,36134.8,1058504.28,1,0
659,PAYMENT,429.36,C637562903,873.74,444.38,M458415852,0.0,0.0,0,0
528,CASH_OUT,82237.17,C516018571,114170.26,31933.09,C993818664,27302.94,109540.11,0,0
324,CASH_IN,30777.07,C595883160,35823.96,66601.03,C401635742,49783.95,19006.88,0,0
146,PAYMENT,5848.09,C119744813,7277.77,1429.68,M295815140,0.0,0.0,0,0
720,TRANSFER,33548.66,C567629874,77867.07,44318.41,C750152300,10457.17,44005.83,0,0
636,CASH_OUT,3901.35,C116343781,10885.99,6984.64,C942055524,78535.37,82436.72,0,0
130,CASH_IN,63513.7,C111471832,21817.25,85330.95,C792824829,67459.74,3946.04,0,0
567,PAYMENT,2005.7,C665281887,7230.53,5224.83,M531687846,0.0,0.0,0,0
269,PAYMENT,1414.88,C701376576,14497.09,13082.21,M268550799,0.0,0.0,0,0
637,CASH_IN,5458.3,C681536669,73753.36,79211.66,C869454145,102880.57,97422.27,0,0
327,TRANSFER,45330.18,C718389513,91927.16,46596.98,C903549141,10235.58,55565.76,0,0
678,PAYMENT,9341.0,C670825548,49405.89,40064.89,M965650652,0.0,0.0,0,0
34,PAYMENT,13161.8,C128426736,19923.83,6762.03,M725634143,0.0,0.0,0,0
516,CASH_IN,66582.02,C466853026,96771.09,163353.11,C362956794,85587.08,19005.06,0,0
418,DEBIT,1252.34,C859387838,3950.16,2697.82,C402667675,6602.27,7854.61,0,0
158,PAYMENT,13605.04,C946372929,32861.63,19256.59,M146536652,0.0,0.0,0,0
409,PAYMENT,346.46,C532256450,5576.75,5230.29,M754844438,0.0,0.0,0,0
514,CASH_OUT,45039.34,C371223762,106115.07,61075.73,C765515868,12157.55,57196.89,0,0
377,PAYMENT,2308.45,C777948728,10275.24,7966.79,M224974708,0.0,0.0,0,0
727,CASH_OUT,79676.81,C919077945,119206.56,39529.75,C809518436,74829.22,154506.03,0,0
244,PAYMENT,54.81,C737722779,2119.71,2064.9,M257265289,0.0,0.0,0,0
67,DEBIT,196.32,C464436165,5017.29,4820.97,C385309539,805.58,1001.9,0,0
316,PAYMENT,1723.86,C926403071,16425.93,14702.07,M580666514,0.0,0.0,0,0
478,CASH_OUT,133521.3,C154748573,160242.83,26721.53,C820421450,33241.5,166762.8,0,0
471,PAYMENT,15203.36,C933345998,18703.28,3499.92,M529857568,0.0,0.0,0,0
245,TRANSFER,37199.08,C631203889,105175.86,67976.78,C169745935,33429.23,70628.31,0,0
599,CASH_OUT,89013.18,C673458589,135740.39,46727.21,C101716655,19938.33,108951.51,0,0
507,PAYMENT,2775.37,C366358852,3304.64,529.27,M692450091,0.0,0.0,0,0
53,PAYMENT,5272.48,C490027691,5485.86,213.38,M335661989,0.0,0.0,0,0
415,PAYMENT,1922.39,C343807330,6389.55,4467.16,M236334013,0.0,0.0,0,0
507,CASH_IN,37648.38,C442046157,22875.55,60523.93,C365678877,104696.6,67048.22,0,0
44,PAYMENT,4721.24,C773425146,17043.55,12322.31,M381167233,0.0,0.0,0,0
183,PAYMENT,3293.49,C231091971,4273.8,980.31,M500153250,0.0,0.0,0,0
469,CASH_OUT,12339.03,C746709315,22171.58,9832.55,C629518632,54588.47,66927.5,0,0
674,CASH_IN,45915.21,C587086687,35038.82,80954.03,C123450639,199272.33,153357.12,0,0
703,PAYMENT,7648.32,C284015846,8389.1,740.78,M884443469,0.0,0.0,0,0
7,DEBIT,3282.64,C400765563,9289.94,6007.3,C929405691,26371.45,29654.09,0,0
272,PAYMENT,4253.07,C759411603,18260.47,14007.4,M396652325,0.0,0.0,0,0
411,PAYMENT,1850.56,C856531697,10407.81,8557.25,M131176213,0.0,0.0,0,0
156,TRANSFER,16989.66,C368793801,66527.28,49537.62,C921316817,44764.38,61754.04,0,0
258,PAYMENT,3780.47,C268121989,4075.16,294.69,M991108331,0.0,0.0,0,0
707,PAYMENT,8348.94,C567154354,23916.91,15567.97,M699230168,0.0,0.0,0,0
337,CASH_OUT,582075.1,C772026385,582075.1,0.0,C393545138,18942.88,601017.98,1,0
475,CASH_OUT,25930.03,C914582575,35700.16,9770.13,C498800738,36776.52,62706.55,0,0
170,CASH_OUT,8207.77,C781715839,59509.07,51301.3,C178662829,33297.13,41504.9,0,0
529,PAYMENT,914.02,C938268580,15927.09,15013.07,M718235916,0.0,0.0,0,0
594,CASH_OUT,86985.98,C948525086,158650.91,71664.93,C843549631,7917.49,94903.47,0,0
85,PAYMENT,3861.0,C930554796,22792.56,18931.56,M794776052,0.0,0.0,0,0
328,PAYMENT,9650.73,C417877460,24807.99,15157.26,M870533558,0.0,0.0,0,0
418,TRANSFER,14308.21,C517528568,26560.64,12252.43,C303703624,1181.19,15489.4,0,0
105,CASH_IN,99989.09,C417596438,3535.15,103524.24,C919272399,260398.69,160409.6,0,0
478,DEBIT,33.83,C598763668,17379.87,17346.04,C339053205,3636.13,3669.96,0,0
231,CASH_OUT,37759.11,C494837254,47552.06,9792.95,C918645929,48241.9,86001.01,0,0
93,CASH_OUT,34889.6,C685258856,53570.02,18680.42,C703328011,44688.43,79578.03,0,0
287,CASH_IN,3878.15,C564141082,23475.6,27353.75,C866710832,62251.24,58373.09,0,0
170,PAYMENT,20032.71,C553732582,33161.73,13129.02,M764909208,0.0,0.0,0,0
71,CASH_OUT,16227.0,C777201854,23746.58,7519.58,C126191538,17884.79,34111.79,0,0
53,PAYMENT,7405.39,C700997722,27109.59,19704.2,M946484560,0.0,0.0,0,0
219,CASH_OUT,31353.67,C386140892,81471.09,50117.42,C610871310,62264.04,93617.71,0,0
282,PAYMENT,4441.2,C614675804,20658.21,16217.01,M143648805,0.0,0.0,0,0
60,TRANSFER,12000.14,C627508952,18473.33,6473.19,C739644334,55205.53,67205.67,0,0
441,CASH_OUT,69279.63,C771630286,103775.39,34495.76,C603060612,25970.08,95249.71,0,0
675,PAYMENT,6124.42,C457381909,14736.33,8611.91,M119796900,0.0,0.0,0,0
248,DEBIT,5267.9,C659048375,5287.89,19.99,C480428540,26764.76,32032.66,0,0
89,TRANSFER,681532.65,C136642969,681532.65,0.0,C553371473,0.0,0.0,1,0
229,TRANSFER,18365.15,C562361551,34302.96,15937.81,C529510539,15551.2,33916.35,0,0
223,PAYMENT,2516.41,C638394958,13481.08,10964.67,M871086792,0.0,0.0,0,0
558,PAYMENT,287.29,C842902215,1973.92,1686.63,M644226395,0.0,0.0,0,0
415,PAYMENT,9093.47,C925924004,38106.13,29012.66,M992948890,0.0,0.0,0,0
99,TRANSFER,69105.16,C531129320,80194.65,11089.49,C774649514,66386.95,135492.11,0,0
526,PAYMENT,184.91,C470405703,2336.46,2151.55,M339988888,0.0,0.0,0,0
163,CASH_OUT,36256.65,C997684432,117766.83,81510.18,C890185291,2389.9,38646.55,0,0
297,TRANSFER,40583.94,C715067587,75655.64,35071.7,C958670579,33043.14,73627.08,0,0
609,PAYMENT,3430.54,C722987775,33969.39,30538.85,M973216408,0.0,0.0,0,0
103,PAYMENT,3770.22,C930198195,9388.87,5618.65,M649633404,0.0,0.0,0,0
372,CASH_OUT,9872.66,C402693664,22231.08,12358.42,C281491277,23377.85,33250.51,0,0
546,CASH_OUT,43899.04,C273714611,126272.15,82373.11,C582227201,23120.46,67019.5,0,0
43,TRANSFER,9892.84,C892612307,134419.84,124527.0,C170920510,55293.2,65186.04,0,0
249,DEBIT,3236.58,C235524111,10315.23,7078.65,C192843453,43904.22,47140.8,0,0
613,CASH_OUT,20628.34,C600195215,30766.86,10138.52,C280450069,47617.14,68245.48,0,0
65,PAYMENT,7100.19,C794744778,28961.65,21861.46,M975840672,0.0,0.0,0,0
566,CASH_OUT,20561.57,C895702125,34080.3,13518.73,C472031055,23166.59,43728.16,0,0
20,PAYMENT,5521.48,C193977015,13472.56,7951.08,M817581258,0.0,0.0,0,0
299,PAYMENT,11004.5,C866832177,16970.81,5966.31,M490945029,0.0,0.0,0,0
395,CASH_OUT,96296.15,C589987119,118095.82,21799.67,C112349424,45680.5,141976.65,0,0
153,PAYMENT,2996.08,C391620690,23460.42,20464.34,M207014595,0.0,0.0,0,0
461,PAYMENT,3183.19,C958236392,16570.9,13387.71,M364465774,0.0,0.0,0,0
300,CASH_IN,33184.41,C215422580,55296.26,88480.67,C918112636,56994.22,23809.81,0,0
159,CASH_OUT,144807.3,C705125094,147192.09,2384.79,C738178121,24048.88,168856.18,0,0
615,PAYMENT,1341.35,C103888360,4147.64,2806.29,M779640127,0.0,0.0,0,0
668,CASH_IN,15205.78,C917527592,43241.8,58447.58,C651768476,16380.01,1174.23,0,0
669,CASH_OUT,22484.33,C367885744,27468.69,4984.36,C616839190,3256.67,25741.0,0,0
207,CASH_OUT,44848.58,C989175718,68729.46,23880.88,C377397059,78572.55,123421.13,0,0
590,CASH_IN,120024.12,C542973453,43194.68,163218.8,C250895821,147344.88,27320.76,0,0
419,CASH_OUT,71986.37,C870952669,77707.63,5721.26,C275945039,14148.95,86135.32,0,0
646,CASH_OUT,113795.97,C326552184,121648.92,7852.95,C839750040,28663.2,142459.17,0,0
205,PAYMENT,2559.68,C448875628,3082.6,522.92,M242317240,0.0,0.0,0,0
317,PAYMENT,701.12,C589112547,6798.59,6097.47,M943299471,0.0,0.0,0,0
112,CASH_IN,69610.66,C456952235,16104.75,85715.41,C879395770,148301.48,78690.82,0,0
243,CASH_OUT,3903.23,C595047490,13294.4,9391.17,C178539379,16345.41,20248.64,0,0
455,PAYMENT,3823.82,C340281466,4938.34,1114.52,M557098273,0.0,0.0,0,0
695,CASH_OUT,88536.15,C681608058,102196.44,13660.29,C910905544,68703.61,157239.76,0,0
130,CASH_OUT,102857.13,C648975348,112865.41,10008.28,C763668064,7913.39,110770.52,0,0
146,CASH_IN,12219.58,C233263921,12585.5,24805.08,C179620525,86311.04,74091.46,0,0
113,CASH_IN,32537.95,C532684675,55616.81,88154.76,C554759839,60364.04,27826.09,0,0
514,CASH_OUT,29140.18,C264203616,37965.35,8825.17,C724281447,47689.42,76829.6,0,0
171,CASH_OUT,29969.83,C638979364,40974.81,11004.98,C809297786,15650.37,45620.2,0,0
274,PAYMENT,2333.16,C642488730,11246.27,8913.11,M444213130,0.0,0.0,0,0
292,CASH_IN,7748.66,C648047719,9150.12,16898.78,C785536053,60662.88,52914.22,0,0
40,PAYMENT,81.78,C830117718,2491.89,2410.11,M618925536,0.0,0.0,0,0
68,CASH_OUT,100311.55,C473589686,101200.38,888.83,C393820788,22409.67,122721.22,0,0
322,CASH_OUT,108581.98,C841779638,129833.26,21251.28,C274782698,125258.66,233840.64,0,0
35,CASH_IN,81665.77,C801024412,31361.68,113027.45,C195702288,147530.3,65864.53,0,0
13,PAYMENT,11017.42,C502032848,12492.62,1475.2,M680338098,0.0,0.0,0,0
175,PAYMENT,108.68,C526817850,1426.21,1317.53,M743133102,0.0,0.0,0,0
689,PAYMENT,3790.68,C101418038,6206.33,2415.65,M225815501,0.0,0.0,0,0
506,PAYMENT,286.38,C177347973,26105.67,25819.29,M631801905,0.0,0.0,0,0
195,PAYMENT,17145.53,C414943482,57635.63,40490.1,M855635771,0.0,0.0,0,0
743,PAYMENT,7262.21,C179454453,7931.28,669.07,M997512493,0.0,0.0,0,0
45,TRANSFER,5136.2,C971718109,13626.39,8490.19,C833890160,60820.86,65957.06,0,0
410,PAYMENT,7789.38,C856621458,18454.45,10665.07,M696233692,0.0,0.0,0,0
421,CASH_OUT,55213.08,C931268571,94040.8,38827.72,C972892918,84435.38,139648.46,0,0
136,DEBIT,1310.02,C415500047,11594.7,10284.68,C636605297,22532.32,23842.34,0,0
375,PAYMENT,6723.34,C459614010,10938.95,4215.61,M898675976,0.0,0.0,0,0
183,CASH_OUT,12793.15,C170508100,22469.96,9676.81,C505282510,27221.57,40014.72,0,0
80,DEBIT,1312.28,C955330359,12806.77,11494.49,C173363634,3507.5,4819.78,0,0
734,PAYMENT,6488.08,C503490619,9694.38,3206.3,M522582648,0.0,0.0,0,0
405,CASH_OUT,47128.05,C535407505,63569.19,16441.14,C199422478,98461.24,145589.29,0,0
491,PAYMENT,591.05,C953380530,7850.3,7259.25,M797629374,0.0,0.0,0,0
232,PAYMENT,1475.39,C543005777,5136.86,3661.47,M281827222,0.0,0.0,0,0
425,CASH_OUT,16510.25,C504429275,27186.15,10675.9,C620096303,50077.36,66587.61,0,0
510,CASH_OUT,28824.01,C457982651,34193.37,5369.36,C270278307,166065.29,194889.3,0,0
124,PAYMENT,899.28,C448358456,3392.18,2492.9,M116372807,0.0,0.0,0,0
6,CASH_IN,47814.45,C317301702,19386.32,67200.77,C216918374,57656.98,9842.53,0,0
601,PAYMENT,10164.61,C440696804,25829.88,15665.27,M365030486,0.0,0.0,0,0
657,PAYMENT,3437.74,C947765001,15656.02,12218.28,M330962400,0.0,0.0,0,0
624,PAYMENT,1444.97,C962077155,3440.49,1995.52,M374094009,0.0,0.0,0,0
469,TRANSFER,5971.68,C640405145,32529.2,26557.52,C874150658,1017.47,6989.15,0,0
201,PAYMENT,4566.01,C139921292,5340.94,774.93,M545124791,0.0,0.0,0,0
651,CASH_OUT,104311.43,C977320076,142906.58,38595.15,C855936049,84168.37,188479.8,0,0
697,DEBIT,1680.56,C703518374,14703.41,13022.85,C696309955,6487.13,8167.69,0,0
329,PAYMENT,552.86,C862636833,6981.58,6428.72,M852954637,0.0,0.0,0,0
586,PAYMENT,1482.9,C664032113,5790.36,4307.46,M171986394,0.0,0.0,0,0
478,DEBIT,197.56,C625851902,10023.24,9825.68,C484014394,52534.67,52732.23,0,0
225,CASH_IN,17489.21,C864121667,82671.59,100160.8,C906667717,33627.59,16138.38,0,0
276,CASH_OUT,15090.99,C360049371,28319.5,13228.51,C761384369,43106.29,58197.28,0,0
463,DEBIT,542.89,C197998606,2348.91,1806.02,C548792353,33054.87,33597.76,0,0
111,CASH_OUT,111137.39,C250277944,127690.68,16553.29,C652789592,17359.3,128496.69,0,0
562,CASH_OUT,8933.22,C150188506,26982.74,18049.52,C392446134,48077.87,57011.09,0,0
308,CASH_IN,16576.52,C754441775,16055.53,32632.05,C566181935,29941.1,13364.58,0,0
657,PAYMENT,3460.18,C415942214,10278.58,6818.4,M867644825,0.0,0.0,0,0
659,DEBIT,6089.64,C870194190,8582.77,2493.13,C571454370,14788.32,20877.96,0,0
739,PAYMENT,2068.35,C894955711,6986.39,4918.04,M318688164,0.0,0.0,0,0
241,PAYMENT,3140.39,C687112196,19468.05,16327.66,M323096735,0.0,0.0,0,0
626,CASH_OUT,1771.02,C759183711,29141.21,27370.19,C665697221,23106.22,24877.24,0,0
624,PAYMENT,575.43,C637045723,7383.64,6808.21,M853056378,0.0,0.0,0,0
407,CASH_IN,7722.86,C472419690,3672.35,11395.21,C787001772,38394.31,30671.45,0,0
309,TRANSFER,73573.4,C737547907,90875.66,17302.26,C345500660,8170.5,81743.9,0,0
548,PAYMENT,5872.32,C665496422,18253.84,12381.52,M109677746,0.0,0.0,0,0
518,CASH_OUT,8306.61,C777208214,38131.16,29824.55,C278516515,4775.08,13081.69,0,0
202,CASH_OUT,5368.94,C370593762,16099.28,10730.34,C868767776,77954.71,83323.65,0,0
168,CASH_IN,60312.79,C317245350,28883.21,89196.0,C290990776,80927.77,20614.98,0,0
502,CASH_OUT,158636.56,C598719377,171615.88,12979.32,C103288332,10007.09,168643.65,0,0
336,CASH_OUT,61074.15,C883636294,85517.31,24443.16,C568261567,17233.22,78307.37,0,0
708,CASH_OUT,35427.58,C430376300,51708.47,16280.89,C358940275,15124.87,50552.45,0,0
176,PAYMENT,3146.43,C872063742,4590.34,1443.91,M758855954,0.0,0.0,0,0
125,CASH_IN,34829.36,C360883617,87700.69,122530.05,C590930588,57319.14,22489.78,0,0
307,CASH_OUT,42262.74,C231031176,46665.56,4402.82,C127079548,81980.11,124242.85,0,0
152,CASH_IN,47215.35,C175703177,96505.23,143720.58,C997307473,113087.56,65872.21,0,0
234,CASH_OUT,77211.34,C371099512,121376.02,44164.68,C452133721,32185.27,109396.61,0,0
722,CASH_OUT,79123.05,C825747468,92730.68,13607.63,C263656003,27159.52,106282.57,0,0
76,DEBIT,2513.98,C458691098,4962.57,2448.59,C579564055,6999.88,9513.86,0,0
727,CASH_OUT,205740.2,C698826152,213936.43,8196.23,C650164047,1794.37,207534.57,0,0
140,CASH_OUT,28535.17,C937050772,52078.29,23543.12,C109946335,9401.64,37936.81,0,0
76,CASH_OUT,6245.72,C282119048,44127.38,37881.66,C754006767,27711.67,33957.39,0,0
412,CASH_OUT,215149.79,C652237052,225704.45,10554.66,C525643235,1019.37,216169.16,0,0
217,CASH_OUT,53092.48,C666324160,54675.28,1582.8,C644386500,37013.45,90105.93,0,0
380,CASH_OUT,1269427.7,C410846495,1269427.7,0.0,C455006550,5913.67,1275341.37,1,0
672,CASH_OUT,56545.2,C203682799,109218.26,52673.06,C785850176,11732.19,68277.39,0,0
252,PAYMENT,3101.8,C447205612,5262.56,2160.76,M293138528,0.0,0.0,0,0
558,TRANSFER,29413.19,C918348690,59402.65,29989.46,C150918103,48387.24,77800.43,0,0
480,CASH_OUT,90451.43,C628794144,95203.17,4751.74,C361435150,13458.72,103910.15,0,0
279,TRANSFER,15853.65,C814760083,62829.33,46975.68,C459064338,5665.67,21519.32,0,0
47,PAYMENT,10631.38,C690795504,16675.33,6043.95,M728236517,0.0,0.0,0,0
147,DEBIT,9302.88,C664023871,50917.63,41614.75,C128076890,10664.24,19967.12,0,0
664,PAYMENT,3731.2,C883402984,12699.52,8968.32,M761348037,0.0,0.0,0,0
410,CASH_IN,48409.49,C422120763,23790.31,72199.8,C292623473,105636.11,57226.62,0,0
706,CASH_OUT,107218.96,C928993037,140378.21,33159.25,C362448431,137506.06,244725.02,0,0
576,TRANSFER,1217783.82,C341097670,1217783.82,0.0,C506371727,0.0,0.0,1,0
397,PAYMENT,1609.71,C973139216,11381.48,9771.77,M355713179,0.0,0.0,0,0
711,PAYMENT,5651.19,C918851011,7579.62,1928.43,M272849977,0.0,0.0,0,0
367,PAYMENT,12570.53,C252292271,24144.7,11574.17,M818311069,0.0,0.0,0,0
491,PAYMENT,11964.04,C270327839,13713.52,1749.48,M214747612,0.0,0.0,0,0
233,PAYMENT,2948.23,C854096869,6638.81,3690.58,M934789195,0.0,0.0,0,0
361,PAYMENT,6216.98,C959439097,11779.71,5562.73,M891970020,0.0,0.0,0,0
541,PAYMENT,1043.56,C648607930,8181.47,7137.91,M350792236,0.0,0.0,0,0
353,PAYMENT,1465.6,C885545918,14098.19,12632.59,M313584994,0.0,0.0,0,0
117,CASH_IN,18003.39,C573047128,16132.33,34135.72,C481500010,254645.57,236642.18,0,0
325,DEBIT,1724.27,C328311410,11764.94,10040.67,C642037926,4634.98,6359.25,0,0
532,PAYMENT,5742.36,C102199436,8561.49,2819.13,M749214934,0.0,0.0,0,0
458,CASH_OUT,77291.65,C505609365,85569.75,8278.1,C139012508,68444.16,145735.81,0,0
605,PAYMENT,8458.41,C376192918,14953.79,6495.38,M444142019,0.0,0.0,0,0
209,PAYMENT,2102.56,C436506156,16678.67,14576.11,M753620824,0.0,0.0,0,0
248,CASH_IN,17828.7,C683644330,8064.05,25892.75,C430865388,158466.48,140637.78,0,0
92,CASH_OUT,20322.09,C418469278,31923.2,11601.11,C952468595,38231.25,58553.34,0,0
61,PAYMENT,4982.53,C211227122,45301.53,40319.0,M358149644,0.0,0.0,0,0
179,CASH_OUT,20185.03,C225364232,26885.03,6700.0,C428511709,7112.74,27297.77,0,0
133,CASH_OUT,10362.78,C145594677,19330.04,8967.26,C979492387,55558.44,65921.22,0,0
221,TRANSFER,17266.9,C843903376,29266.41,11999.51,C637172825,41501.54,58768.44,0,0
234,CASH_IN,85167.73,C119330722,9042.65,94210.38,C966645148,93270.57,8102.84,0,0
246,PAYMENT,467.56,C161540230,672.13,204.57,M420608100,0.0,0.0,0,0
32,TRANSFER,20473.2,C121957674,94586.05,74112.85,C274174325,7874.22,28347.42,0,0
48,CASH_OUT,38134.31,C669055420,60900.66,22766.35,C380205615,2380.63,40514.94,0,0
326,CASH_IN,48905.95,C674446654,11603.56,60509.51,C905002419,72027.7,23121.75,0,0
154,CASH_IN,16431.11,C870296044,3473.32,19904.43,C117939324,49282.53,32851.42,0,0
187,CASH_OUT,73998.2,C777946222,79742.82,5744.62,C293264725,2793.09,76791.29,0,0
332,PAYMENT,4112.48,C820876167,4334.46,221.98,M879481269,0.0,0.0,0,0
253,PAYMENT,7267.89,C819463105,15491.75,8223.86,M140259368,0.0,0.0,0,0
9,CASH_OUT,53341.51,C923866058,58606.16,5264.65,C755079301,11600.43,64941.94,0,0
279,PAYMENT,8601.5,C154037233,12163.89,3562.39,M964507312,0.0,0.0,0,0
445,CASH_IN,55604.69,C418101145,121926.73,177531.42,C310801637,109353.91,53749.22,0,0
236,PAYMENT,276.01,C788002754,6908.2,6632.19,M682012907,0.0,0.0,0,0
458,PAYMENT,944.0,C257220884,6730.56,5786.56,M563879362,0.0,0.0,0,0
390,CASH_IN,32231.55,C126330736,35665.6,67897.15,C459703293,48546.28,16314.73,0,0
66,DEBIT,517.83,C476909391,12235.95,11718.12,C845993638,19029.23,19547.06,0,0
331,CASH_OUT,72383.99,C665802560,102531.93,30147.94,C523674797,58806.46,131190.45,0,0
32,CASH_OUT,12316.23,C661661948,16364.82,4048.59,C396632578,59184.95,71501.18,0,0
623,TRANSFER,16562.92,C467338644,20494.9,3931.98,C804669368,2653.22,19216.14,0,0
468,CASH_OUT,7999.73,C454332123,49342.58,41342.85,C583125175,9536.92,17536.65,0,0
655,CASH_OUT,47345.26,C705562022,52409.38,5064.12,C493764408,40772.31,88117.57,0,0
132,PAYMENT,26266.82,C265861963,42522.09,16255.27,M411270137,0.0,0.0,0,0
523,TRANSFER,1443.73,C234636225,127240.39,125796.66,C117237727,52279.94,53723.67,0,0
680,PAYMENT,5114.06,C739546190,27466.63,22352.57,M739645429,0.0,0.0,0,0
544,CASH_IN,32147.18,C592731384,14147.67,46294.85,C324481580,46208.28,14061.1,0,0
89,PAYMENT,3417.61,C730225611,18645.29,15227.68,M465063514,0.0,0.0,0,0
254,DEBIT,6775.09,C285943559,10658.74,3883.65,C439126378,7754.87,14529.96,0,0
279,DEBIT,2401.64,C966701230,8525.24,6123.6,C453671331,37940.25,40341.89,0,0
405,CASH_IN,143178.21,C398779433,3426.44,146604.65,C265126368,156708.8,13530.59,0,0
457,CASH_OUT,82152.63,C785386561,91058.61,8905.98,C395618259,43382.36,125534.99,0,0
184,CASH_IN,4991.15,C904234188,2577.13,7568.28,C595283513,89161.76,84170.61,0,0
495,CASH_OUT,22906.0,C119862848,50533.99,27627.99,C898060094,82945.39,105851.39,0,0
736,PAYMENT,4023.89,C654142773,6923.72,2899.83,M651542457,0.0,0.0,0,0
210,PAYMENT,12758.09,C134162959,13317.31,559.22,M698314119,0.0,0.0,0,0
655,CASH_OUT,41865.33,C744794635,67853.47,25988.14,C997077077,30633.72,72499.05,0,0
254,PAYMENT,5812.96,C305738480,48386.6,42573.64,M158227824,0.0,0.0,0,0
72,CASH_OUT,28170.37,C677960026,28545.71,375.34,C410599204,31040.68,59211.05,0,0
655,CASH_OUT,22371.32,C766600979,31547.77,9176.45,C815085369,76604.07,98975.39,0,0
669,CASH_OUT,127496.35,C793363364,141341.79,13845.44,C118361846,49373.86,176870.21,0,0
642,CASH_OUT,22494.6,C444579070,26514.11,4019.51,C781508141,129627.29,152121.89,0,0
27,PAYMENT,2603.63,C979860566,7632.61,5028.98,M193540858,0.0,0.0,0,0
124,CASH_OUT,4731.19,C157139829,7268.01,2536.82,C665584149,48082.07,52813.26,0,0
258,CASH_OUT,52606.74,C512191749,66465.45,13858.71,C741390881,83397.75,136004.49,0,0
328,CASH_OUT,172209.63,C404768232,173021.47,811.84,C475894697,33692.24,205901.87,0,0
685,CASH_OUT,130670.76,C244582355,135725.02,5054.26,C232492482,47839.2,178509.96,0,0
187,PAYMENT,1961.88,C182772485,7172.18,5210.3,M698253430,0.0,0.0,0,0
35,TRANSFER,1085.19,C247023084,27713.81,26628.62,C282613459,125062.89,126148.08,0,0
395,CASH_OUT,8706.77,C800179668,13026.54,4319.77,C897835155,4358.27,13065.04,0,0
1,TRANSFER,51567.2,C468271959,55410.83,3843.63,C240494241,12016.29,63583.49,0,0
221,TRANSFER,141597.28,C242088937,154856.58,13259.3,C323196232,95467.83,237065.11,0,0
447,PAYMENT,1038.35,C995470266,1635.47,597.12,M246552082,0.0,0.0,0,0
119,DEBIT,850.94,C548508050,14254.42,13403.48,C591041635,24065.37,24916.31,0,0
493,CASH_IN,191616.85,C569265334,25944.0,217560.85,C899944265,198379.47,6762.62,0,0
736,CASH_IN,32632.64,C988296618,67820.57,100453.21,C653484536,32714.62,81.98,0,0
729,CASH_OUT,17133.8,C535840713,39839.55,22705.75,C271173653,28446.28,45580.08,0,0
367,TRANSFER,11399.51,C679609659,37240.06,25840.55,C239506214,16229.36,27628.87,0,0
718,CASH_IN,75349.84,C267385038,99706.06,175055.9,C729774537,129764.59,54414.75,0,0
702,PAYMENT,4945.92,C928077883,43780.21,38834.29,M443465595,0.0,0.0,0,0
273,PAYMENT,1636.14,C552034876,3694.48,2058.34,M593016465,0.0,0.0,0,0
289,PAYMENT,1774.85,C124314906,28830.22,27055.37,M615662640,0.0,0.0,0,0
174,CASH_OUT,19023.69,C389471284,47966.26,28942.57,C672483821,54929.69,73953.38,0,0
723,DEBIT,3266.67,C160639065,6386.05,3119.38,C782610135,9534.24,12800.91,0,0
174,TRANSFER,63342.63,C300761644,65188.77,1846.14,C626225404,23054.15,86396.78,0,0
680,TRANSFER,49849.61,C556098168,59221.79,9372.18,C271481936,115876.26,165725.87,0,0
108,CASH_OUT,2032.19,C946893595,16689.96,14657.77,C202234550,7269.57,9301.76,0,0
218,PAYMENT,15740.32,C544652842,19479.16,3738.84,M881162731,0.0,0.0,0,0
672,PAYMENT,1068.04,C215450920,10689.19,9621.15,M215855129,0.0,0.0,0,0
480,PAYMENT,2300.58,C571628108,42139.93,39839.35,M322752609,0.0,0.0,0,0
38,PAYMENT,1551.01,C753003164,20390.37,18839.36,M563321038,0.0,0.0,0,0
461,CASH_IN,29692.72,C765371768,14060.62,43753.34,C700170132,72715.73,43023.01,0,0
317,CASH_OUT,11613.3,C179180651,16780.12,5166.82,C229720331,362.62,11975.92,0,0
464,CASH_IN,12343.14,C319711628,11789.47,24132.61,C290027695,104268.68,91925.54,0,0
71,CASH_OUT,24554.71,C138624419,39763.08,15208.37,C176359940,15452.43,40007.14,0,0
165,PAYMENT,9489.01,C216153057,10106.75,617.74,M359350703,0.0,0.0,0,0
101,CASH_IN,44372.88,C517361341,14677.55,59050.43,C824792078,128005.81,83632.93,0,0
712,CASH_OUT,154164.86,C333446521,196287.52,42122.66,C819398832,4520.47,158685.33,0,0
160,PAYMENT,3349.46,C726400466,3598.53,249.07,M464049173,0.0,0.0,0,0
524,CASH_OUT,11936.35,C555410225,30978.08,19041.73,C483459303,51298.96,63235.31,0,0
461,PAYMENT,8030.75,C414216395,17386.52,9355.77,M388383220,0.0,0.0,0,0
18,PAYMENT,4472.6,C314714066,15569.95,11097.35,M775990017,0.0,0.0,0,0
446,PAYMENT,5502.29,C675893673,17503.34,12001.05,M322436631,0.0,0.0,0,0
487,PAYMENT,6051.23,C396500568,13356.78,7305.55,M428083325,0.0,0.0,0,0
633,CASH_OUT,53420.36,C867257077,73823.52,20403.16,C516867964,88951.19,142371.55,0,0
500,PAYMENT,302.28,C529567637,13448.42,13146.14,M791467886,0.0,0.0,0,0
657,CASH_OUT,35011.23,C512364143,47196.29,12185.06,C782361957,21119.21,56130.44,0,0
118,TRANSFER,86795.55,C119939111,152097.02,65301.47,C894483895,734.25,87529.8,0,0
371,CASH_IN,44263.41,C543633645,53214.12,97477.53,C641307046,79682.56,35419.15,0,0
240,CASH_OUT,939854.36,C940501615,939854.36,0.0,C516870128,11163.88,951018.24,1,0
59,PAYMENT,2626.04,C489896111,26884.1,24258.06,M886796789,0.0,0.0,0,0
545,TRANSFER,50829.69,C711695498,56460.28,5630.59,C280934290,6954.31,57784.0,0,0
42,PAYMENT,2040.97,C804377592,10199.54,8158.57,M302878246,0.0,0.0,0,0
260,CASH_IN,18247.24,C113205547,50905.7,69152.94,C924220830,54913.32,36666.08,0,0
368,PAYMENT,4059.41,C782120154,11283.32,7223.91,M712933975,0.0,0.0,0,0
521,PAYMENT,660.4,C569704457,2355.62,1695.22,M761900924,0.0,0.0,0,0
328,CASH_OUT,1159.6,C696632905,45393.28,44233.68,C203841333,34183.9,35343.5,0,0
324,DEBIT,607.31,C110863662,5758.47,5151.16,C705606709,7496.41,8103.72,0,0
95,CASH_IN,45817.14,C444933137,21496.67,67313.81,C863475496,60160.04,14342.9,0,0
168,PAYMENT,1843.93,C354511213,2869.31,1025.38,M640886788,0.0,0.0,0,0
349,PAYMENT,5242.54,C480631823,18434.8,13192.26,M711299721,0.0,0.0,0,0
417,PAYMENT,4597.87,C209626028,22669.83,18071.96,M748661183,0.0,0.0,0,0
57,PAYMENT,3368.69,C555800784,4377.68,1008.99,M577865501,0.0,0.0,0,0
54,CASH_OUT,52048.9,C300907193,60027.48,7978.58,C171547454,15173.23,67222.13,0,0
248,TRANSFER,96863.42,C212914031,107810.91,10947.49,C255623748,21291.88,118155.3,0,0
497,TRANSFER,76041.1,C130088999,89221.54,13180.44,C316017616,7824.87,83865.97,0,0
51,CASH_OUT,61133.68,C997188639,61291.34,157.66,C337428835,15951.18,77084.86,0,0
508,CASH_OUT,23689.47,C212772161,47496.68,23807.21,C379917023,11645.93,35335.4,0,0
585,TRANSFER,32830.36,C532228690,122574.86,89744.5,C812425845,28147.67,60978.03,0,0
589,CASH_OUT,123072.09,C835572061,139171.59,16099.5,C553159226,39984.1,163056.19,0,0
136,PAYMENT,2014.96,C165932792,9970.68,7955.72,M677281956,0.0,0.0,0,0
508,PAYMENT,2732.57,C990440017,7485.6,4753.03,M820364806,0.0,0.0,0,0
397,PAYMENT,925.03,C120064530,7770.63,6845.6,M354169225,0.0,0.0,0,0
308,PAYMENT,3116.24,C319810934,5593.14,2476.9,M966485076,0.0,0.0,0,0
576,PAYMENT,2199.32,C755539275,46893.43,44694.11,M339075387,0.0,0.0,0,0
505,CASH_IN,4756.27,C168610648,13696.44,18452.71,C270731226,45214.04,40457.77,0,0
496,CASH_OUT,32258.55,C662266745,40781.79,8523.24,C340835396,39504.65,71763.2,0,0
636,TRANSFER,77460.42,C318071646,94346.26,16885.84,C491733764,10730.32,88190.74,0,0
20,DEBIT,56.49,C997273649,14829.79,14773.3,C889154568,1447.95,1504.44,0,0
626,CASH_IN,100886.36,C721836413,37670.17,138556.53,C846665561,174148.81,73262.45,0,0
439,PAYMENT,788.13,C466667259,15949.13,15161.0,M178566155,0.0,0.0,0,0
694,PAYMENT,7239.91,C114434783,10483.35,3243.44,M515132557,0.0,0.0,0,0
643,PAYMENT,1608.08,C591043595,10067.35,8459.27,M640727318,0.0,0.0,0,0
610,TRANSFER,50846.84,C982776652,86117.32,35270.48,C609470159,23146.89,73993.73,0,0
633,PAYMENT,5849.4,C159056659,12489.52,6640.12,M649155264,0.0,0.0,0,0
228,PAYMENT,2331.57,C977167002,20015.92,17684.35,M258231479,0.0,0.0,0,0
69,PAYMENT,226.81,C815541868,16430.83,16204.02,M770585899,0.0,0.0,0,0
237,PAYMENT,5769.6,C604832719,20414.25,14644.65,M310067627,0.0,0.0,0,0
223,PAYMENT,15087.47,C765278388,42934.82,27847.35,M227278582,0.0,0.0,0,0
433,PAYMENT,2364.71,C594853024,9357.78,6993.07,M938212064,0.0,0.0,0,0
720,CASH_OUT,28733.33,C859100350,43295.45,14562.12,C104169539,65999.4,94732.73,0,0
161,TRANSFER,382053.77,C256558342,382053.77,0.0,C129467648,0.0,382053.77,1,0
492,DEBIT,4011.77,C473959524,16616.48,12604.71,C807342125,3740.22,7751.99,0,0
206,CASH_OUT,94988.22,C152935912,99161.12,4172.9,C147694639,48655.68,143643.9,0,0
669,PAYMENT,6479.58,C766743894,51265.57,44785.99,M790181881,0.0,0.0,0,0
81,PAYMENT,12626.91,C361192438,37192.65,24565.74,M734262795,0.0,0.0,0,0
65,PAYMENT,759.45,C524069309,9439.67,8680.22,M453050202,0.0,0.0,0,0
623,CASH_IN,4288.1,C903743594,40608.66,44896.76,C150526038,30886.54,26598.44,0,0
637,DEBIT,2863.57,C852950549,3616.1,752.53,C269115932,10959.82,13823.39,0,0
307,PAYMENT,1588.58,C738230688,74747.66,73159.08,M579479185,0.0,0.0,0,0
44,PAYMENT,7964.97,C294064230,18869.75,10904.78,M538249422,0.0,0.0,0,0
680,DEBIT,2722.29,C955952389,16541.11,13818.82,C191757187,12713.02,15435.31,0,0
620,CASH_IN,40067.71,C976518091,52401.68,92469.39,C841668115,198308.93,158241.22,0,0
556,CASH_OUT,18182.83,C245025829,32772.32,14589.49,C233095284,54921.06,73103.89,0,0
268,CASH_OUT,38862.49,C300351535,38862.49,0.0,C403686096,19654.2,58516.69,1,0
666,TRANSFER,531.88,C516403081,64088.63,63556.75,C669893250,17645.65,18177.53,0,0
47,PAYMENT,7784.14,C874061766,13878.6,6094.46,M769366123,0.0,0.0,0,0
367,CASH_OUT,5665.05,C531637335,13657.98,7992.93,C405818216,8397.07,14062.12,0,0
508,PAYMENT,689.4,C884711631,7671.63,6982.23,M252941642,0.0,0.0,0,0
219,PAYMENT,5188.78,C832007799,7694.63,2505.85,M419577817,0.0,0.0,0,0
438,TRANSFER,4312.2,C598883965,28727.31,24415.11,C512630815,54985.55,59297.75,0,0
354,PAYMENT,7212.16,C101084258,20949.82,13737.66,M607435980,0.0,0.0,0,0
424,CASH_IN,1981.47,C923983355,36451.45,38432.92,C614795009,97274.27,95292.8,0,0
457,PAYMENT,15395.36,C555887833,18660.46,3265.1,M705745035,0.0,0.0,0,0
720,PAYMENT,1531.37,C535752247,7673.15,6141.78,M881974447,0.0,0.0,0,0
456,PAYMENT,3507.93,C455007418,3649.73,141.8,M238148769,0.0,0.0,0,0
13,CASH_OUT,103583.75,C344354363,131255.48,27671.73,C753300329,78109.93,181693.68,0,0
317,CASH_IN,27029.43,C736470858,30172.41,57201.84,C159793895,119977.82,92948.39,0,0
285,CASH_IN,9831.25,C601587907,73230.45,83061.7,C800334011,28832.5,19001.25,0,0
474,PAYMENT,4663.19,C404525799,11161.93,6498.74,M538497855,0.0,0.0,0,0
132,CASH_IN,87613.63,C388794632,47888.84,135502.47,C443561958,127972.34,40358.71,0,0
631,PAYMENT,4029.61,C331720628,7857.89,3828.28,M318864566,0.0,0.0,0,0
226,PAYMENT,18990.11,C894813029,19606.13,616.02,M466722533,0.0,0.0,0,0
698,PAYMENT,6124.86,C200173898,7390.74,1265.88,M112152364,0.0,0.0,0,0
492,CASH_OUT,26199.95,C662842357,28241.4,2041.45,C124049105,117824.39,144024.34,0,0
204,CASH_IN,89485.97,C469746005,40962.04,130448.01,C557921859,175087.04,85601.07,0,0
676,PAYMENT,4375.95,C136865888,6993.68,2617.73,M669590128,0.0,0.0,0,0
360,PAYMENT,6560.28,C586822656,10107.71,3547.43,M747410460,0.0,0.0,0,0
53,PAYMENT,1381.08,C687625288,3922.76,2541.68,M214485021,0.0,0.0,0,0
242,PAYMENT,14363.8,C347089467,16129.44,1765.64,M636003292,0.0,0.0,0,0
470,CASH_OUT,67496.28,C809271515,70543.66,3047.38,C385891432,71469.37,138965.65,0,0
427,PAYMENT,479.85,C444496877,7649.01,7169.16,M609482025,0.0,0.0,0,0
185,PAYMENT,211.94,C711786449,12300.09,12088.15,M887376760,0.0,0.0,0,0
64,TRANSFER,6366.34,C560474599,20691.8,14325.46,C947291990,285.86,6652.2,0,0
52,TRANSFER,7131.91,C833043962,18000.79,10868.88,C716175535,59059.2,66191.11,0,0
711,PAYMENT,1681.42,C605556095,16960.39,15278.97,M257575543,0.0,0.0,0,0
372,CASH_OUT,48976.68,C689255619,124790.91,75814.23,C393749296,4230.1,53206.78,0,0
146,PAYMENT,1441.83,C854597464,6933.62,5491.79,M622104693,0.0,0.0,0,0
247,CASH_IN,78146.41,C903014161,8489.31,86635.72,C368109778,197260.19,119113.78,0,0
382,CASH_IN,31133.34,C799108012,21418.71,52552.05,C352233677,56887.24,25753.9,0,0
595,PAYMENT,10827.42,C179174334,19489.93,8662.51,M735460750,0.0,0.0,0,0
61,CASH_IN,25728.13,C264315301,41985.03,67713.16,C942401649,26098.9,370.77,0,0
631,CASH_IN,6402.46,C178523162,1584.98,7987.44,C419554413,58192.43,51789.97,0,0
549,CASH_OUT,50473.9,C482587852,54180.28,3706.38,C343765256,3099.11,53573.01,0,0
282,CASH_OUT,90819.73,C297169456,124083.14,33263.41,C435212203,90179.72,180999.45,0,0
74,PAYMENT,7176.29,C559483368,32198.22,25021.93,M777349158,0.0,0.0,0,0
594,CASH_OUT,31475.46,C894003469,39686.52,8211.06,C433009975,38614.15,70089.61,0,0
192,TRANSFER,8824.3,C850188818,16663.91,7839.61,C910089199,49223.86,58048.16,0,0
425,CASH_OUT,121582.29,C103526032,136887.26,15304.97,C702233914,14274.14,135856.43,0,0
688,CASH_OUT,48769.57,C347322482,75827.48,27057.91,C873349762,32737.92,81507.49,0,0
306,CASH_IN,5983.5,C417193274,16570.85,22554.35,C509592739,205400.23,199416.73,0,0
519,CASH_OUT,153383.0,C377329446,174146.53,20763.53,C326861045,20309.73,173692.73,0,0
371,CASH_IN,37088.41,C416815656,76485.01,113573.42,C243830667,37112.17,23.76,0,0
364,CASH_OUT,25376.67,C805390065,47705.9,22329.23,C688279968,2272.12,27648.79,0,0
634,PAYMENT,974.15,C358730958,3549.42,2575.27,M622957575,0.0,0.0,0,0
482,CASH_OUT,62205.25,C591621564,73039.73,10834.48,C614898158,48016.19,110221.44,0,0
500,CASH_IN,126754.41,C576961676,30513.5,157267.91,C288716941,203011.38,76256.97,0,0
88,CASH_OUT,71265.09,C420311120,73140.66,1875.57,C347206028,27143.29,98408.38,0,0
674,PAYMENT,5744.91,C878050822,24404.47,18659.56,M126371800,0.0,0.0,0,0
20,DEBIT,1874.17,C232658379,25349.59,23475.42,C987464741,19471.01,21345.18,0,0
534,TRANSFER,6450.35,C360752183,47757.25,41306.9,C141799203,50555.95,57006.3,0,0
272,PAYMENT,6994.47,C696883989,10245.97,3251.5,M236069749,0.0,0.0,0,0
345,CASH_IN,82431.33,C929445297,60564.47,142995.8,C701507956,103884.19,21452.86,0,0
289,CASH_OUT,77026.48,C464365080,96687.58,19661.1,C396014240,16471.68,93498.16,0,0
328,TRANSFER,66696.35,C332097712,139375.13,72678.78,C303126663,2272.69,68969.04,0,0
154,PAYMENT,3878.54,C407689650,40769.76,36891.22,M213195306,0.0,0.0,0,0
427,PAYMENT,93.39,C343588074,2161.27,2067.88,M362037437,0.0,0.0,0,0
168,PAYMENT,8007.82,C305902713,12540.62,4532.8,M958518434,0.0,0.0,0,0
692,CASH_OUT,91190.39,C571157796,92953.26,1762.87,C518212414,23094.51,114284.9,0,0
125,CASH_IN,6797.23,C278941242,6861.17,13658.4,C140254742,18104.77,11307.54,0,0
247,PAYMENT,3028.66,C109324807,13217.92,10189.26,M613803469,0.0,0.0,0,0
600,CASH_IN,1901.38,C155036878,93.72,1995.1,C385460962,27808.32,25906.94,0,0
738,CASH_OUT,53251.78,C722214069,66788.17,13536.39,C483502441,77027.81,130279.59,0,0
350,PAYMENT,653.22,C828804095,26227.63,25574.41,M476757869,0.0,0.0,0,0
72,CASH_IN,53567.54,C591663927,65770.15,119337.69,C173518246,172947.6,119380.06,0,0
225,PAYMENT,2276.72,C257251893,47159.85,44883.13,M708990780,0.0,0.0,0,0
360,CASH_OUT,40751.73,C454919986,41701.28,949.55,C360204270,98303.71,139055.44,0,0
20,CASH_OUT,33739.78,C583902822,54945.02,21205.24,C878096224,1604.3,35344.08,0,0
196,CASH_IN,13781.37,C229673360,16274.01,30055.38,C860790992,79797.54,66016.17,0,0
701,PAYMENT,67.45,C505513897,3825.75,3758.3,M504706582,0.0,0.0,0,0
298,CASH_OUT,48610.28,C606969668,60749.25,12138.97,C250572984,101887.92,150498.2,0,0
487,CASH_OUT,13088.19,C275756110,16149.13,3060.94,C313177922,17224.05,30312.24,0,0
21,CASH_OUT,89200.48,C314165378,131881.6,42681.12,C728900904,22713.51,111913.99,0,0
620,PAYMENT,649.3,C354331380,6834.04,6184.74,M731780826,0.0,0.0,0,0
447,CASH_IN,17475.42,C918804074,25062.85,42538.27,C420408791,166521.4,149045.98,0,0
551,CASH_OUT,27974.12,C178926977,34357.2,6383.08,C448819553,90235.28,118209.4,0,0
137,TRANSFER,53245.35,C795139560,77281.4,24036.05,C761923954,73127.76,126373.11,0,0
220,PAYMENT,11856.14,C212026848,11878.7,22.56,M309265764,0.0,0.0,0,0
171,PAYMENT,1628.55,C365087015,6173.75,4545.2,M388263340,0.0,0.0,0,0
228,PAYMENT,15750.06,C618426171,24941.99,9191.93,M261572802,0.0,0.0,0,0
648,CASH_IN,19909.35,C188572820,160854.02,180763.37,C834746068,44391.88,24482.53,0,0
387,DEBIT,2124.42,C752361835,4498.94,2374.52,C976321444,29167.83,31292.25,0,0
88,PAYMENT,1981.44,C354441693,14193.72,12212.28,M329816807,0.0,0.0,0,0
700,CASH_OUT,167519.34,C688366634,173710.47,6191.13,C952054596,16376.92,183896.26,0,0
671,CASH_OUT,69933.03,C503708406,76350.82,6417.79,C795303327,81806.87,151739.9,0,0
107,CASH_OUT,19752.9,C331931400,59723.73,39970.83,C365379959,55023.65,74776.55,0,0
109,CASH_OUT,8599.52,C792029463,55648.06,47048.54,C651855776,7270.85,15870.37,0,0
436,CASH_IN,1154.24,C720317075,45048.57,46202.81,C964132259,21152.03,19997.79,0,0
198,PAYMENT,2620.01,C252148784,17562.38,14942.37,M218935245,0.0,0.0,0,0
146,PAYMENT,1016.67,C125760749,7445.69,6429.02,M473428375,0.0,0.0,0,0
32,CASH_OUT,238991.88,C568092978,245955.81,6963.93,C259988814,49548.55,288540.43,0,0
662,CASH_IN,101988.28,C665192259,29954.46,131942.74,C272273917,129891.44,27903.16,0,0
525,PAYMENT,1732.9,C229449011,28028.12,26295.22,M704923144,0.0,0.0,0,0
588,PAYMENT,947.48,C967340384,11695.83,10748.35,M399095694,0.0,0.0,0,0
446,TRANSFER,122975.22,C457907043,125107.87,2132.65,C697155259,30728.66,153703.88,0,0
115,TRANSFER,39269.84,C469369581,53929.94,14660.1,C723368253,37377.53,76647.37,0,0
309,PAYMENT,3838.23,C521313361,5235.9,1397.67,M762757997,0.0,0.0,0,0
699,PAYMENT,4627.68,C767302896,4905.8,278.12,M207585877,0.0,0.0,0,0
356,CASH_OUT,15159.91,C995570579,38120.83,22960.92,C881138351,113017.36,128177.27,0,0
578,CASH_IN,4731.27,C943427871,29093.6,33824.87,C760121183,104066.01,99334.74,0,0
370,CASH_OUT,11831.8,C590494808,41767.55,29935.75,C557706936,26653.13,38484.93,0,0
350,PAYMENT,5402.85,C831017088,30578.12,25175.27,M430161722,0.0,0.0,0,0
183,CASH_IN,221392.6,C308040182,40961.28,262353.88,C482663767,348524.22,127131.62,0,0
219,PAYMENT,210.45,C664265608,10691.76,10481.31,M334336501,0.0,0.0,0,0
631,CASH_OUT,12908.91,C869005254,25080.71,12171.8,C975722640,122521.8,135430.71,0,0
724,CASH_OUT,333222.05,C391290613,394396.37,61174.32,C532059545,42581.07,375803.12,0,0
246,CASH_OUT,82055.02,C345284089,102957.33,20902.31,C136961849,14871.68,96926.7,0,0
416,CASH_OUT,43636.72,C619099737,49347.09,5710.37,C774740922,1003.12,44639.84,0,0
290,DEBIT,7973.47,C138892680,15318.08,7344.61,C175013969,15098.11,23071.58,0,0
572,PAYMENT,5163.94,C675109968,10386.54,5222.6,M771156464,0.0,0.0,0,0
128,TRANSFER,34361.33,C820556117,74230.17,39868.84,C963257914,3276.75,37638.08,0,0
157,PAYMENT,2315.02,C149687547,3171.35,856.33,M464023265,0.0,0.0,0,0
582,TRANSFER,30191.35,C553938752,64082.61,33891.26,C765714939,36150.95,66342.3,0,0
204,PAYMENT,5598.22,C230662819,22548.05,16949.83,M823136414,0.0,0.0,0,0
370,PAYMENT,5850.05,C518570807,17532.15,11682.1,M415358554,0.0,0.0,0,0
714,PAYMENT,8938.88,C285589773,10122.16,1183.28,M179059802,0.0,0.0,0,0
461,CASH_OUT,96113.58,C257976246,144567.21,48453.63,C610555524,20315.31,116428.89,0,0
95,CASH_OUT,54918.33,C250600591,89246.46,34328.13,C627376642,12102.11,67020.44,0,0
217,CASH_OUT,112920.14,C215447977,172853.11,59932.97,C419697253,2278.59,115198.73,0,0
324,PAYMENT,1343.9,C106229084,2281.52,937.62,M949294583,0.0,0.0,0,0
238,PAYMENT,1861.16,C532998035,16025.16,14164.0,M405931438,0.0,0.0,0,0
136,CASH_OUT,46523.26,C474390598,93745.21,47221.95,C285045287,11812.52,58335.78,0,0
208,PAYMENT,411.61,C282620434,12436.06,12024.45,M130759918,0.0,0.0,0,0
72,PAYMENT,591.46,C552938661,14940.05,14348.59,M825289951,0.0,0.0,0,0
695,PAYMENT,2109.36,C166773825,16951.02,14841.66,M399379111,0.0,0.0,0,0
597,CASH_OUT,6804.3,C507239232,10789.69,3985.39,C556410163,9108.83,15913.13,0,0
421,PAYMENT,27006.88,C579143617,41833.1,14826.22,M856714259,0.0,0.0,0,0
561,PAYMENT,3207.36,C773897423,14021.51,10814.15,M346817296,0.0,0.0,0,0
96,CASH_IN,12455.63,C502212101,62955.51,75411.14,C761495095,42533.72,30078.09,0,0
500,CASH_OUT,12315.86,C374487527,12547.8,231.94,C577456484,21419.04,33734.9,0,0
459,CASH_IN,58523.37,C421344135,37524.52,96047.89,C960179034,83923.97,25400.6,0,0
31,CASH_OUT,122328.48,C365741821,123198.75,870.27,C421646320,104544.45,226872.93,0,0
544,CASH_OUT,93401.92,C658376385,100444.2,7042.28,C501238489,17494.69,110896.61,0,0
507,TRANSFER,104251.62,C592537197,104974.44,722.82,C762250162,1587.94,105839.56,0,0
575,PAYMENT,290.17,C899478816,10952.8,10662.63,M984996247,0.0,0.0,0,0
219,CASH_IN,39888.32,C457685670,55609.56,95497.88,C192999078,118074.03,78185.71,0,0
705,PAYMENT,2062.44,C606389201,4971.88,2909.44,M127821433,0.0,0.0,0,0
687,TRANSFER,70622.31,C195207588,79188.41,8566.1,C202620241,1688.7,72311.01,0,0
672,CASH_OUT,26241.42,C268061769,41216.38,14974.96,C789697461,53928.51,80169.93,0,0
86,CASH_OUT,726397.05,C687240952,726397.05,0.0,C686808799,45675.16,772072.21,1,1
524,CASH_OUT,31219.61,C234444596,119858.5,88638.89,C291276179,151249.96,182469.57,0,0
561,TRANSFER,803433.54,C373498200,803433.54,0.0,C616300293,0.0,803433.54,1,0
693,CASH_OUT,75768.22,C100907865,82266.85,6498.63,C180147549,21.09,75789.31,0,0
33,PAYMENT,5306.08,C170542663,34340.63,29034.55,M435790515,0.0,0.0,0,0
29,PAYMENT,35403.36,C130633042,40601.1,5197.74,M922947250,0.0,0.0,0,0
723,CASH_IN,41395.37,C329318789,9233.91,50629.28,C185962459,265758.4,224363.03,0,0
740,CASH_OUT,19262.75,C690556066,28632.88,9370.13,C143045955,15104.14,34366.89,0,0
662,PAYMENT,8189.08,C421681866,15763.21,7574.13,M629853142,0.0,0.0,0,0
246,PAYMENT,541.29,C358597431,3555.2,3013.91,M870179316,0.0,0.0,0,0
585,CASH_OUT,6256.72,C248053614,44336.18,38079.46,C424581710,84284.15,90540.87,0,0
606,CASH_OUT,35311.53,C805271364,51003.69,15692.16,C824081728,25520.07,60831.6,0,0
333,PAYMENT,3235.06,C390495847,16617.44,13382.38,M425635312,0.0,0.0,0,0
295,CASH_IN,56448.94,C880128402,45650.15,102099.09,C750058109,63473.82,7024.88,0,0
80,CASH_OUT,48287.61,C238282561,49427.29,1139.68,C625237456,38321.64,86609.25,0,0
96,TRANSFER,3830.98,C515016367,18654.61,14823.63,C324483515,15467.94,19298.92,0,0
419,TRANSFER,14771.49,C461320577,36580.74,21809.25,C772321060,38767.52,53539.01,0,0
416,PAYMENT,1988.44,C363422659,2756.7,768.26,M882917228,0.0,0.0,0,0
125,PAYMENT,2646.68,C679412418,6499.49,3852.81,M700336217,0.0,0.0,0,0
531,CASH_OUT,158452.72,C230548670,176544.71,18091.99,C267865559,4574.57,163027.29,0,0
483,PAYMENT,4757.33,C236549520,9099.31,4341.98,M950398361,0.0,0.0,0,0
717,PAYMENT,14337.04,C968155325,39256.27,24919.23,M168054973,0.0,0.0,0,0
671,PAYMENT,3067.17,C842799127,9244.32,6177.15,M282948180,0.0,0.0,0,0
46,PAYMENT,4897.63,C431437859,19440.38,14542.75,M424391564,0.0,0.0,0,0
307,DEBIT,524.93,C715573229,8427.75,7902.82,C197521559,34664.85,35189.78,0,0
260,CASH_OUT,95337.47,C694559630,106698.34,11360.87,C948713419,56864.24,152201.71,0,0
568,PAYMENT,1858.32,C587026532,9775.7,7917.38,M104209777,0.0,0.0,0,0
151,CASH_IN,92381.06,C407003182,55392.4,147773.46,C501194374,102990.25,10609.19,0,0
357,CASH_IN,18676.04,C429216340,72578.41,91254.45,C384993690,20218.68,1542.64,0,0
22,PAYMENT,14412.27,C853420337,23088.2,8675.93,M867020782,0.0,0.0,0,0
523,CASH_IN,4551.39,C828646023,33559.78,38111.17,C908487485,39628.1,35076.71,0,0
82,CASH_IN,20429.76,C395177149,10338.01,30767.77,C696713688,32665.02,12235.26,0,0
420,CASH_IN,8530.85,C179491448,35492.95,44023.8,C497983118,22197.85,13667.0,0,0
127,PAYMENT,427.69,C751434118,12760.14,12332.45,M127322698,0.0,0.0,0,0
602,PAYMENT,290.82,C748540642,4054.06,3763.24,M823757155,0.0,0.0,0,0
737,PAYMENT,3410.89,C227672798,7373.93,3963.04,M880954785,0.0,0.0,0,0
309,TRANSFER,1236.2,C591435743,81790.48,80554.28,C882996011,22206.37,23442.57,0,0
283,CASH_IN,46895.36,C875323446,42487.37,89382.73,C430928724,59689.39,12794.03,0,0
458,PAYMENT,2943.09,C642678202,6296.54,3353.45,M265394347,0.0,0.0,0,0
342,PAYMENT,9387.76,C259454212,15272.93,5885.17,M288314849,0.0,0.0,0,0
80,TRANSFER,82109.91,C873741581,84242.12,2132.21,C149937461,13782.99,95892.9,0,0
96,PAYMENT,5215.18,C218615318,5372.65,157.47,M371035534,0.0,0.0,0,0
386,CASH_IN,90751.19,C466054317,195190.4,285941.59,C798871660,276165.38,185414.19,0,0
535,CASH_OUT,22448.52,C675726490,44495.52,22047.0,C424127831,33900.07,56348.59,0,0
466,CASH_OUT,21591.91,C784455863,29777.54,8185.63,C620478197,68537.94,90129.85,0,0
311,DEBIT,411.04,C862618243,19980.03,19568.99,C511607764,20169.09,20580.13,0,0
18,DEBIT,444.19,C827764036,17966.2,17522.01,C398483841,18257.65,18701.84,0,0
295,PAYMENT,7799.89,C152762577,9776.52,1976.63,M320174604,0.0,0.0,0,0
531,PAYMENT,521.19,C989527819,15022.31,14501.12,M401907316,0.0,0.0,0,0
292,CASH_OUT,15119.91,C398586537,15158.19,38.28,C517442086,176414.2,191534.11,0,0
375,PAYMENT,1114.83,C305501289,5512.89,4398.06,M103284645,0.0,0.0,0,0
62,CASH_OUT,80194.81,C405830512,85770.63,5575.82,C515417772,51699.36,131894.17,0,0
707,CASH_OUT,82618.09,C207921386,128807.17,46189.08,C303667225,46098.09,128716.18,0,0
213,CASH_OUT,30331.34,C195581755,63246.41,32915.07,C334842490,24374.28,54705.62,0,0
657,PAYMENT,1037.87,C508756770,29515.35,28477.48,M702573214,0.0,0.0,0,0
621,CASH_IN,16540.11,C244281658,27889.06,44429.17,C162388333,20367.91,3827.8,0,0
603,CASH_OUT,1247127.53,C685986348,1247127.53,0.0,C195784477,44116.03,1291243.56,1,0
429,PAYMENT,9209.14,C389859731,14663.93,5454.79,M187276844,0.0,0.0,0,0
556,PAYMENT,2744.25,C693482894,20716.3,17972.05,M156335705,0.0,0.0,0,0
112,TRANSFER,68231.18,C271420758,78526.25,10295.07,C909550006,12452.49,80683.67,0,0
469,CASH_IN,92456.06,C294115975,153442.32,245898.38,C983830880,172223.67,79767.61,0,0
708,CASH_OUT,24472.71,C643078201,53801.13,29328.42,C409027638,6922.05,31394.76,0,0
289,PAYMENT,13437.97,C600256161,50059.86,36621.89,M872112724,0.0,0.0,0,0
472,PAYMENT,4964.5,C663429537,10298.02,5333.52,M213107582,0.0,0.0,0,0
179,PAYMENT,1642.06,C957822255,30317.76,28675.7,M283710791,0.0,0.0,0,0
640,PAYMENT,5129.58,C263384404,12129.49,6999.91,M625287999,0.0,0.0,0,0
143,CASH_IN,60670.74,C178110322,89558.47,150229.21,C478079006,123379.83,62709.09,0,0
420,PAYMENT,11221.4,C591884995,18827.34,7605.94,M805665680,0.0,0.0,0,0
630,CASH_OUT,285576.57,C453983374,285576.57,0.0,C513339294,8108.73,293685.3,1,1
607,CASH_OUT,32453.7,C696766892,119846.97,87393.27,C877294296,50559.33,83013.03,0,0
706,CASH_OUT,35352.64,C527502421,73206.4,37853.76,C268670637,14304.26,49656.9,0,0
740,PAYMENT,2811.16,C379455777,6023.48,3212.32,M949764806,0.0,0.0,0,0
510,TRANSFER,101584.28,C974488984,151738.55,50154.27,C471864598,28237.42,129821.7,0,0
423,CASH_IN,20924.48,C931718327,76155.57,97080.05,C528134325,94980.28,74055.8,0,0
414,CASH_OUT,182051.06,C692271267,192172.88,10121.82,C694665891,36550.77,218601.83,0,0
626,CASH_IN,32878.6,C855105229,77954.74,110833.34,C337740248,113427.89,80549.29,0,0
489,PAYMENT,1650.78,C725254231,10693.58,9042.8,M183349748,0.0,0.0,0,0
111,CASH_IN,69745.19,C313848227,19681.8,89426.99,C919036574,76637.69,6892.5,0,0
441,PAYMENT,307.51,C276122836,765.04,457.53,M203657593,0.0,0.0,0,0
743,PAYMENT,2684.54,C272080943,40486.99,37802.45,M212255061,0.0,0.0,0,0
505,CASH_OUT,45778.03,C463103058,51356.62,5578.59,C653974367,92006.88,137784.91,0,0
523,PAYMENT,1137.66,C964068154,2090.28,952.62,M845796297,0.0,0.0,0,0
66,TRANSFER,47502.74,C139708040,51059.5,3556.76,C174246083,24992.21,72494.95,0,0
696,PAYMENT,2037.05,C915950350,9569.24,7532.19,M987297546,0.0,0.0,0,0
214,CASH_OUT,31435.79,C799877346,52695.95,21260.16,C698883058,4370.17,35805.96,0,0
701,PAYMENT,5686.28,C104296399,18760.38,13074.1,M813790100,0.0,0.0,0,0
399,DEBIT,270.16,C608739375,10630.68,10360.52,C517815393,27855.73,28125.89,0,0
659,PAYMENT,1960.36,C376724181,33055.69,31095.33,M937193782,0.0,0.0,0,0
337,DEBIT,565.26,C391819838,13572.24,13006.98,C851452088,27592.11,28157.37,0,0
78,PAYMENT,1201.46,C626215701,1501.33,299.87,M949703019,0.0,0.0,0,0
261,CASH_OUT,24834.67,C781452598,31894.74,7060.07,C374175257,36567.78,61402.45,0,0
731,PAYMENT,1610.35,C194579527,38007.7,36397.35,M359972526,0.0,0.0,0,0
323,PAYMENT,1423.62,C178991278,11663.73,10240.11,M676853921,0.0,0.0,0,0
496,TRANSFER,918076.5,C129009757,918076.5,0.0,C581551136,0.0,918076.5,1,1
85,PAYMENT,6161.47,C521490894,15252.94,9091.47,M961789848,0.0,0.0,0,0
103,PAYMENT,2064.25,C628308065,11732.09,9667.84,M887972978,0.0,0.0,0,0
677,CASH_OUT,8430.39,C491019404,36090.18,27659.79,C700525125,34087.95,42518.34,0,0
618,PAYMENT,5738.57,C126898134,6856.74,1118.17,M486023235,0.0,0.0,0,0
117,TRANSFER,556711.13,C758572178,556711.13,0.0,C684070556,0.0,556711.13,1,0
712,PAYMENT,2918.27,C212339789,26159.34,23241.07,M282021198,0.0,0.0,0,0
388,CASH_OUT,45108.56,C197826603,46744.21,1635.65,C419757054,88151.05,133259.61,0,0
16,PAYMENT,7442.45,C855227507,12454.34,5011.89,M430907849,0.0,0.0,0,0
357,PAYMENT,5787.89,C979111862,8775.69,2987.8,M893498120,0.0,0.0,0,0
556,CASH_OUT,107938.74,C123045201,110326.9,2388.16,C962649407,45544.95,153483.69,0,0
283,CASH_OUT,737.7,C290971848,2354.27,1616.57,C417947675,19883.14,20620.84,0,0
624,CASH_IN,74376.46,C576718861,63057.48,137433.94,C508163469,80728.5,6352.04,0,0
731,PAYMENT,6322.22,C318809670,10815.9,4493.68,M172219534,0.0,0.0,0,0
498,PAYMENT,14678.42,C412433245,15806.55,1128.13,M407873245,0.0,0.0,0,0
280,PAYMENT,7441.7,C851224524,41398.32,33956.62,M554902872,0.0,0.0,0,0
161,PAYMENT,10181.1,C633867579,21715.06,11533.96,M823204310,0.0,0.0,0,0
14,PAYMENT,332.68,C431266075,2267.89,1935.21,M264671629,0.0,0.0,0,0
429,TRANSFER,36005.02,C516966585,51392.69,15387.67,C489444645,9209.22,45214.24,0,0
409,DEBIT,2573.59,C922374783,3021.72,448.13,C411514499,12344.06,14917.65,0,0
171,CASH_OUT,81905.27,C721164755,107578.87,25673.6,C530137264,61992.6,143897.87,0,0
187,PAYMENT,2456.51,C172285763,8805.11,6348.6,M167410834,0.0,0.0,0,0
130,CASH_IN,18370.87,C796703721,144561.45,162932.32,C151837443,43608.61,25237.74,0,0
487,CASH_OUT,1046711.68,C143270940,1046711.68,0.0,C765395174,10856.45,1057568.13,1,0
316,CASH_IN,100030.8,C824639039,2269.96,102300.76,C963223218,150577.54,50546.74,0,0
124,PAYMENT,4456.3,C545898428,7469.47,3013.17,M634453042,0.0,0.0,0,0
646,PAYMENT,5333.69,C629339006,13987.95,8654.26,M991165033,0.0,0.0,0,0
184,TRANSFER,91210.38,C743480857,109666.46,18456.08,C149807118,252.14,91462.52,0,0
602,TRANSFER,15220.89,C794021149,18248.7,3027.81,C501635557,79041.84,94262.73,0,0
599,PAYMENT,3024.96,C183171927,17808.01,14783.05,M147417884,0.0,0.0,0,0
278,PAYMENT,3943.32,C147478303,9657.44,5714.12,M218192302,0.0,0.0,0,0
518,TRANSFER,151.87,C794193283,2946.94,2795.07,C779683848,1070.8,1222.67,0,0
393,PAYMENT,6451.32,C228770472,31790.96,25339.64,M243049732,0.0,0.0,0,0
145,CASH_IN,22195.81,C850904636,11710.61,33906.42,C990496562,198675.67,176479.86,0,0
604,PAYMENT,3244.23,C516765501,3385.02,140.79,M508063895,0.0,0.0,0,0
403,TRANSFER,177016.06,C918534951,203689.59,26673.53,C598675396,50498.55,227514.61,0,0
346,PAYMENT,8103.72,C336233792,10475.59,2371.87,M644354939,0.0,0.0,0,0
293,CASH_IN,35135.04,C320256047,54464.41,89599.45,C712342137,64582.72,29447.68,0,0
207,PAYMENT,1091.1,C631053892,8110.6,7019.5,M235501452,0.0,0.0,0,0
105,TRANSFER,25357.99,C650950469,33330.14,7972.15,C780644377,12174.68,37532.67,0,0
712,PAYMENT,168.91,C212081510,14490.79,14321.88,M904591808,0.0,0.0,0,0
535,CASH_OUT,85732.49,C182674818,128200.98,42468.49,C891887517,75815.72,161548.21,0,0
485,DEBIT,375.67,C190690581,2148.97,1773.3,C645894994,7845.93,8221.6,0,0
726,CASH_OUT,57068.18,C386247280,60372.13,3303.95,C931161558,32874.3,89942.48,0,0
82,CASH_OUT,12719.98,C327277062,15852.89,3132.91,C774162530,8157.68,20877.66,0,0
716,PAYMENT,463.86,C221251437,10949.33,10485.47,M254067486,0.0,0.0,0,0
266,PAYMENT,1315.36,C553437523,16877.35,15561.99,M285543891,0.0,0.0,0,0
137,CASH_IN,37727.16,C473077716,113099.26,150826.42,C954332865,182730.73,145003.57,0,0
619,CASH_OUT,20339.78,C800680441,69675.11,49335.33,C243914319,59751.22,80091.0,0,0
473,CASH_IN,145849.06,C990729995,20967.11,166816.17,C796165559,190030.44,44181.38,0,0
397,PAYMENT,238.79,C950013133,5190.2,4951.41,M233266173,0.0,0.0,0,0
621,PAYMENT,3592.7,C872975959,30444.46,26851.76,M507890772,0.0,0.0,0,0
534,TRANSFER,266894.53,C241031177,266894.53,0.0,C918988999,0.0,266894.53,1,0
200,CASH_OUT,67643.39,C987778983,70469.54,2826.15,C335473133,28637.71,96281.1,0,0
681,PAYMENT,10682.93,C998401584,11292.12,609.19,M119075099,0.0,0.0,0,0
452,CASH_OUT,34492.67,C846400409,42824.12,8331.45,C151556957,27341.76,61834.43,0,0
651,PAYMENT,573.12,C795258451,7355.3,6782.18,M227418443,0.0,0.0,0,0
311,PAYMENT,2378.07,C318509288,2537.3,159.23,M599666494,0.0,0.0,0,0
82,TRANSFER,160647.46,C453730553,210469.4,49821.94,C657994616,9469.69,170117.15,0,0
334,PAYMENT,4163.29,C114865333,6500.88,2337.59,M170658277,0.0,0.0,0,0
738,PAYMENT,2850.08,C607337027,18610.86,15760.78,M409382674,0.0,0.0,0,0
454,CASH_OUT,13868.76,C325297265,63078.08,49209.32,C596301244,9988.55,23857.31,0,0
405,CASH_OUT,51294.51,C893154027,66317.05,15022.54,C281149378,1184.42,52478.93,0,0
720,CASH_OUT,1013613.9,C923321543,1013613.9,0.0,C510687374,37248.12,1050862.02,1,0
727,CASH_IN,234.45,C215600939,51032.34,51266.79,C282159846,122503.22,122268.77,0,0
286,PAYMENT,1242.87,C363916774,23606.33,22363.46,M880804415,0.0,0.0,0,0
511,PAYMENT,4939.29,C778791389,10315.01,5375.72,M480979635,0.0,0.0,0,0
742,CASH_OUT,97582.16,C127962837,104432.5,6850.34,C419026526,64474.34,162056.5,0,0
10,CASH_OUT,17067.66,C911472402,29151.06,12083.4,C101479056,56869.15,73936.81,0,0
428,PAYMENT,3434.66,C298447244,7364.9,3930.24,M614320838,0.0,0.0,0,0
216,PAYMENT,2705.43,C470510256,12328.07,9622.64,M988269368,0.0,0.0,0,0
271,CASH_OUT,36654.95,C268747569,45164.11,8509.16,C472471292,41561.41,78216.36,0,0
401,TRANSFER,59899.0,C736131277,113492.08,53593.08,C759183929,10373.89,70272.89,0,0
342,CASH_OUT,98361.74,C242809147,149420.37,51058.63,C710566294,43745.11,142106.85,0,0
408,PAYMENT,1107.43,C330407135,20391.35,19283.92,M866943888,0.0,0.0,0,0
361,CASH_IN,22725.14,C779002381,56885.43,79610.57,C499534076,58725.46,36000.32,0,0
567,CASH_OUT,72616.27,C461358402,94673.62,22057.35,C994714482,126155.6,198771.87,0,0
109,PAYMENT,5942.76,C505145330,27557.47,21614.71,M132415355,0.0,0.0,0,0
502,TRANSFER,577949.16,C911701571,577949.16,0.0,C885744515,0.0,577949.16,1,1
32,PAYMENT,3791.9,C249349783,4872.68,1080.78,M405171541,0.0,0.0,0,0
422,TRANSFER,516828.79,C154959077,516828.79,0.0,C949914239,0.0,516828.79,1,0
343,CASH_OUT,28435.46,C486509241,31287.21,2851.75,C401266468,19321.09,47756.55,0,0
197,DEBIT,157.97,C143346683,4321.34,4163.37,C672357714,14637.22,14795.19,0,0
71,CASH_OUT,6647.59,C601870801,27194.14,20546.55,C173285816,44242.75,50890.34,0,0
207,PAYMENT,6115.25,C381710609,13957.71,7842.46,M455808358,0.0,0.0,0,0
174,PAYMENT,13685.79,C592553618,32944.88,19259.09,M876366460,0.0,0.0,0,0
114,CASH_IN,2818.37,C981725094,32731.73,35550.1,C715132777,10446.85,7628.48,0,0
315,CASH_OUT,3912.95,C189444957,35856.1,31943.15,C687354840,6028.63,9941.58,0,0
505,PAYMENT,8400.84,C265125419,10901.22,2500.38,M201927020,0.0,0.0,0,0
737,CASH_OUT,11663.67,C442635001,14802.86,3139.19,C933775534,71062.11,82725.78,0,0
159,PAYMENT,851.8,C280291624,64970.28,64118.48,M647770145,0.0,0.0,0,0
64,DEBIT,3272.71,C486169827,9603.62,6330.91,C383759006,745.87,4018.58,0,0
406,CASH_OUT,31552.78,C175857511,49236.28,17683.5,C796494880,72813.62,104366.4,0,0
333,CASH_IN,70637.27,C139380576,12924.81,83562.08,C673330663,177236.38,106599.11,0,0
185,PAYMENT,702.63,C823981700,9003.55,8300.92,M533618955,0.0,0.0,0,0
384,PAYMENT,1853.42,C556539171,19094.69,17241.27,M365361733,0.0,0.0,0,0
593,PAYMENT,2580.9,C373984708,13876.04,11295.14,M695989288,0.0,0.0,0,0
283,DEBIT,4279.95,C518034300,19111.17,14831.22,C877963231,20446.31,24726.26,0,0
726,CASH_OUT,39615.02,C144244395,41213.7,1598.68,C902269161,44747.64,84362.66,0,0
109,DEBIT,3467.46,C598914109,5140.59,1673.13,C607177567,15667.25,19134.71,0,0
731,PAYMENT,2791.61,C544846807,3808.51,1016.9,M600060097,0.0,0.0,0,0
341,PAYMENT,7654.72,C365475245,19117.52,11462.8,M272058790,0.0,0.0,0,0
126,DEBIT,1937.73,C604448007,22945.85,21008.12,C674332375,3564.17,5501.9,0,0
733,TRANSFER,32352.8,C866896617,36785.82,4433.02,C319785296,33688.16,66040.96,0,0
612,CASH_IN,95917.67,C821431944,27834.54,123752.21,C929123076,216392.36,120474.69,0,0
578,PAYMENT,7480.92,C995765110,8811.15,1330.23,M672027700,0.0,0.0,0,0
46,CASH_OUT,10541.43,C530578291,13361.32,2819.89,C516865818,21321.5,31862.93,0,0
70,TRANSFER,10380.8,C770477026,47099.18,36718.38,C645434367,24160.81,34541.61,0,0
331,PAYMENT,5458.45,C185842776,10100.37,4641.92,M449895027,0.0,0.0,0,0
411,DEBIT,400.42,C450507791,4665.54,4265.12,C142019244,13150.91,13551.33,0,0
368,CASH_IN,4924.77,C992276751,46226.52,51151.29,C458527151,33168.31,28243.54,0,0
395,CASH_OUT,29099.5,C515615531,32640.43,3540.93,C461329782,9046.85,38146.35,0,0
659,CASH_IN,19580.88,C670890388,27637.93,47218.81,C339765368,85787.62,66206.74,0,0
83,CASH_IN,21289.15,C983367967,13418.73,34707.88,C146217207,25849.89,4560.74,0,0
76,CASH_OUT,126672.08,C944556898,149739.75,23067.67,C974466995,25236.39,151908.47,0,0
291,PAYMENT,7753.67,C554623735,14583.25,6829.58,M257134136,0.0,0.0,0,0
15,PAYMENT,1247.57,C258080956,7181.48,5933.91,M771356383,0.0,0.0,0,0
368,CASH_OUT,34789.13,C925365034,49324.84,14535.71,C445392353,1479.62,36268.75,0,0
694,PAYMENT,9625.67,C350325373,15655.31,6029.64,M901346831,0.0,0.0,0,0
168,CASH_OUT,26501.3,C676338345,35112.23,8610.93,C217515665,5299.25,31800.55,0,0
208,PAYMENT,8160.67,C441433268,24653.28,16492.61,M881665240,0.0,0.0,0,0
160,CASH_OUT,44998.94,C976069005,64682.66,19683.72,C791782028,22750.44,67749.38,0,0
238,PAYMENT,5688.36,C902268168,11748.57,6060.21,M663095887,0.0,0.0,0,0
172,CASH_IN,163330.22,C398591045,12262.63,175592.85,C525376185,419041.34,255711.12,0,0
388,CASH_OUT,140576.28,C332122660,146333.49,5757.21,C313311666,15107.9,155684.18,0,0
739,PAYMENT,5760.31,C767311151,21701.01,15940.7,M400703541,0.0,0.0,0,0
367,CASH_OUT,27264.55,C282641892,39627.16,12362.61,C937369462,62630.65,89895.2,0,0
281,CASH_OUT,24121.44,C202286942,47405.85,23284.41,C198881520,11051.54,35172.98,0,0
333,CASH_OUT,51944.62,C758298315,54846.17,2901.55,C611040304,9315.7,61260.32,0,0
406,PAYMENT,1329.72,C109460607,43155.98,41826.26,M230108117,0.0,0.0,0,0
420,TRANSFER,36068.24,C705851695,59268.83,23200.59,C468570598,192850.38,228918.62,0,0
161,PAYMENT,7068.98,C478355668,12401.61,5332.63,M444374867,0.0,0.0,0,0
234,PAYMENT,1457.56,C914373124,35432.92,33975.36,M273881277,0.0,0.0,0,0
348,DEBIT,1812.65,C405904876,29956.14,28143.49,C383103996,15397.06,17209.71,0,0
628,PAYMENT,6266.75,C640229599,15435.28,9168.53,M498871141,0.0,0.0,0,0
454,TRANSFER,2940.47,C666689979,67759.91,64819.44,C669172672,2644.85,5585.32,0,0
202,PAYMENT,965.35,C614797539,1255.94,290.59,M460267284,0.0,0.0,0,0
563,PAYMENT,2547.16,C780930695,5159.84,2612.68,M962159282,0.0,0.0,0,0
515,CASH_OUT,56782.22,C513814851,118371.37,61589.15,C440348149,28616.1,85398.32,0,0
471,TRANSFER,46487.05,C884255679,59529.02,13041.97,C303417099,118162.05,164649.1,0,0
445,CASH_IN,76546.78,C466036033,130637.35,207184.13,C103686035,111092.39,34545.61,0,0
138,TRANSFER,16173.38,C194805260,39629.18,23455.8,C387330019,95680.21,111853.59,0,0
508,PAYMENT,2456.94,C695989656,9460.31,7003.37,M460098918,0.0,0.0,0,0
319,PAYMENT,673.31,C137433217,12684.06,12010.75,M417272099,0.0,0.0,0,0
372,PAYMENT,961.92,C330174206,2534.1,1572.18,M887407740,0.0,0.0,0,0
65,TRANSFER,27924.63,C119248708,64531.37,36606.74,C940719426,5066.8,32991.43,0,0
346,CASH_OUT,5963.85,C761948884,9974.31,4010.46,C339971709,65035.29,70999.14,0,0
614,PAYMENT,6147.88,C144191044,17676.46,11528.58,M480637765,0.0,0.0,0,0
359,PAYMENT,6554.95,C469369902,8147.49,1592.54,M969706646,0.0,0.0,0,0
32,CASH_OUT,50944.55,C114508208,54696.7,3752.15,C827853972,78767.75,129712.3,0,0
638,PAYMENT,1064.45,C384313211,8956.36,7891.91,M484279449,0.0,0.0,0,0
46,PAYMENT,383.06,C692942114,29533.18,29150.12,M705026505,0.0,0.0,0,0
351,CASH_IN,9383.87,C595986842,2078.14,11462.01,C519288401,18352.05,8968.18,0,0
165,CASH_OUT,79552.44,C911829683,85418.29,5865.85,C353840913,34699.51,114251.95,0,0
20,TRANSFER,9570.28,C608512848,12708.64,3138.36,C238471349,8000.82,17571.1,0,0
129,CASH_OUT,73093.89,C220646596,74794.7,1700.81,C203033702,10588.24,83682.13,0,0
475,PAYMENT,3703.27,C620700079,4251.33,548.06,M999130788,0.0,0.0,0,0
60,CASH_OUT,42592.26,C542988286,59695.87,17103.61,C457752723,11819.93,54412.19,0,0
54,DEBIT,247.46,C430253920,3675.23,3427.77,C712648896,25944.97,26192.43,0,0
426,PAYMENT,4034.52,C721659067,31042.75,27008.23,M102298064,0.0,0.0,0,0
601,DEBIT,1923.63,C574312027,4159.48,2235.85,C787900491,6440.92,8364.55,0,0
423,PAYMENT,927.03,C171284371,7219.39,6292.36,M835775686,0.0,0.0,0,0
707,CASH_OUT,111827.22,C385385964,120505.72,8678.5,C424807378,17413.64,129240.86,0,0
386,PAYMENT,444.17,C937098899,3205.97,2761.8,M319723740,0.0,0.0,0,0
119,CASH_OUT,41988.86,C483888214,112801.62,70812.76,C856344413,85955.6,127944.46,0,0
597,PAYMENT,1396.11,C350069663,6261.45,4865.34,M658662325,0.0,0.0,0,0
146,CASH_OUT,125685.72,C158847448,149687.53,24001.81,C402066412,16769.29,142455.01,0,0
435,CASH_IN,49711.99,C105369251,62363.49,112075.48,C208419176,84989.27,35277.28,0,0
485,CASH_OUT,30741.74,C543044774,110586.23,79844.49,C132471010,8891.95,39633.69,0,0
690,CASH_IN,21050.04,C409330527,52210.3,73260.34,C110189709,25956.34,4906.3,0,0
378,PAYMENT,104.95,C970996846,11205.93,11100.98,M951374270,0.0,0.0,0,0
358,TRANSFER,40980.17,C369085825,82023.64,41043.47,C797922942,2370.7,43350.87,0,0
571,CASH_OUT,62095.04,C257159314,81082.8,18987.76,C312719301,22062.39,84157.43,0,0
687,PAYMENT,16041.6,C626836359,20872.75,4831.15,M957660010,0.0,0.0,0,0
35,CASH_OUT,229350.33,C658547618,240424.13,11073.8,C414043229,28181.19,257531.52,0,0
241,PAYMENT,6435.09,C167262176,19890.93,13455.84,M989790511,0.0,0.0,0,0
60,CASH_OUT,102105.41,C153508463,105508.39,3402.98,C496624813,169073.57,271178.98,0,0
350,PAYMENT,1168.25,C998291433,7435.18,6266.93,M212522984,0.0,0.0,0,0
546,CASH_OUT,35951.42,C671094226,79644.35,43692.93,C765976416,180716.93,216668.35,0,0
411,DEBIT,6208.16,C695182886,7759.74,1551.58,C956387574,6269.45,12477.61,0,0
40,PAYMENT,7902.54,C761313838,23283.15,15380.61,M593895336,0.0,0.0,0,0
90,CASH_IN,52691.24,C166722574,49507.54,102198.78,C564038646,91499.52,38808.28,0,0
672,CASH_OUT,66241.85,C685773573,85734.64,19492.79,C389142220,26502.49,92744.34,0,0
26,CASH_OUT,87197.5,C868134947,93097.6,5900.1,C496462260,36409.94,123607.44,0,0
653,CASH_OUT,10120.73,C199045841,10567.56,446.83,C349012987,17521.83,27642.56,0,0
592,PAYMENT,8760.65,C669527003,19485.78,10725.13,M446888103,0.0,0.0,0,0
623,CASH_IN,37528.45,C461687323,42773.25,80301.7,C710940901,111127.4,73598.95,0,0
329,CASH_OUT,9211.48,C555675974,15383.76,6172.28,C933964909,23582.75,32794.23,0,0
452,PAYMENT,3641.67,C914873226,16079.05,12437.38,M197497317,0.0,0.0,0,0
425,PAYMENT,1582.39,C188027464,2058.21,475.82,M982277560,0.0,0.0,0,0
416,CASH_IN,26869.27,C496822952,35078.09,61947.36,C940249185,33069.57,6200.3,0,0
518,PAYMENT,8039.4,C142448488,14829.24,6789.84,M863222177,0.0,0.0,0,0
273,CASH_OUT,2265.3,C912432706,21330.55,19065.25,C846343996,47286.83,49552.13,0,0
411,CASH_OUT,71553.03,C287117861,141786.83,70233.8,C377267865,2175.77,73728.8,0,0
437,TRANSFER,24106.45,C410621247,75500.06,51393.61,C715153568,12655.15,36761.6,0,0
159,CASH_OUT,74261.9,C624191545,118560.51,44298.61,C659812532,16687.1,90949.0,0,0
187,CASH_OUT,72815.14,C706725444,80965.62,8150.48,C451562540,3168.99,75984.13,0,0
134,CASH_IN,24983.41,C563934533,60022.85,85006.26,C904325155,60964.54,35981.13,0,0
594,CASH_OUT,42351.54,C680819836,49241.35,6889.81,C733360179,73068.06,115419.6,0,0
121,PAYMENT,449.62,C941184514,2828.02,2378.4,M359000017,0.0,0.0,0,0
541,PAYMENT,1489.29,C481933026,4005.31,2516.02,M926547044,0.0,0.0,0,0
376,PAYMENT,1581.39,C848726870,3515.12,1933.73,M385389204,0.0,0.0,0,0
16,PAYMENT,1786.87,C240251450,10838.39,9051.52,M663628564,0.0,0.0,0,0
186,CASH_IN,21357.81,C276617203,65997.74,87355.55,C250484005,56356.77,34998.96,0,0
269,PAYMENT,3299.76,C801285023,16715.69,13415.93,M552901882,0.0,0.0,0,0
207,CASH_OUT,78214.39,C759840374,83570.1,5355.71,C632773146,156423.54,234637.93,0,0
575,CASH_OUT,13287.01,C537343199,32475.45,19188.44,C212878898,28452.62,41739.63,0,0
185,CASH_IN,45844.96,C570560134,35214.63,81059.59,C503195302,116940.65,71095.69,0,0
4,CASH_IN,5195.52,C251181298,56787.39,61982.91,C444267035,87261.27,82065.75,0,0
393,CASH_IN,73927.89,C554238807,68603.59,142531.48,C650575472,364773.37,290845.48,0,0
458,PAYMENT,7803.1,C979047402,26416.28,18613.18,M759033900,0.0,0.0,0,0
186,CASH_IN,90179.8,C926422948,57204.74,147384.54,C924799753,125012.19,34832.39,0,0
634,PAYMENT,1766.38,C675998986,9991.03,8224.65,M607059106,0.0,0.0,0,0
246,CASH_OUT,106974.23,C952164879,124081.41,17107.18,C278842739,20300.34,127274.57,0,0
403,CASH_OUT,9611.91,C170033323,23020.6,13408.69,C489879169,69185.98,78797.89,0,0
367,CASH_IN,3487.42,C867597091,106655.22,110142.64,C915537029,151590.2,148102.78,0,0
8,CASH_IN,60140.33,C249408491,43498.79,103639.12,C679183793,80406.21,20265.88,0,0
34,CASH_OUT,2346.35,C384976122,36939.66,34593.31,C333491795,72495.85,74842.2,0,0
647,CASH_IN,7052.77,C236082181,25298.2,32350.97,C785041575,34272.68,27219.91,0,0
551,CASH_IN,23067.5,C756269371,2034.34,25101.84,C278263144,141765.8,118698.3,0,0
47,CASH_IN,21367.74,C370876315,2918.75,24286.49,C203032091,198417.75,177050.01,0,0
373,PAYMENT,649.72,C809719963,9770.61,9120.89,M630927713,0.0,0.0,0,0
22,CASH_OUT,16072.24,C196770627,18482.95,2410.71,C391029176,4843.8,20916.04,0,0
596,PAYMENT,2584.55,C258109014,16036.21,13451.66,M567352221,0.0,0.0,0,0
662,PAYMENT,869.02,C741528272,9027.07,8158.05,M535506061,0.0,0.0,0,0
288,DEBIT,2860.54,C144639047,44261.11,41400.57,C207481454,33003.05,35863.59,0,0
302,PAYMENT,734.41,C202968425,997.67,263.26,M164802593,0.0,0.0,0,0
696,CASH_OUT,5146.03,C336001492,43579.89,38433.86,C428646649,5761.82,10907.85,0,0
138,TRANSFER,17529.39,C255167250,49590.57,32061.18,C935329361,5159.51,22688.9,0,0
701,CASH_IN,45345.11,C372121435,12845.55,58190.66,C724251760,117568.69,72223.58,0,0
77,PAYMENT,5357.15,C755043866,11495.73,6138.58,M495192022,0.0,0.0,0,0
31,PAYMENT,2942.77,C704856652,6880.1,3937.33,M695865675,0.0,0.0,0,0
655,CASH_OUT,74245.9,C130894659,81132.18,6886.28,C316628277,57534.9,131780.8,0,0
52,CASH_IN,5806.24,C146480828,22134.29,27940.53,C997533648,65788.38,59982.14,0,0
722,PAYMENT,1555.4,C982007570,6801.85,5246.45,M153464038,0.0,0.0,0,0
69,PAYMENT,2605.94,C738335801,3695.16,1089.22,M605286718,0.0,0.0,0,0
360,PAYMENT,682.07,C936448639,1100.4,418.33,M468841705,0.0,0.0,0,0
53,PAYMENT,8956.31,C398151584,18466.41,9510.1,M530260140,0.0,0.0,0,0
62,DEBIT,82.15,C113989857,5829.35,5747.2,C343568273,7099.35,7181.5,0,0
321,PAYMENT,1432.76,C291734557,2903.34,1470.58,M519462788,0.0,0.0,0,0
184,PAYMENT,2132.77,C627816980,11790.93,9658.16,M162239614,0.0,0.0,0,0
361,CASH_IN,65308.86,C852121362,4678.16,69987.02,C342008897,183058.86,117750.0,0,0
223,TRANSFER,1267.71,C839806847,1267.99,0.28,C316913655,8881.21,10148.92,0,0
502,CASH_IN,33221.63,C835969336,97742.04,130963.67,C694400420,63172.47,29950.84,0,0
51,PAYMENT,1352.48,C138679027,2834.33,1481.85,M300612208,0.0,0.0,0,0
18,PAYMENT,3813.68,C332098277,5933.68,2120.0,M344734318,0.0,0.0,0,0
323,CASH_OUT,3743.33,C391723548,13443.47,9700.14,C230759305,17582.14,21325.47,0,0
336,TRANSFER,20109.38,C356138369,63708.14,43598.76,C458146417,67649.3,87758.68,0,0
97,CASH_OUT,34691.91,C833078442,36766.93,2075.02,C639033616,3119.45,37811.36,0,0
560,CASH_OUT,173016.83,C613907313,229485.55,56468.72,C920663800,122161.58,295178.41,0,0
245,TRANSFER,666277.23,C148488201,666277.23,0.0,C123978405,0.0,0.0,1,1
113,CASH_OUT,24312.85,C529924134,74375.7,50062.85,C908592659,31530.61,55843.46,0,0
156,PAYMENT,896.11,C564401389,28751.4,27855.29,M460569045,0.0,0.0,0,0
160,CASH_OUT,46299.33,C493551623,64217.06,17917.73,C685409294,21265.29,67564.62,0,0
256,TRANSFER,28941.15,C434220461,64247.79,35306.64,C100103253,14439.41,43380.56,0,0
326,PAYMENT,306.16,C208973681,1576.78,1270.62,M732984522,0.0,0.0,0,0
475,PAYMENT,2870.41,C524659197,24251.19,21380.78,M233590568,0.0,0.0,0,0
527,TRANSFER,46720.34,C393367922,120210.43,73490.09,C501862607,37571.96,84292.3,0,0
581,CASH_OUT,1135562.53,C629744161,1135562.53,0.0,C437378532,3095.41,1138657.94,1,0
59,CASH_OUT,65822.4,C541854860,77399.07,11576.67,C714440935,14144.18,79966.58,0,0
218,TRANSFER,69603.24,C393506558,74896.0,5292.76,C445887707,6576.08,76179.32,0,0
214,CASH_OUT,22629.38,C260545526,61820.31,39190.93,C308026465,25247.08,47876.46,0,0
486,PAYMENT,5605.41,C240125915,5790.6,185.19,M982326712,0.0,0.0,0,0
61,CASH_OUT,22779.14,C592793298,38855.31,16076.17,C591697900,15891.23,38670.37,0,0
114,PAYMENT,1017.18,C296637600,12783.33,11766.15,M446363673,0.0,0.0,0,0
715,CASH_OUT,116346.77,C158031233,123037.88,6691.11,C993697471,42446.15,158792.92,0,0
80,CASH_IN,28787.99,C583728742,77684.25,106472.24,C587755966,66936.64,38148.65,0,0
73,TRANSFER,63212.5,C902613081,64147.89,935.39,C991684020,56723.92,119936.42,0,0
261,DEBIT,143.6,C353301958,3103.92,2960.32,C410473301,927.02,1070.62,0,0
521,TRANSFER,716765.06,C782262515,716765.06,0.0,C764149009,0.0,0.0,1,1
209,CASH_OUT,12696.02,C256211526,31861.21,19165.19,C834522335,75149.05,87845.07,0,0
128,TRANSFER,1021713.76,C212403622,1021713.76,0.0,C412226057,0.0,0.0,1,0
701,CASH_IN,4164.07,C464348194,122688.29,126852.36,C935715983,114326.52,110162.45,0,0
208,PAYMENT,1697.94,C409975860,18566.33,16868.39,M722959510,0.0,0.0,0,0
72,PAYMENT,3461.62,C903685106,5577.18,2115.56,M273202562,0.0,0.0,0,0
476,CASH_OUT,68184.42,C602722901,71791.46,3607.04,C383927624,46515.26,114699.68,0,0
451,PAYMENT,4158.55,C383910653,7823.5,3664.95,M783810559,0.0,0.0,0,0
657,TRANSFER,126259.46,C678470332,157940.63,31681.17,C764216949,64553.96,190813.42,0,0
432,CASH_OUT,267.31,C833068353,6412.46,6145.15,C583114064,116680.78,116948.09,0,0
425,PAYMENT,4243.39,C948253793,9624.1,5380.71,M332130532,0.0,0.0,0,0
47,PAYMENT,9174.75,C221648856,10792.43,1617.68,M166950974,0.0,0.0,0,0
389,PAYMENT,7041.84,C692426632,33202.53,26160.69,M114620513,0.0,0.0,0,0
19,CASH_IN,35655.78,C126039419,63110.13,98765.91,C929333729,63468.27,27812.49,0,0
66,PAYMENT,3884.66,C670462902,17671.97,13787.31,M569349548,0.0,0.0,0,0
316,PAYMENT,14068.42,C674815966,53315.28,39246.86,M545934452,0.0,0.0,0,0
737,PAYMENT,3424.53,C661627040,16597.3,13172.77,M982981763,0.0,0.0,0,0
716,CASH_OUT,37152.13,C933429139,47313.79,10161.66,C482323331,50544.79,87696.92,0,0
555,PAYMENT,3689.7,C131328077,4751.76,1062.06,M440841000,0.0,0.0,0,0
722,PAYMENT,7889.57,C633720546,18541.24,10651.67,M718237235,0.0,0.0,0,0
282,CASH_OUT,9775.69,C693191584,30415.87,20640.18,C573685161,22986.91,32762.6,0,0
723,PAYMENT,1868.96,C493668400,53774.36,51905.4,M346798144,0.0,0.0,0,0
116,CASH_OUT,47197.47,C529515917,61539.6,14342.13,C328334559,19656.62,66854.09,0,0
235,CASH_OUT,23134.95,C784730492,55223.17,32088.22,C498674176,1287.11,24422.06,0,0
337,DEBIT,3878.93,C187363230,4168.52,289.59,C664896526,89175.17,93054.1,0,0
64,CASH_OUT,1595.05,C469445305,20247.41,18652.36,C965328818,16082.52,17677.57,0,0
711,TRANSFER,30177.81,C796059392,43712.39,13534.58,C455264836,93274.58,123452.39,0,0
439,PAYMENT,824.62,C222240378,1679.9,855.28,M557318238,0.0,0.0,0,0
654,CASH_OUT,9589.71,C620480884,27132.6,17542.89,C387710721,31432.46,41022.17,0,0
15,CASH_IN,14728.87,C602222124,31764.86,46493.73,C899793785,58743.07,44014.2,0,0
228,CASH_IN,9130.79,C298062385,144716.35,153847.14,C320332210,193238.68,184107.89,0,0
321,CASH_IN,20893.38,C620268494,18899.05,39792.43,C107374655,274919.26,254025.88,0,0
557,PAYMENT,4578.55,C781622955,6567.69,1989.14,M797220148,0.0,0.0,0,0
590,PAYMENT,12749.57,C105639113,38794.77,26045.2,M474035124,0.0,0.0,0,0
708,PAYMENT,2477.82,C178680980,14233.29,11755.47,M283400468,0.0,0.0,0,0
174,CASH_OUT,30007.77,C661185173,48324.91,18317.14,C664381777,29800.53,59808.3,0,0
717,PAYMENT,6557.95,C707649544,12551.58,5993.63,M914964141,0.0,0.0,0,0
75,CASH_OUT,2243.77,C540605100,29362.74,27118.97,C965242457,84734.82,86978.59,0,0
328,PAYMENT,195.32,C566145628,12126.97,11931.65,M660020649,0.0,0.0,0,0
101,PAYMENT,11764.3,C756571158,19937.36,8173.06,M933713888,0.0,0.0,0,0
306,CASH_OUT,17674.56,C358065380,57260.25,39585.69,C303162445,71071.8,88746.36,0,0
183,CASH_OUT,35278.89,C579919210,50394.53,15115.64,C507489010,35165.35,70444.24,0,0
30,PAYMENT,2160.89,C761157320,3076.09,915.2,M787470853,0.0,0.0,0,0
604,PAYMENT,1927.07,C928285303,14772.73,12845.66,M527238099,0.0,0.0,0,0
639,CASH_OUT,62661.25,C899492420,71900.19,9238.94,C335814695,13082.77,75744.02,0,0
265,TRANSFER,21292.59,C951073538,73106.17,51813.58,C270461628,7298.83,28591.42,0,0
297,CASH_OUT,108735.74,C969062248,147390.57,38654.83,C743433222,19873.5,128609.24,0,0
226,TRANSFER,48462.06,C371976934,63189.35,14727.29,C810740146,5.27,48467.33,0,0
183,TRANSFER,20573.77,C704426694,53451.76,32877.99,C907663237,49739.72,70313.49,0,0
198,PAYMENT,4734.09,C128965662,8660.37,3926.28,M499001238,0.0,0.0,0,0
637,CASH_OUT,28529.57,C739004122,75356.82,46827.25,C418879307,215839.31,244368.88,0,0
254,CASH_IN,8150.73,C410454054,20354.21,28504.94,C992946243,77724.43,69573.7,0,0
397,PAYMENT,3421.71,C640387863,10054.61,6632.9,M865763724,0.0,0.0,0,0
216,PAYMENT,5406.68,C935661240,16436.8,11030.12,M555986810,0.0,0.0,0,0
53,CASH_OUT,12576.38,C647490939,20108.99,7532.61,C338903605,4096.67,16673.05,0,0
379,PAYMENT,2410.4,C109200952,9360.66,6950.26,M568982089,0.0,0.0,0,0
554,CASH_IN,51902.53,C134706666,21512.64,73415.17,C773321090,134815.77,82913.24,0,0
266,TRANSFER,14130.62,C527894917,19524.63,5394.01,C147191640,20979.09,35109.71,0,0
540,CASH_IN,32976.27,C345457165,7692.54,40668.81,C766098401,81789.3,48813.03,0,0
145,CASH_OUT,141346.71,C671602760,169112.19,27765.48,C473355796,49.77,141396.48,0,0
182,CASH_OUT,88080.86,C928397756,154828.75,66747.89,C425971987,30553.19,118634.05,0,0
392,TRANSFER,88138.96,C262941406,151934.6,63795.64,C593936255,42522.11,130661.07,0,0
619,CASH_OUT,13180.55,C256963541,49201.54,36020.99,C288321518,21728.18,34908.73,0,0
289,PAYMENT,1882.88,C793590430,5235.84,3352.96,M352312521,0.0,0.0,0,0
568,PAYMENT,4894.58,C429952201,5677.52,782.94,M163430423,0.0,0.0,0,0
484,PAYMENT,8903.4,C725208766,13191.22,4287.82,M471046783,0.0,0.0,0,0
17,CASH_IN,4946.91,C338683824,5706.96,10653.87,C374980098,8181.6,3234.69,0,0
635,PAYMENT,3414.43,C932499973,23272.58,19858.15,M121994386,0.0,0.0,0,0
536,CASH_OUT,41620.4,C733240045,61835.85,20215.45,C285727380,2935.25,44555.65,0,0
572,PAYMENT,8255.94,C343018503,9347.02,1091.08,M413502662,0.0,0.0,0,0
568,CASH_IN,10495.79,C492380234,32570.21,43066.0,C303339871,41756.05,31260.26,0,0
230,CASH_IN,69092.77,C293889320,713.22,69805.99,C523793432,100085.08,30992.31,0,0
303,TRANSFER,22245.25,C821979269,24264.73,2019.48,C514877649,11597.04,33842.29,0,0
236,CASH_IN,38576.42,C350497196,35218.46,73794.88,C812234305,62008.86,23432.44,0,0
446,CASH_OUT,43715.13,C205417996,51917.59,8202.46,C374702063,11928.71,55643.84,0,0
81,CASH_OUT,29372.61,C909140949,62434.09,33061.48,C666359566,81277.47,110650.08,0,0
202,PAYMENT,20737.65,C260313252,20938.67,201.02,M526184858,0.0,0.0,0,0
16,DEBIT,908.85,C377244271,13954.81,13045.96,C292174330,7999.73,8908.58,0,0
463,CASH_OUT,107723.09,C761322593,121938.74,14215.65,C982236506,41218.87,148941.96,0,0
679,CASH_OUT,21035.14,C327280625,82848.19,61813.05,C588200981,33577.68,54612.82,0,0
730,TRANSFER,111376.07,C757186002,158078.68,46702.61,C458982907,100159.56,211535.63,0,0
463,PAYMENT,9278.14,C469254399,21936.84,12658.7,M816612025,0.0,0.0,0,0
168,TRANSFER,124161.96,C867323716,143097.17,18935.21,C886278434,31598.39,155760.35,0,0
159,PAYMENT,37542.72,C493346225,56425.33,18882.61,M965922703,0.0,0.0,0,0
497,CASH_OUT,45617.44,C345331514,49387.84,3770.4,C690597774,4403.45,50020.89,0,0
628,CASH_OUT,9478.72,C326869409,50008.26,40529.54,C609880093,21693.49,31172.21,0,0
22,DEBIT,2222.03,C414783183,13758.71,11536.68,C329385678,35967.26,38189.29,0,0
525,CASH_OUT,32222.36,C874961788,52129.96,19907.6,C551972427,47616.2,79838.56,0,0
199,CASH_OUT,11018.04,C692593578,22601.76,11583.72,C734563843,55355.7,66373.74,0,0
671,CASH_OUT,9804.63,C956247652,41928.45,32123.82,C426821131,15478.85,25283.48,0,0
475,PAYMENT,1716.58,C971638123,13302.36,11585.78,M492373035,0.0,0.0,0,0
446,TRANSFER,59840.07,C772670525,89014.61,29174.54,C559480795,91056.96,150897.03,0,0
718,PAYMENT,2788.64,C277832621,5779.1,2990.46,M520022980,0.0,0.0,0,0
524,TRANSFER,27203.99,C892135895,39600.71,12396.72,C479151948,18214.02,45418.01,0,0
137,CASH_OUT,869.94,C766943766,8787.54,7917.6,C913499836,114944.54,115814.48,0,0
527,TRANSFER,23116.8,C487527412,40322.05,17205.25,C114393634,9446.49,32563.29,0,0
555,PAYMENT,1134.86,C154346324,3803.13,2668.27,M818077082,0.0,0.0,0,0
319,CASH_OUT,51729.51,C291090905,80581.21,28851.7,C210030542,33804.63,85534.14,0,0
436,CASH_OUT,95893.37,C829635854,103532.25,7638.88,C841170448,36472.22,132365.59,0,0
221,PAYMENT,3053.3,C889176580,4138.26,1084.96,M956746249,0.0,0.0,0,0
155,PAYMENT,8748.24,C884958586,21331.35,12583.11,M955621206,0.0,0.0,0,0
369,PAYMENT,14647.06,C446113197,32642.44,17995.38,M605474873,0.0,0.0,0,0
495,TRANSFER,37163.02,C153387776,81562.31,44399.29,C206802497,5595.45,42758.47,0,0
540,CASH_IN,24853.07,C893442528,96546.25,121399.32,C517161187,62387.33,37534.26,0,0
214,CASH_OUT,16084.79,C613204788,51151.15,35066.36,C502617051,7181.71,23266.5,0,0
664,CASH_IN,87981.67,C270851782,95867.3,183848.97,C675631196,180156.08,92174.41,0,0
290,CASH_OUT,2376.11,C180499189,7477.03,5100.92,C864355213,10474.83,12850.94,0,0
681,TRANSFER,7312.08,C550619192,15214.16,7902.08,C418408171,21544.75,28856.83,0,0
400,CASH_OUT,81775.76,C256200122,94967.76,13192.0,C361674343,19717.4,101493.16,0,0
394,CASH_OUT,85928.83,C576247089,95363.71,9434.88,C205075083,73310.37,159239.2,0,0
270,DEBIT,2850.63,C328039469,6634.95,3784.32,C502964540,20.53,2871.16,0,0
322,PAYMENT,7406.19,C382402127,8038.53,632.34,M543993489,0.0,0.0,0,0
339,PAYMENT,701.26,C830812643,31297.6,30596.34,M920462827,0.0,0.0,0,0
739,CASH_IN,146909.16,C520410393,157444.55,304353.71,C525062586,263222.92,116313.76,0,0
2,PAYMENT,18956.58,C804866152,19491.53,534.95,M334172583,0.0,0.0,0,0
208,PAYMENT,2291.07,C352647477,3447.83,1156.76,M136606840,0.0,0.0,0,0
277,PAYMENT,469.27,C810072934,20236.54,19767.27,M137277080,0.0,0.0,0,0
315,TRANSFER,17946.6,C717697133,39469.53,21522.93,C763962879,166388.71,184335.31,0,0
103,PAYMENT,184.47,C992326533,10896.15,10711.68,M257429949,0.0,0.0,0,0
273,PAYMENT,5937.8,C316506890,40450.15,34512.35,M886672575,0.0,0.0,0,0
180,PAYMENT,2633.35,C644071127,4784.7,2151.35,M997760650,0.0,0.0,0,0
535,TRANSFER,1158.37,C589703203,6995.38,5837.01,C645151117,3508.42,4666.79,0,0
580,PAYMENT,5794.76,C756402488,8844.35,3049.59,M813186316,0.0,0.0,0,0
458,CASH_OUT,24017.59,C721606930,27408.11,3390.52,C590530044,56023.74,80041.33,0,0
550,PAYMENT,1743.29,C980237067,28927.84,27184.55,M650909563,0.0,0.0,0,0
338,TRANSFER,38914.63,C532462822,91836.36,52921.73,C757256334,21366.3,60280.93,0,0
184,PAYMENT,15857.05,C369879960,28877.69,13020.64,M810328684,0.0,0.0,0,0
674,PAYMENT,2747.28,C262732316,9884.93,7137.65,M320275456,0.0,0.0,0,0
411,PAYMENT,188.86,C212891302,1374.45,1185.59,M173319721,0.0,0.0,0,0
448,CASH_OUT,70561.5,C189207428,70726.98,165.48,C477452975,1947.79,72509.29,0,0
638,PAYMENT,21343.48,C726706698,21846.46,502.98,M751976471,0.0,0.0,0,0
557,PAYMENT,5667.42,C214511576,7694.01,2026.59,M191700198,0.0,0.0,0,0
693,CASH_OUT,55149.06,C425199021,84302.78,29153.72,C809066949,34872.02,90021.08,0,0
381,CASH_OUT,6642.29,C277368099,43547.42,36905.13,C657339543,74688.97,81331.26,0,0
26,PAYMENT,1256.45,C497887585,14187.77,12931.32,M485958163,0.0,0.0,0,0
143,PAYMENT,6939.66,C586433958,14027.59,7087.93,M558920927,0.0,0.0,0,0
404,CASH_OUT,15995.07,C114073390,42795.27,26800.2,C737487633,89925.29,105920.36,0,0
199,TRANSFER,4608.72,C150149267,8337.25,3728.53,C117501784,27913.58,32522.3,0,0
501,PAYMENT,5108.67,C552805872,8293.25,3184.58,M182188994,0.0,0.0,0,0
377,CASH_OUT,55030.87,C349957527,56694.09,1663.22,C628721502,76300.58,131331.45,0,0
110,CASH_OUT,44794.25,C741522682,87327.78,42533.53,C605002389,27078.29,71872.54,0,0
468,PAYMENT,5754.94,C454227715,17157.81,11402.87,M889237511,0.0,0.0,0,0
625,PAYMENT,11799.07,C174209747,17066.43,5267.36,M362511304,0.0,0.0,0,0
155,PAYMENT,21169.56,C972662596,26650.84,5481.28,M213897579,0.0,0.0,0,0
701,CASH_OUT,47571.63,C115242810,48176.11,604.48,C635926458,28059.15,75630.78,0,0
256,CASH_OUT,19705.95,C407256904,25005.58,5299.63,C692374746,12311.63,32017.58,0,0
388,CASH_OUT,67738.27,C445036938,83326.77,15588.5,C478804051,3594.33,71332.6,0,0
405,CASH_OUT,45083.39,C330289652,50402.42,5319.03,C708149228,16205.17,61288.56,0,0
258,CASH_IN,161832.54,C640132277,54741.69,216574.23,C903200527,349999.7,188167.16,0,0
492,PAYMENT,4233.98,C339259265,27972.43,23738.45,M823745580,0.0,0.0,0,0
42,CASH_OUT,340837.25,C586518803,340837.25,0.0,C253371663,13224.8,354062.05,1,0
322,PAYMENT,10282.21,C762925398,45284.49,35002.28,M358525053,0.0,0.0,0,0
683,CASH_IN,53234.77,C388790375,85343.0,138577.77,C319166923,77005.1,23770.33,0,0
695,CASH_OUT,4391.21,C994579950,25027.56,20636.35,C248623609,143339.53,147730.74,0,0
367,PAYMENT,26457.72,C566714307,28213.68,1755.96,M547337405,0.0,0.0,0,0
219,PAYMENT,3556.56,C831568913,16382.78,12826.22,M541763685,0.0,0.0,0,0
418,CASH_OUT,23522.97,C877292118,25308.76,1785.79,C958671212,53266.09,76789.06,0,0
411,TRANSFER,4045.1,C359181979,36123.98,32078.88,C658569963,21108.69,25153.79,0,0
21,CASH_IN,9775.78,C197101833,19831.71,29607.49,C412434774,11100.98,1325.2,0,0
178,PAYMENT,1550.64,C113305963,8475.8,6925.16,M876464162,0.0,0.0,0,0
700,TRANSFER,56950.58,C599858383,98938.87,41988.29,C373465141,1862.11,58812.69,0,0
116,PAYMENT,171.24,C427074183,9489.56,9318.32,M442601046,0.0,0.0,0,0
542,PAYMENT,1355.75,C111964739,2932.03,1576.28,M130612404,0.0,0.0,0,0
323,PAYMENT,12374.84,C960476291,28120.87,15746.03,M949675543,0.0,0.0,0,0
398,DEBIT,927.05,C569115664,10421.59,9494.54,C945901576,7910.13,8837.18,0,0
671,TRANSFER,28390.52,C557048644,48807.44,20416.92,C724945316,2096.46,30486.98,0,0
34,CASH_IN,43424.09,C142316180,35480.24,78904.33,C533485356,51561.7,8137.61,0,0
518,PAYMENT,5324.92,C828834156,12338.15,7013.23,M466144862,0.0,0.0,0,0
214,CASH_IN,75250.12,C173881996,7709.14,82959.26,C886659371,101098.72,25848.6,0,0
246,PAYMENT,1222.82,C348178489,1324.97,102.15,M810307130,0.0,0.0,0,0
108,CASH_OUT,60670.42,C606395422,69955.89,9285.47,C149249550,15290.71,75961.13,0,0
603,PAYMENT,4900.33,C884694021,20828.21,15927.88,M172588017,0.0,0.0,0,0
13,CASH_IN,53853.58,C545552390,34084.25,87937.83,C507198602,55597.43,1743.85,0,0
379,TRANSFER,4473.36,C460610184,68871.03,64397.67,C641192408,4422.07,8895.43,0,0
519,CASH_OUT,8087.6,C345219050,11865.24,3777.64,C261939421,17648.44,25736.04,0,0
485,CASH_OUT,15375.82,C879566741,18114.25,2738.43,C970732495,68473.61,83849.43,0,0
657,PAYMENT,97.71,C676360888,5292.71,5195.0,M265068925,0.0,0.0,0,0
216,TRANSFER,3399.06,C964993328,29600.03,26200.97,C724727836,74122.52,77521.58,0,0
448,CASH_IN,88471.21,C982189114,40906.62,129377.83,C247092400,242524.31,154053.1,0,0
359,CASH_IN,1417.48,C393711230,25138.57,26556.05,C191750443,8081.13,6663.65,0,0
400,CASH_OUT,80450.68,C205090105,85261.26,4810.58,C832350314,12133.44,92584.12,0,0
503,TRANSFER,43630.14,C813241371,50494.06,6863.92,C869704431,16122.74,59752.88,0,0
354,PAYMENT,13706.33,C581276208,33554.14,19847.81,M612218710,0.0,0.0,0,0
309,TRANSFER,115284.78,C212543789,131617.25,16332.47,C359575142,45881.87,161166.65,0,0
306,PAYMENT,4645.7,C218965872,6479.16,1833.46,M260401039,0.0,0.0,0,0
665,CASH_OUT,9994.89,C470260952,13143.35,3148.46,C948119355,25535.08,35529.97,0,0
118,DEBIT,2277.67,C196315030,11613.97,9336.3,C883634506,572.64,2850.31,0,0
260,PAYMENT,1113.2,C399604563,6537.62,5424.42,M829207999,0.0,0.0,0,0
520,PAYMENT,2719.9,C960427455,26337.86,23617.96,M320859368,0.0,0.0,0,0
100,CASH_IN,14811.59,C778245405,6787.26,21598.85,C382483422,201104.68,186293.09,0,0
517,PAYMENT,8474.39,C279106636,12178.51,3704.12,M322406155,0.0,0.0,0,0
525,PAYMENT,18527.05,C792211192,20423.85,1896.8,M656654385,0.0,0.0,0,0
566,TRANSFER,37351.12,C631889117,57040.74,19689.62,C467012233,40573.6,77924.72,0,0
330,TRANSFER,30521.41,C249681377,57868.22,27346.81,C149309398,403.27,30924.68,0,0
666,CASH_OUT,112565.79,C355801874,116521.59,3955.8,C444002121,84473.89,197039.68,0,0
596,PAYMENT,15676.32,C740319571,32319.09,16642.77,M680648185,0.0,0.0,0,0
618,PAYMENT,312.3,C853784807,7212.98,6900.68,M746007115,0.0,0.0,0,0
590,CASH_OUT,5202.91,C830149243,123801.54,118598.63,C821630697,56490.62,61693.53,0,0
135,TRANSFER,88442.68,C369156344,139483.07,51040.39,C192648467,5135.84,93578.52,0,0
283,CASH_OUT,19689.01,C726782542,50815.5,31126.49,C900957083,16685.65,36374.66,0,0
386,CASH_OUT,131678.19,C397001208,146789.85,15111.66,C153380206,17452.92,149131.11,0,0
577,CASH_OUT,1406021.83,C816916346,1406021.83,0.0,C447451629,41007.23,1447029.06,1,1
405,TRANSFER,79430.47,C760278224,85422.91,5992.44,C227038327,23573.45,103003.92,0,0
624,PAYMENT,1149.83,C899581378,3081.19,1931.36,M447001640,0.0,0.0,0,0
571,PAYMENT,1732.66,C536370698,12774.54,11041.88,M445389007,0.0,0.0,0,0
731,CASH_OUT,25474.39,C624251717,25727.15,252.76,C468768421,13413.23,38887.62,0,0
58,CASH_OUT,4328.87,C879678859,5190.61,861.74,C803159790,25297.76,29626.63,0,0
272,CASH_IN,22574.35,C631015873,17179.49,39753.84,C140256025,121253.44,98679.09,0,0
12,PAYMENT,8124.56,C842609971,8630.7,506.14,M947128504,0.0,0.0,0,0
513,PAYMENT,2907.1,C760887521,3778.93,871.83,M579674550,0.0,0.0,0,0
306,PAYMENT,2289.54,C601522014,5489.96,3200.42,M472069105,0.0,0.0,0,0
257,PAYMENT,5614.01,C621059708,28072.29,22458.28,M570853813,0.0,0.0,0,0
600,CASH_OUT,13220.14,C574436439,40880.07,27659.93,C673991120,28878.22,42098.36,0,0
271,CASH_OUT,35092.39,C539005153,51088.65,15996.26,C163058021,45884.73,80977.12,0,0
507,PAYMENT,2576.46,C805218777,19919.58,17343.12,M137102322,0.0,0.0,0,0
403,PAYMENT,6638.27,C526429391,28600.45,21962.18,M377040336,0.0,0.0,0,0
632,CASH_IN,29241.33,C524996290,6744.09,35985.42,C968017565,83262.81,54021.48,0,0
466,CASH_OUT,171155.22,C786786176,188583.61,17428.39,C624795280,4363.53,175518.75,0,0
390,CASH_OUT,4135.4,C639630957,18236.17,14100.77,C875620019,30826.03,34961.43,0,0
203,TRANSFER,102360.17,C470184767,124281.06,21920.89,C513275026,8688.51,111048.68,0,0
422,CASH_OUT,18252.42,C466044970,40351.35,22098.93,C978081234,1629.03,19881.45,0,0
231,DEBIT,6034.53,C965074813,11594.83,5560.3,C534627505,3966.89,10001.42,0,0
576,PAYMENT,927.3,C779632453,11771.16,10843.86,M385736238,0.0,0.0,0,0
538,CASH_OUT,111139.12,C672898775,121094.87,9955.75,C339327893,32785.3,143924.42,0,0
469,PAYMENT,6574.57,C135907323,24517.13,17942.56,M945259625,0.0,0.0,0,0
32,PAYMENT,2502.6,C193901435,13382.35,10879.75,M185276329,0.0,0.0,0,0
546,PAYMENT,274.55,C884368001,11848.18,11573.63,M163411731,0.0,0.0,0,0
742,DEBIT,3595.87,C234723940,6920.11,3324.24,C805721131,1006.19,4602.06,0,0
228,DEBIT,1411.94,C473695632,18020.41,16608.47,C834363572,3599.51,5011.45,0,0
349,PAYMENT,7167.98,C354646860,41622.63,34454.65,M516725523,0.0,0.0,0,0
42,PAYMENT,2228.35,C813808992,2433.89,205.54,M361672707,0.0,0.0,0,0
73,CASH_OUT,145481.05,C370151612,146118.09,637.04,C227938082,96494.71,241975.76,0,0
78,CASH_IN,44572.75,C778786605,13536.95,58109.7,C478963548,86180.66,41607.91,0,0
225,PAYMENT,5261.53,C371670243,13702.11,8440.58,M390662593,0.0,0.0,0,0
230,PAYMENT,550.05,C356582334,7988.49,7438.44,M927211893,0.0,0.0,0,0
701,TRANSFER,790931.68,C242716880,790931.68,0.0,C575797156,0.0,0.0,1,0
385,CASH_OUT,6325.87,C189748574,66129.22,59803.35,C641329242,95125.87,101451.74,0,0
731,CASH_IN,18981.17,C475899592,34919.71,53900.88,C767748091,66439.63,47458.46,0,0
721,PAYMENT,4137.25,C241550073,19710.87,15573.62,M383860617,0.0,0.0,0,0
380,TRANSFER,7297.37,C698550247,16206.11,8908.74,C122821911,16656.93,23954.3,0,0
100,PAYMENT,2759.57,C378971123,16425.64,13666.07,M808190376,0.0,0.0,0,0
450,CASH_IN,2091.37,C421403724,6817.93,8909.3,C167514457,9520.14,7428.77,0,0
653,PAYMENT,9175.01,C560379661,25902.96,16727.95,M101100409,0.0,0.0,0,0
725,TRANSFER,3340.75,C600147432,16018.93,12678.18,C387411240,48638.33,51979.08,0,0
711,DEBIT,1023.39,C473806327,13190.79,12167.4,C599627218,2465.83,3489.22,0,0
402,PAYMENT,3070.93,C167502209,3327.57,256.64,M378194467,0.0,0.0,0,0
406,CASH_OUT,51836.01,C148189165,73777.42,21941.41,C470102410,68710.89,120546.9,0,0
420,TRANSFER,19618.4,C392659852,28552.04,8933.64,C733539383,27358.44,46976.84,0,0
233,CASH_OUT,11658.05,C660777269,15121.92,3463.87,C780855532,42212.07,53870.12,0,0
720,TRANSFER,44983.02,C844117209,51515.8,6532.78,C913212808,4956.29,49939.31,0,0
710,TRANSFER,1515.46,C718181886,8703.43,7187.97,C447559579,30135.52,31650.98,0,0
491,PAYMENT,4226.7,C593195075,14617.87,10391.17,M708754480,0.0,0.0,0,0
559,CASH_OUT,16792.73,C451117307,21529.2,4736.47,C437307314,2337.01,19129.74,0,0
657,TRANSFER,13909.08,C100168772,21345.74,7436.66,C119825663,47604.99,61514.07,0,0
719,PAYMENT,16727.32,C408803730,37566.37,20839.05,M464730059,0.0,0.0,0,0
15,TRANSFER,71220.12,C913015934,103326.01,32105.89,C206574163,7464.62,78684.74,0,0
209,PAYMENT,853.04,C599482014,9449.15,8596.11,M620286223,0.0,0.0,0,0
542,CASH_IN,109411.93,C999326412,41643.17,151055.1,C494421030,166129.5,56717.57,0,0
156,PAYMENT,2012.74,C663823795,4035.77,2023.03,M520451264,0.0,0.0,0,0
75,PAYMENT,707.8,C166775854,8030.83,7323.03,M842376807,0.0,0.0,0,0
72,PAYMENT,850.63,C153014426,15464.33,14613.7,M300877695,0.0,0.0,0,0
386,DEBIT,2049.17,C330332173,17626.82,15577.65,C104163121,1655.14,3704.31,0,0
149,CASH_OUT,35140.64,C733927828,48752.84,13612.2,C862640634,190302.93,225443.57,0,0
460,CASH_OUT,20379.2,C225788860,36207.72,15828.52,C719774454,4321.81,24701.01,0,0
425,TRANSFER,22425.46,C967562096,47472.76,25047.3,C324073875,36380.41,58805.87,0,0
301,CASH_IN,41716.27,C272283781,51759.14,93475.41,C299763853,108880.21,67163.94,0,0
258,CASH_IN,128248.52,C589744255,29344.4,157592.92,C519055859,212661.36,84412.84,0,0
588,TRANSFER,543.57,C872590564,78880.99,78337.42,C537617015,27737.84,28281.41,0,0
104,PAYMENT,3999.88,C279624393,8943.33,4943.45,M654946531,0.0,0.0,0,0
149,CASH_OUT,142953.73,C376608500,163531.73,20578.0,C732153600,11120.67,154074.4,0,0
274,CASH_OUT,564.33,C324133115,1012.5,448.17,C714309018,335.39,899.72,0,0
105,CASH_OUT,394102.66,C815669795,394102.66,0.0,C393722343,26411.04,420513.7,1,0
313,CASH_OUT,35282.91,C955024917,42051.26,6768.35,C602583617,61112.38,96395.29,0,0
440,PAYMENT,654.56,C223236895,27815.64,27161.08,M328562541,0.0,0.0,0,0
402,PAYMENT,1761.71,C867480393,38971.33,37209.62,M381240415,0.0,0.0,0,0
216,TRANSFER,12118.13,C878150393,73404.1,61285.97,C759146474,30453.57,42571.7,0,0
127,PAYMENT,4625.32,C234770991,17003.67,12378.35,M400886764,0.0,0.0,0,0
564,PAYMENT,1326.77,C610179838,10808.32,9481.55,M204155482,0.0,0.0,0,0
735,PAYMENT,969.06,C142334517,2909.4,1940.34,M657602586,0.0,0.0,0,0
704,CASH_OUT,12444.85,C215580276,23876.54,11431.69,C224491792,3310.37,15755.22,0,0
538,PAYMENT,343.68,C776198372,4903.69,4560.01,M913749159,0.0,0.0,0,0
78,CASH_OUT,1131.05,C294892753,58841.49,57710.44,C567871233,7439.37,8570.42,0,0
475,PAYMENT,2636.82,C112832038,20144.72,17507.9,M674303052,0.0,0.0,0,0
616,TRANSFER,23726.32,C463017139,31287.05,7560.73,C182597387,31790.41,55516.73,0,0
593,CASH_IN,35728.33,C558780836,10978.29,46706.62,C644837694,193040.27,157311.94,0,0
554,TRANSFER,1974.29,C355130154,82587.52,80613.23,C247122300,29660.8,31635.09,0,0
345,CASH_OUT,39750.09,C871179049,43466.03,3715.94,C828519676,68035.04,107785.13,0,0
212,CASH_OUT,51686.7,C860959909,55063.83,3377.13,C257795764,39733.39,91420.09,0,0
356,PAYMENT,5463.97,C512632128,29543.43,24079.46,M850385133,0.0,0.0,0,0
635,PAYMENT,8083.25,C382352877,10850.47,2767.22,M972920305,0.0,0.0,0,0
377,PAYMENT,5472.76,C605161235,9707.7,4234.94,M107995370,0.0,0.0,0,0
663,CASH_IN,84701.39,C416728796,14513.62,99215.01,C308320457,86051.47,1350.08,0,0
296,CASH_OUT,36339.91,C940582694,84549.37,48209.46,C704701544,1780.93,38120.84,0,0
519,PAYMENT,2966.11,C140225919,14316.86,11350.75,M571430464,0.0,0.0,0,0
159,TRANSFER,40884.2,C750558234,60973.31,20089.11,C233808069,3119.07,44003.27,0,0
609,PAYMENT,954.73,C866155075,13905.1,12950.37,M804651874,0.0,0.0,0,0
163,CASH_OUT,103777.49,C723213517,122040.16,18262.67,C193697722,46819.97,150597.46,0,0
488,CASH_OUT,4817.55,C570535559,28613.89,23796.34,C459453380,21037.65,25855.2,0,0
734,PAYMENT,2209.95,C587339640,3462.89,1252.94,M304922527,0.0,0.0,0,0
690,CASH_IN,121601.99,C621621722,62769.44,184371.43,C501927267,123270.42,1668.43,0,0
700,PAYMENT,1867.15,C885442494,5666.45,3799.3,M864720734,0.0,0.0,0,0
561,CASH_OUT,62507.75,C682616927,91904.69,29396.94,C408031175,40319.91,102827.66,0,0
115,CASH_OUT,87886.44,C956242414,110462.26,22575.82,C366492469,25499.35,113385.79,0,0
238,CASH_OUT,30525.75,C592367093,30531.48,5.73,C508725848,28246.26,58772.01,0,0
701,CASH_OUT,41968.64,C379051024,49037.98,7069.34,C250298694,106383.95,148352.59,0,0
154,CASH_OUT,73845.64,C518112058,73889.37,43.73,C951749237,87837.72,161683.36,0,0
242,CASH_IN,8829.19,C978336279,8709.85,17539.04,C923359911,47260.63,38431.44,0,0
293,PAYMENT,186.2,C246874046,495.29,309.09,M918076865,0.0,0.0,0,0
258,PAYMENT,622.73,C313941153,1503.53,880.8,M776279465,0.0,0.0,0,0
58,TRANSFER,22860.71,C804114855,56563.05,33702.34,C495667061,6949.87,29810.58,0,0
276,CASH_OUT,153995.7,C445322296,223579.22,69583.52,C392600773,75179.83,229175.53,0,0
61,PAYMENT,1075.16,C712328507,4470.11,3394.95,M772715653,0.0,0.0,0,0
84,PAYMENT,15060.45,C389849643,24168.4,9107.95,M908312742,0.0,0.0,0,0
225,CASH_IN,21613.74,C150658772,77857.22,99470.96,C836943951,54800.08,33186.34,0,0
308,PAYMENT,4967.46,C479745207,34093.28,29125.82,M871355842,0.0,0.0,0,0
553,PAYMENT,1222.26,C675026698,5318.94,4096.68,M530318297,0.0,0.0,0,0
245,CASH_IN,27358.54,C278380112,35673.11,63031.65,C253234099,43808.27,16449.73,0,0
313,PAYMENT,4482.81,C416244873,35751.75,31268.94,M181223629,0.0,0.0,0,0
24,CASH_IN,30156.88,C127922230,27020.69,57177.57,C773040060,125545.81,95388.93,0,0
167,CASH_OUT,292899.88,C438341584,297967.92,5068.04,C366135958,47933.2,340833.08,0,0
38,CASH_IN,17970.27,C534408852,95599.57,113569.84,C521209050,66386.05,48415.78,0,0
51,CASH_OUT,69267.1,C450838568,116574.37,47307.27,C591470293,21866.07,91133.17,0,0
222,CASH_IN,34882.22,C789023104,49330.15,84212.37,C493118313,163154.14,128271.92,0,0
414,PAYMENT,4703.84,C394588675,4806.73,102.89,M722410549,0.0,0.0,0,0
553,CASH_OUT,66326.12,C798017978,68227.79,1901.67,C286890508,80669.05,146995.17,0,0
509,PAYMENT,8210.84,C242062233,10560.24,2349.4,M213883700,0.0,0.0,0,0
428,PAYMENT,431.08,C296970223,15746.32,15315.24,M100507805,0.0,0.0,0,0
446,PAYMENT,8705.26,C428317250,18264.92,9559.66,M662288712,0.0,0.0,0,0
297,PAYMENT,7003.85,C226372384,9985.34,2981.49,M469383912,0.0,0.0,0,0
166,CASH_IN,5897.65,C808269309,30595.71,36493.36,C164768787,80345.63,74447.98,0,0
102,PAYMENT,3722.63,C961373072,11970.31,8247.68,M860383943,0.0,0.0,0,0
94,CASH_OUT,61437.55,C267469379,72293.28,10855.73,C617450518,44250.14,105687.69,0,0
381,TRANSFER,81389.84,C212875327,90008.55,8618.71,C780580738,40435.2,121825.04,0,0
711,PAYMENT,8559.16,C884400403,20328.79,11769.63,M703647542,0.0,0.0,0,0
244,CASH_OUT,10404.7,C975685750,23833.09,13428.39,C126797453,63965.91,74370.61,0,0
504,CASH_OUT,18479.12,C782275599,20858.65,2379.53,C740361003,22273.95,40753.07,0,0
173,PAYMENT,1830.22,C354111637,5853.32,4023.1,M754802764,0.0,0.0,0,0
301,PAYMENT,5506.52,C538485079,45275.78,39769.26,M797071401,0.0,0.0,0,0
552,CASH_OUT,74020.15,C696795417,126241.94,52221.79,C354574674,2608.44,76628.59,0,0
142,CASH_OUT,154287.4,C319608723,157357.1,3069.7,C295846744,49305.63,203593.03,0,0
346,PAYMENT,1421.77,C882140415,2074.93,653.16,M432998117,0.0,0.0,0,0
525,CASH_OUT,75934.16,C242422189,128561.55,52627.39,C619727054,15955.71,91889.87,0,0
647,CASH_OUT,12346.08,C350809867,77472.9,65126.82,C173008371,30574.08,42920.16,0,0
309,PAYMENT,3551.66,C137146583,4798.79,1247.13,M340029699,0.0,0.0,0,0
566,PAYMENT,5520.1,C386133634,22388.86,16868.76,M685717499,0.0,0.0,0,0
456,PAYMENT,927.34,C399898133,19113.97,18186.63,M847472469,0.0,0.0,0,0
259,CASH_OUT,145091.03,C322523015,159681.84,14590.81,C403517553,71330.75,216421.78,0,0
278,CASH_OUT,55928.08,C833954223,65116.55,9188.47,C889979039,15609.83,71537.91,0,0
264,CASH_IN,61105.88,C292665062,17735.87,78841.75,C282125919,122635.45,61529.57,0,0
52,PAYMENT,6032.6,C642812170,13537.3,7504.7,M222147638,0.0,0.0,0,0
281,PAYMENT,3383.24,C684974295,4626.18,1242.94,M588271882,0.0,0.0,0,0
100,PAYMENT,6934.85,C114534110,12565.86,5631.01,M751912659,0.0,0.0,0,0
456,CASH_OUT,38185.84,C346074332,41070.11,2884.27,C636111305,107902.2,146088.04,0,0
5,CASH_OUT,162725.69,C232541725,218402.38,55676.69,C877422613,47595.58,210321.27,0,0
455,TRANSFER,62586.96,C328963471,99117.25,36530.29,C875118688,6466.27,69053.23,0,0
448,PAYMENT,816.95,C803364321,5468.39,4651.44,M525895012,0.0,0.0,0,0
36,CASH_OUT,258751.81,C326984205,306010.76,47258.95,C217100545,45388.23,304140.04,0,0
250,PAYMENT,5931.93,C381323499,20529.62,14597.69,M507479800,0.0,0.0,0,0
621,TRANSFER,14250.93,C332782080,17444.34,3193.41,C669110705,17742.1,31993.03,0,0
708,CASH_OUT,49239.56,C850794179,59031.33,9791.77,C482126835,2313.43,51552.99,0,0
134,PAYMENT,81.66,C798045995,15903.32,15821.66,M751176934,0.0,0.0,0,0
593,CASH_OUT,16813.58,C340743340,17304.36,490.78,C253538194,39235.25,56048.83,0,0
561,PAYMENT,8293.85,C912596782,25476.65,17182.8,M432028530,0.0,0.0,0,0
370,CASH_OUT,8171.23,C848153563,44706.97,36535.74,C372214544,5722.86,13894.09,0,0
624,PAYMENT,4599.93,C400923086,37524.25,32924.32,M913602655,0.0,0.0,0,0
341,CASH_OUT,30454.54,C391298961,62617.38,32162.84,C427402829,41717.55,72172.09,0,0
518,PAYMENT,5576.48,C930994040,11874.36,6297.88,M684700765,0.0,0.0,0,0
711,CASH_OUT,3659.72,C955898399,58803.85,55144.13,C399506850,7242.93,10902.65,0,0
449,CASH_OUT,81408.19,C631439085,86962.47,5554.28,C345169257,52416.35,133824.54,0,0
521,PAYMENT,7140.55,C666845428,8675.83,1535.28,M922018763,0.0,0.0,0,0
319,CASH_OUT,1440.09,C503807009,15632.34,14192.25,C586542023,30720.63,32160.72,0,0
415,CASH_IN,11736.67,C253923675,47748.38,59485.05,C540353770,48252.84,36516.17,0,0
462,PAYMENT,9834.57,C822513832,17199.65,7365.08,M122949864,0.0,0.0,0,0
710,CASH_IN,3902.86,C948078527,5749.59,9652.45,C556695174,58758.73,54855.87,0,0
546,PAYMENT,343.76,C179790460,2357.75,2013.99,M257262648,0.0,0.0,0,0
49,CASH_OUT,122507.33,C504059512,125861.75,3354.42,C824522015,2344.8,124852.13,0,0
465,PAYMENT,18269.25,C652483867,18513.23,243.98,M156578240,0.0,0.0,0,0
350,CASH_OUT,14408.04,C359129374,23846.86,9438.82,C873986761,8103.12,22511.16,0,0
508,CASH_IN,106299.99,C998354826,31045.61,137345.6,C581054955,135270.25,28970.26,0,0
528,PAYMENT,4560.09,C572406572,14860.78,10300.69,M299002556,0.0,0.0,0,0
370,CASH_OUT,4526.8,C879783657,8462.47,3935.67,C311478872,20725.84,25252.64,0,0
228,CASH_OUT,193531.51,C193827580,199837.19,6305.68,C638578718,47198.19,240729.7,0,0
284,PAYMENT,1957.43,C796787750,35048.15,33090.72,M772544949,0.0,0.0,0,0
606,CASH_OUT,23554.9,C110830883,25920.87,2365.97,C642496997,21527.03,45081.93,0,0
45,CASH_OUT,61664.77,C139232426,100783.57,39118.8,C698118402,54488.03,116152.8,0,0
479,CASH_OUT,944391.66,C453691754,944391.66,0.0,C162634298,28528.47,972920.13,1,0
595,PAYMENT,513.73,C590110763,5068.56,4554.83,M149564638,0.0,0.0,0,0
662,TRANSFER,171930.13,C353696329,196839.85,24909.72,C845926614,22264.24,194194.37,0,0
475,PAYMENT,1373.31,C326481643,11461.81,10088.5,M588414992,0.0,0.0,0,0
295,TRANSFER,100313.05,C944422138,186613.57,86300.52,C536182967,116358.94,216671.99,0,0
378,CASH_OUT,63626.67,C255792699,77416.17,13789.5,C911427697,86806.56,150433.23,0,0
156,CASH_OUT,116.04,C466136667,7477.8,7361.76,C420472184,13064.03,13180.07,0,0
471,CASH_OUT,38092.11,C820504157,41286.12,3194.01,C567997415,49390.85,87482.96,0,0
553,PAYMENT,1393.25,C840903114,7623.49,6230.24,M327945887,0.0,0.0,0,0
54,CASH_OUT,31424.13,C214118630,43718.22,12294.09,C611228905,214266.71,245690.84,0,0
356,CASH_IN,30995.82,C771012495,9224.19,40220.01,C617295387,67052.59,36056.77,0,0
516,CASH_OUT,10533.43,C877441766,34203.91,23670.48,C401268982,192715.52,203248.95,0,0
126,PAYMENT,2041.73,C368643215,23516.8,21475.07,M296509640,0.0,0.0,0,0
708,PAYMENT,5602.09,C914163123,11200.12,5598.03,M415017055,0.0,0.0,0,0
429,CASH_OUT,179891.52,C674893846,183165.75,3274.23,C861270884,51796.88,231688.4,0,0
567,CASH_OUT,16026.04,C699414644,18618.82,2592.78,C388611390,32482.39,48508.43,0,0
159,CASH_OUT,23413.62,C928211559,42995.52,19581.9,C969221840,8883.06,32296.68,0,0
237,CASH_OUT,35351.16,C541548878,64434.49,29083.33,C766306093,9704.37,45055.53,0,0
490,CASH_IN,4008.6,C715517205,41511.24,45519.84,C479500984,31099.43,27090.83,0,0
556,TRANSFER,63860.89,C511652803,69629.63,5768.74,C272312258,3650.19,67511.08,0,0
79,PAYMENT,449.41,C377349102,4994.16,4544.75,M227557179,0.0,0.0,0,0
81,CASH_OUT,68540.06,C463556327,76214.35,7674.29,C986308021,10285.62,78825.68,0,0
126,PAYMENT,1702.28,C693576713,42290.18,40587.9,M551672203,0.0,0.0,0,0
25,PAYMENT,7579.81,C484494288,8233.24,653.43,M851295917,0.0,0.0,0,0
680,CASH_OUT,82756.66,C616381704,89030.62,6273.96,C856069553,85501.27,168257.93,0,0
171,CASH_IN,7462.81,C703186026,20894.79,28357.6,C476621323,48027.1,40564.29,0,0
426,PAYMENT,933.41,C625788165,4180.23,3246.82,M878032217,0.0,0.0,0,0
474,PAYMENT,67.17,C200227052,2428.16,2360.99,M964918861,0.0,0.0,0,0
610,CASH_IN,10164.49,C915703961,31957.62,42122.11,C430223504,36654.4,26489.91,0,0
75,CASH_OUT,36295.42,C483362693,40000.19,3704.77,C530390170,65632.33,101927.75,0,0
230,CASH_OUT,40144.7,C439449942,54177.94,14033.24,C201845514,2361.76,42506.46,0,0
34,CASH_OUT,714680.21,C783763097,714680.21,0.0,C927532694,22295.0,736975.21,1,0
232,CASH_OUT,45221.58,C280584288,45779.14,557.56,C230541991,2675.53,47897.11,0,0
561,CASH_OUT,18692.87,C480752451,48828.94,30136.07,C728832774,11899.81,30592.68,0,0
616,PAYMENT,9458.65,C856084147,14558.68,5100.03,M779355397,0.0,0.0,0,0
242,PAYMENT,3581.32,C736831096,8014.31,4432.99,M823594434,0.0,0.0,0,0
110,CASH_OUT,110803.97,C723758362,137279.52,26475.55,C174337679,129874.96,240678.93,0,0
202,CASH_IN,81894.59,C460185757,10308.62,92203.21,C571500000,135389.79,53495.2,0,0
189,CASH_OUT,12787.96,C704604523,29122.94,16334.98,C149702208,57772.7,70560.66,0,0
79,DEBIT,1715.61,C249808082,3516.15,1800.54,C984073016,15795.66,17511.27,0,0
98,CASH_IN,86288.14,C322798060,52491.62,138779.76,C357736526,182171.94,95883.8,0,0
444,CASH_OUT,234925.05,C999339447,238701.2,3776.15,C685507102,102009.88,336934.93,0,0
31,PAYMENT,106.41,C892314559,12377.9,12271.49,M300565604,0.0,0.0,0,0
711,CASH_IN,33872.2,C991089847,23939.98,57812.18,C878966583,102335.93,68463.73,0,0
134,CASH_OUT,60035.87,C881715275,72377.41,12341.54,C851923109,22825.73,82861.6,0,0
384,CASH_OUT,22355.48,C413134860,26530.33,4174.85,C971748309,12318.55,34674.03,0,0
664,PAYMENT,36.87,C672217225,3330.03,3293.16,M584484558,0.0,0.0,0,0
370,TRANSFER,13125.27,C994943357,33922.04,20796.77,C887779966,112451.85,125577.12,0,0
259,PAYMENT,15152.13,C652258909,17832.79,2680.66,M366482264,0.0,0.0,0,0
588,TRANSFER,2660.21,C520549720,17922.51,15262.3,C175216737,10808.61,13468.82,0,0
521,CASH_IN,27134.01,C142463508,39610.44,66744.45,C834524703,29401.61,2267.6,0,0
510,PAYMENT,1808.86,C410408585,20343.16,18534.3,M764016923,0.0,0.0,0,0
84,PAYMENT,17524.71,C231290126,43388.66,25863.95,M375171170,0.0,0.0,0,0
101,CASH_IN,44239.98,C942388758,70196.15,114436.13,C947194218,78405.14,34165.16,0,0
582,PAYMENT,891.49,C591396982,5060.24,4168.75,M543469910,0.0,0.0,0,0
176,CASH_OUT,15936.39,C696821184,19610.57,3674.18,C239067332,5323.18,21259.57,0,0
592,PAYMENT,6354.15,C575977740,10109.35,3755.2,M561655538,0.0,0.0,0,0
268,TRANSFER,4755.05,C243794428,21340.1,16585.05,C428804640,538.36,5293.41,0,0
349,CASH_OUT,9561.07,C945192281,35163.65,25602.58,C342144220,15582.69,25143.76,0,0
36,PAYMENT,1215.84,C734948931,5957.72,4741.88,M522986122,0.0,0.0,0,0
357,CASH_IN,10307.97,C339979985,50573.06,60881.03,C914677163,176605.89,166297.92,0,0
96,PAYMENT,11951.8,C687886233,16811.78,4859.98,M889273115,0.0,0.0,0,0
317,CASH_IN,35165.28,C398763032,46765.24,81930.52,C119489343,39015.32,3850.04,0,0
478,PAYMENT,195.46,C316960770,7047.54,6852.08,M587985761,0.0,0.0,0,0
19,CASH_OUT,41372.25,C243362285,45891.1,4518.85,C239924366,80468.71,121840.96,0,0
393,CASH_OUT,24771.18,C842192326,61136.92,36365.74,C279857589,114259.16,139030.34,0,0
150,CASH_OUT,326.84,C762566714,8539.67,8212.83,C836731287,27010.24,27337.08,0,0
110,CASH_OUT,9827.23,C475668143,28135.83,18308.6,C473902636,5029.18,14856.41,0,0
304,CASH_OUT,74424.67,C704039565,77702.41,3277.74,C198598335,37821.74,112246.41,0,0
162,TRANSFER,1344.59,C918527803,43143.18,41798.59,C838055660,55236.36,56580.95,0,0
679,PAYMENT,3742.26,C808865841,8423.59,4681.33,M361571744,0.0,0.0,0,0
442,PAYMENT,579.63,C805497334,5796.22,5216.59,M524388152,0.0,0.0,0,0
400,CASH_OUT,39280.24,C574708410,56644.01,17363.77,C860530361,68089.92,107370.16,0,0
268,DEBIT,8698.54,C461525359,44949.66,36251.12,C130599795,1608.07,10306.61,0,0
403,PAYMENT,4896.73,C580674780,16419.02,11522.29,M443171285,0.0,0.0,0,0
563,CASH_OUT,14641.3,C203818583,38966.73,24325.43,C837484922,25781.13,40422.43,0,0
657,PAYMENT,1614.55,C879141306,6102.59,4488.04,M306879863,0.0,0.0,0,0
62,CASH_OUT,32264.02,C283477195,40558.25,8294.23,C669434103,21792.46,54056.48,0,0
439,CASH_IN,40148.89,C199343078,43171.71,83320.6,C970404835,58153.62,18004.73,0,0
236,CASH_OUT,10705.27,C873567144,16369.7,5664.43,C877291782,60444.82,71150.09,0,0
532,CASH_OUT,35398.42,C693359562,47072.52,11674.1,C255370897,16952.29,52350.71,0,0
2,CASH_IN,36218.98,C515493175,37814.94,74033.92,C633924509,100355.3,64136.32,0,0
135,CASH_OUT,1036008.89,C730652021,1036008.89,0.0,C294639383,24647.03,1060655.92,1,1
525,DEBIT,2380.82,C410798927,4352.51,1971.69,C804379165,11726.73,14107.55,0,0
544,CASH_IN,8018.71,C633903540,54193.7,62212.41,C478239593,66256.48,58237.77,0,0
435,CASH_IN,69836.81,C556285513,40338.79,110175.6,C636664357,75176.69,5339.88,0,0
546,PAYMENT,4347.13,C747296377,12705.25,8358.12,M537363143,0.0,0.0,0,0
575,DEBIT,361.78,C794607395,9435.34,9073.56,C515839752,3608.67,3970.45,0,0
405,TRANSFER,22614.38,C574435072,38418.89,15804.51,C316513013,14087.2,36701.58,0,0
359,TRANSFER,16349.11,C785659412,17227.29,878.18,C926698610,3962.37,20311.48,0,0
612,CASH_OUT,936040.48,C456254941,936040.48,0.0,C537143829,4661.97,940702.45,1,1
487,DEBIT,3721.56,C505940988,5710.27,1988.71,C538031770,5356.79,9078.35,0,0
432,CASH_OUT,14410.78,C949566086,71197.75,56786.97,C751154697,123079.83,137490.61,0,0
115,CASH_OUT,80353.47,C354073495,106203.4,25849.93,C170794334,9038.95,89392.42,0,0
719,CASH_OUT,48844.81,C796186127,57557.82,8713.01,C669483246,23903.54,72748.35,0,0
578,PAYMENT,8399.03,C520529813,13258.16,4859.13,M676730625,0.0,0.0,0,0
429,PAYMENT,3693.76,C233801179,6939.73,3245.97,M206187026,0.0,0.0,0,0
119,CASH_OUT,93604.31,C773898516,225980.85,132376.54,C859568404,27676.8,121281.11,0,0
659,PAYMENT,1584.56,C513011390,8175.51,6590.95,M666728241,0.0,0.0,0,0
93,CASH_OUT,124174.66,C191057698,162087.97,37913.31,C952804406,63920.92,188095.58,0,0
24,TRANSFER,13223.22,C501549421,24842.64,11619.42,C564437299,103987.48,117210.7,0,0
485,PAYMENT,8684.28,C748389718,12448.11,3763.83,M681898473,0.0,0.0,0,0
131,PAYMENT,8317.46,C736654825,26100.76,17783.3,M417760665,0.0,0.0,0,0
413,CASH_IN,60921.36,C306886610,39030.65,99952.01,C695152645,102958.96,42037.6,0,0
212,CASH_OUT,18054.04,C973397046,57990.81,39936.77,C788059284,58282.91,76336.95,0,0
459,PAYMENT,1985.96,C618949361,7338.81,5352.85,M367686012,0.0,0.0,0,0
14,PAYMENT,2089.0,C162419634,5026.52,2937.52,M429142205,0.0,0.0,0,0
38,PAYMENT,9612.99,C417614651,14690.54,5077.55,M137770533,0.0,0.0,0,0
93,CASH_OUT,86139.6,C541286475,101660.37,15520.77,C715793796,14514.06,100653.66,0,0
26,CASH_OUT,2497.55,C251994858,26723.06,24225.51,C539242645,15824.91,18322.46,0,0
602,PAYMENT,1367.73,C485105266,6196.77,4829.04,M701795686,0.0,0.0,0,0
144,PAYMENT,2190.12,C883730099,12096.76,9906.64,M141516313,0.0,0.0,0,0
688,PAYMENT,21050.78,C946003636,25381.02,4330.24,M730251958,0.0,0.0,0,0
497,CASH_OUT,43733.94,C491215991,92382.74,48648.8,C648077262,6842.66,50576.6,0,0
559,PAYMENT,7836.55,C265921649,9412.36,1575.81,M761437301,0.0,0.0,0,0
331,CASH_OUT,72510.29,C943781096,98760.15,26249.86,C543037310,7591.28,80101.57,0,0
441,CASH_OUT,52411.52,C612082845,69159.41,16747.89,C432362583,32246.33,84657.85,0,0
669,CASH_OUT,6371.68,C717160810,35204.5,28832.82,C969093091,7315.43,13687.11,0,0
664,PAYMENT,2818.05,C677525093,3284.65,466.6,M957605985,0.0,0.0,0,0
423,CASH_IN,16614.54,C504176339,30076.61,46691.15,C993986007,23067.54,6453.0,0,0
274,CASH_OUT,12674.3,C356736225,12674.3,0.0,C983302460,46992.16,59666.46,1,0
456,PAYMENT,9753.46,C681735935,12186.77,2433.31,M309702165,0.0,0.0,0,0
57,PAYMENT,1826.2,C548910551,37502.85,35676.65,M635275138,0.0,0.0,0,0
471,TRANSFER,1019.91,C996836815,14803.26,13783.35,C916373373,4678.68,5698.59,0,0
551,CASH_OUT,101084.34,C406025777,119353.73,18269.39,C165138389,57703.26,158787.6,0,0
157,CASH_OUT,126616.35,C246415704,137758.77,11142.42,C930531785,35370.9,161987.25,0,0
583,CASH_IN,18366.12,C582538908,14908.14,33274.26,C249803371,20800.84,2434.72,0,0
637,CASH_IN,127437.24,C355899763,23114.74,150551.98,C195061677,237841.58,110404.34,0,0
479,CASH_IN,5374.46,C533107411,42603.83,47978.29,C422050229,92007.75,86633.29,0,0
733,CASH_OUT,47439.45,C999916165,107802.35,60362.9,C724877108,68101.16,115540.61,0,0
624,PAYMENT,2355.08,C722694061,4690.4,2335.32,M370897852,0.0,0.0,0,0
564,PAYMENT,10602.23,C728480175,25381.21,14778.98,M977234555,0.0,0.0,0,0
457,CASH_IN,87099.73,C500484758,200762.39,287862.12,C833287091,322960.18,235860.45,0,0
67,PAYMENT,2232.95,C907979337,10584.78,8351.83,M148193363,0.0,0.0,0,0
257,CASH_IN,29280.17,C678945303,25648.19,54928.36,C596565041,170827.23,141547.06,0,0
141,PAYMENT,3101.39,C247434869,7980.14,4878.75,M888257283,0.0,0.0,0,0
385,CASH_IN,14958.76,C261157204,89485.76,104444.52,C489678438,30719.79,15761.03,0,0
95,TRANSFER,15531.98,C378317416,51689.7,36157.72,C771017489,3622.45,19154.43,0,0
595,DEBIT,2365.61,C312965847,8155.46,5789.85,C472281577,17642.17,20007.78,0,0
586,PAYMENT,2400.03,C402273434,7187.45,4787.42,M227496844,0.0,0.0,0,0
329,CASH_OUT,19887.7,C152260669,28065.99,8178.29,C175345260,40381.11,60268.81,0,0
183,PAYMENT,14785.85,C936853007,14919.1,133.25,M831021817,0.0,0.0,0,0
319,PAYMENT,1457.23,C931574477,4474.88,3017.65,M388867886,0.0,0.0,0,0
271,PAYMENT,6348.71,C109277375,8046.69,1697.98,M249857379,0.0,0.0,0,0
678,CASH_OUT,10748.03,C311379335,19437.87,8689.84,C974480003,9779.71,20527.74,0,0
661,CASH_OUT,24698.38,C773320732,32123.62,7425.24,C650120554,31353.58,56051.96,0,0
170,CASH_OUT,89843.02,C820026505,90532.19,689.17,C797688926,3045.84,92888.86,0,0
405,CASH_OUT,26664.46,C550779857,31490.83,4826.37,C263248839,19280.16,45944.62,0,0
110,CASH_IN,73937.57,C292957059,28223.26,102160.83,C984332941,79144.73,5207.16,0,0
524,DEBIT,1120.12,C137588019,2530.08,1409.96,C895644032,25972.44,27092.56,0,0
382,CASH_OUT,139584.66,C383450664,140155.79,571.13,C443553220,58957.72,198542.38,0,0
259,DEBIT,320.75,C805555144,1402.84,1082.09,C667755586,4171.05,4491.8,0,0
569,CASH_IN,59440.55,C508214173,54439.54,113880.09,C109842544,80966.3,21525.75,0,0
253,PAYMENT,18654.99,C655575252,22677.9,4022.91,M122447539,0.0,0.0,0,0
77,PAYMENT,19989.92,C102991992,37773.48,17783.56,M314525643,0.0,0.0,0,0
649,PAYMENT,3320.47,C602630994,10075.29,6754.82,M432357509,0.0,0.0,0,0
183,PAYMENT,686.45,C112250425,11436.55,10750.1,M944858923,0.0,0.0,0,0
148,PAYMENT,988.82,C733673230,9628.68,8639.86,M180300144,0.0,0.0,0,0
86,CASH_IN,43516.58,C578074597,3835.76,47352.34,C451153820,63775.82,20259.24,0,0
86,CASH_OUT,6957.32,C883180517,39255.16,32297.84,C130611432,98404.04,105361.36,0,0
642,CASH_OUT,59430.02,C973223030,68280.19,8850.17,C603730441,19462.12,78892.14,0,0
262,CASH_OUT,40099.32,C147725285,45736.07,5636.75,C365700796,44138.01,84237.33,0,0
247,TRANSFER,28439.65,C436979654,35227.1,6787.45,C211021798,4050.76,32490.41,0,0
138,CASH_IN,9147.49,C729323596,16857.65,26005.14,C634262853,110386.06,101238.57,0,0
247,PAYMENT,11812.92,C356586902,18961.54,7148.62,M139774506,0.0,0.0,0,0
47,PAYMENT,2430.32,C862840123,41654.05,39223.73,M589548336,0.0,0.0,0,0
71,CASH_IN,42583.85,C581716197,22606.64,65190.49,C757258519,47150.08,4566.23,0,0
700,CASH_OUT,105119.85,C362135213,121900.39,16780.54,C365557024,26462.06,131581.91,0,0
560,PAYMENT,1044.82,C912937678,17832.34,16787.52,M740893450,0.0,0.0,0,0
315,PAYMENT,7247.91,C186778815,9274.3,2026.39,M853587797,0.0,0.0,0,0
167,TRANSFER,31240.49,C663666273,46237.94,14997.45,C704715122,13334.0,44574.49,0,0
275,PAYMENT,6234.58,C124516200,8674.46,2439.88,M369423489,0.0,0.0,0,0
362,CASH_IN,108342.5,C165842150,29266.83,137609.33,C273326571,134381.47,26038.97,0,0
379,CASH_OUT,24689.91,C495406415,39752.46,15062.55,C289451710,803.49,25493.4,0,0
25,CASH_OUT,10511.27,C966657314,38236.79,27725.52,C671972252,64900.7,75411.97,0,0
596,TRANSFER,7808.25,C694688203,37119.58,29311.33,C929199306,93579.04,101387.29,0,0
44,PAYMENT,12735.38,C128994037,17675.76,4940.38,M988627109,0.0,0.0,0,0
336,PAYMENT,6382.7,C478133248,18555.59,12172.89,M206960892,0.0,0.0,0,0
292,PAYMENT,2887.85,C528102205,37379.56,34491.71,M302209408,0.0,0.0,0,0
261,PAYMENT,1521.14,C349171443,17576.95,16055.81,M356396408,0.0,0.0,0,0
275,CASH_OUT,52555.47,C650114355,99497.57,46942.1,C487991197,3574.62,56130.09,0,0
599,CASH_OUT,11610.48,C707605536,53098.67,41488.19,C318454925,4818.42,16428.9,0,0
419,DEBIT,2592.41,C551812554,8435.09,5842.68,C541895462,7819.56,10411.97,0,0
405,CASH_IN,2618.77,C595000063,66889.67,69508.44,C930572171,30188.54,27569.77,0,0
384,CASH_IN,44882.02,C506116541,94609.48,139491.5,C812966905,53830.14,8948.12,0,0
325,CASH_OUT,18336.01,C707469281,30987.81,12651.8,C219637994,46020.14,64356.15,0,0
568,CASH_OUT,46889.77,C493605031,56079.45,9189.68,C435372531,4482.62,51372.39,0,0
385,CASH_IN,34858.14,C994670960,56266.02,91124.16,C172887588,95188.74,60330.6,0,0
273,PAYMENT,10279.2,C594676322,26409.25,16130.05,M285296487,0.0,0.0,0,0
3,CASH_OUT,58872.66,C709240326,67059.75,8187.09,C380054558,12079.83,70952.49,0,0
601,PAYMENT,1496.73,C126031148,7165.95,5669.22,M459640384,0.0,0.0,0,0
66,TRANSFER,8219.02,C597903746,94861.02,86642.0,C131396618,16874.91,25093.93,0,0
65,TRANSFER,124323.26,C138505849,128812.94,4489.68,C242133905,10176.31,134499.57,0,0
242,PAYMENT,2917.14,C989552033,6198.3,3281.16,M351413682,0.0,0.0,0,0
661,PAYMENT,2179.25,C656414587,7720.27,5541.02,M402998013,0.0,0.0,0,0
82,DEBIT,324.51,C268972128,2160.01,1835.5,C377891941,24.06,348.57,0,0
35,CASH_IN,108744.87,C881785086,8982.25,117727.12,C945477607,185929.08,77184.21,0,0
118,TRANSFER,13345.67,C176337287,95283.95,81938.28,C736643514,788.42,14134.09,0,0
690,CASH_IN,2562.98,C605097044,10747.54,13310.52,C594687602,35365.58,32802.6,0,0
666,CASH_OUT,35872.34,C888626959,60000.65,24128.31,C247610309,77413.53,113285.87,0,0
202,CASH_IN,5717.87,C636566187,13540.08,19257.95,C893041835,67476.58,61758.71,0,0
602,PAYMENT,6657.49,C881123292,8876.75,2219.26,M152766223,0.0,0.0,0,0
126,PAYMENT,3168.38,C982399496,8457.33,5288.95,M194519302,0.0,0.0,0,0
176,PAYMENT,8433.72,C471601384,18792.42,10358.7,M851070598,0.0,0.0,0,0
350,PAYMENT,1197.27,C886828769,1602.67,405.4,M286502744,0.0,0.0,0,0
385,PAYMENT,613.29,C630899541,17868.02,17254.73,M581656840,0.0,0.0,0,0
246,CASH_OUT,8346.07,C581934255,9715.26,1369.19,C234826731,9730.7,18076.77,0,0
504,CASH_OUT,43357.93,C141535573,47063.84,3705.91,C809882502,34778.06,78135.99,0,0
627,DEBIT,2652.01,C339080571,5506.21,2854.2,C400667117,14757.22,17409.23,0,0
447,PAYMENT,7434.91,C958488901,24929.96,17495.05,M576652844,0.0,0.0,0,0
272,PAYMENT,551.58,C393567844,2808.62,2257.04,M269945968,0.0,0.0,0,0
174,PAYMENT,938.44,C282483395,1648.1,709.66,M103770038,0.0,0.0,0,0
374,CASH_OUT,7595.87,C830263494,21006.67,13410.8,C396434554,101078.34,108674.21,0,0
7,CASH_IN,1437.62,C182030779,57727.98,59165.6,C945211651,110550.48,109112.86,0,0
457,CASH_OUT,253171.53,C464161776,269572.43,16400.9,C323655138,31521.17,284692.7,0,0
511,CASH_OUT,33065.02,C197159446,80345.28,47280.26,C144505948,22981.16,56046.18,0,0
671,CASH_OUT,51267.65,C225435036,52518.15,1250.5,C728062746,4022.15,55289.8,0,0
226,PAYMENT,10890.57,C530565172,18194.87,7304.3,M739601152,0.0,0.0,0,0
646,CASH_OUT,119484.04,C411982331,123629.78,4145.74,C707514281,36938.92,156422.96,0,0
502,CASH_OUT,1563.2,C220894238,85684.76,84121.56,C565439576,3088.14,4651.34,0,0
378,PAYMENT,9373.9,C728042898,14296.76,4922.86,M790874485,0.0,0.0,0,0
121,PAYMENT,10661.46,C970007927,16129.29,5467.83,M849781447,0.0,0.0,0,0
390,TRANSFER,51256.62,C261692496,84965.52,33708.9,C959512814,55453.01,106709.63,0,0
504,PAYMENT,2298.37,C468479583,17559.65,15261.28,M563237924,0.0,0.0,0,0
361,CASH_OUT,87151.71,C406779422,111210.82,24059.11,C467084994,136920.53,224072.24,0,0
293,PAYMENT,7951.26,C609434480,12102.49,4151.23,M186058359,0.0,0.0,0,0
524,TRANSFER,16616.13,C623898507,30291.25,13675.12,C924641833,3345.72,19961.85,0,0
376,CASH_OUT,35439.31,C640002534,42856.8,7417.49,C588703426,56360.81,91800.12,0,0
81,CASH_IN,109250.05,C937363864,43535.24,152785.29,C342913681,129573.87,20323.82,0,0
456,PAYMENT,1188.67,C465072487,11105.77,9917.1,M181384410,0.0,0.0,0,0
263,PAYMENT,1433.82,C512282395,2882.34,1448.52,M824479835,0.0,0.0,0,0
377,PAYMENT,4136.52,C517328413,9817.2,5680.68,M993455497,0.0,0.0,0,0
737,PAYMENT,1646.68,C457271923,17781.26,16134.58,M884451816,0.0,0.0,0,0
120,PAYMENT,1503.4,C589068569,36785.05,35281.65,M108977941,0.0,0.0,0,0
473,CASH_IN,31899.27,C912687232,11037.3,42936.57,C443525735,79393.43,47494.16,0,0
515,TRANSFER,40417.01,C192292914,57965.74,17548.73,C580796215,20267.53,60684.54,0,0
579,PAYMENT,225.94,C440247477,9063.08,8837.14,M702681749,0.0,0.0,0,0
541,PAYMENT,9537.06,C952974533,46071.01,36533.95,M258550977,0.0,0.0,0,0
734,CASH_OUT,39582.11,C384464999,57698.73,18116.62,C168683567,44088.88,83670.99,0,0
509,PAYMENT,2973.41,C917833896,13655.13,10681.72,M229642739,0.0,0.0,0,0
315,PAYMENT,6425.55,C314961285,34058.86,27633.31,M488420138,0.0,0.0,0,0
402,CASH_OUT,19599.49,C402733147,42894.02,23294.53,C653501841,11940.58,31540.07,0,0
207,PAYMENT,3373.04,C832651493,4308.3,935.26,M462232316,0.0,0.0,0,0
499,CASH_OUT,20593.21,C589290629,90768.04,70174.83,C187123162,92159.34,112752.55,0,0
646,CASH_OUT,1198.88,C949298348,17184.41,15985.53,C878042999,19242.06,20440.94,0,0
727,PAYMENT,7037.85,C419214748,21053.28,14015.43,M931105036,0.0,0.0,0,0
583,PAYMENT,5713.28,C854412671,12027.82,6314.54,M229385995,0.0,0.0,0,0
45,CASH_OUT,14130.87,C589381803,31137.9,17007.03,C156134261,38066.94,52197.81,0,0
88,TRANSFER,45723.68,C694036771,144818.96,99095.28,C540545279,12871.4,58595.08,0,0
430,PAYMENT,7340.26,C144335248,30658.24,23317.98,M513534368,0.0,0.0,0,0
381,TRANSFER,9144.09,C701652630,45730.88,36586.79,C119758164,55343.16,64487.25,0,0
621,PAYMENT,4918.9,C435220178,10434.29,5515.39,M629590901,0.0,0.0,0,0
267,PAYMENT,60.22,C793951330,15316.04,15255.82,M207835600,0.0,0.0,0,0
493,TRANSFER,38946.81,C159629861,70659.28,31712.47,C143354533,5163.09,44109.9,0,0
189,PAYMENT,770.5,C853385765,2116.08,1345.58,M235440193,0.0,0.0,0,0
371,CASH_OUT,22049.11,C271756095,22184.29,135.18,C558408574,275.57,22324.68,0,0
328,PAYMENT,1196.75,C778580630,7784.32,6587.57,M476909112,0.0,0.0,0,0
551,CASH_OUT,9981.18,C744850559,14343.91,4362.73,C301256257,21018.68,30999.86,0,0
479,CASH_IN,12349.64,C674898086,2304.06,14653.7,C891616900,39149.11,26799.47,0,0
636,CASH_IN,45098.51,C396389316,99600.57,144699.08,C228524566,48339.99,3241.48,0,0
687,PAYMENT,591.57,C832523159,8374.69,7783.12,M846205992,0.0,0.0,0,0
239,PAYMENT,17920.37,C114540267,27603.77,9683.4,M828820440,0.0,0.0,0,0
107,CASH_OUT,18825.18,C297538358,21485.93,2660.75,C401629685,21693.68,40518.86,0,0
635,CASH_OUT,26321.7,C990746340,40806.89,14485.19,C680903872,17413.33,43735.03,0,0
355,PAYMENT,624.63,C453694125,15875.98,15251.35,M298755366,0.0,0.0,0,0
201,CASH_IN,35818.52,C570421832,116193.74,152012.26,C859209639,105771.61,69953.09,0,0
263,PAYMENT,156.21,C849969361,10296.5,10140.29,M790551468,0.0,0.0,0,0
630,PAYMENT,792.4,C159044160,14235.12,13442.72,M557684098,0.0,0.0,0,0
189,TRANSFER,34059.01,C146362075,59338.56,25279.55,C357382995,15854.07,49913.08,0,0
3,PAYMENT,593.19,C699717050,13126.91,12533.72,M626299178,0.0,0.0,0,0
675,PAYMENT,5017.54,C908924456,11691.75,6674.21,M676719481,0.0,0.0,0,0
513,CASH_OUT,42506.55,C993891341,48129.73,5623.18,C948318430,42481.51,84988.06,0,0
187,CASH_OUT,34151.75,C247103686,58180.9,24029.15,C459053843,188.03,34339.78,0,0
81,CASH_OUT,30264.44,C722070373,42430.71,12166.27,C482866110,28959.68,59224.12,0,0
138,CASH_OUT,21467.96,C917556587,46780.0,25312.04,C573556467,9806.52,31274.48,0,0
452,PAYMENT,4572.9,C657444947,13252.38,8679.48,M151956585,0.0,0.0,0,0
276,PAYMENT,3252.11,C207091095,9187.37,5935.26,M688061859,0.0,0.0,0,0
597,PAYMENT,11003.02,C625745541,29068.96,18065.94,M454605166,0.0,0.0,0,0
422,CASH_OUT,66944.85,C582889243,85256.62,18311.77,C381132955,7819.77,74764.62,0,0
423,CASH_IN,100794.96,C566646386,21812.83,122607.79,C651765197,177066.21,76271.25,0,0
251,PAYMENT,4303.04,C403602686,5273.22,970.18,M569918940,0.0,0.0,0,0
509,PAYMENT,905.87,C579164935,1168.91,263.04,M134253876,0.0,0.0,0,0
461,PAYMENT,71.06,C995060366,22761.66,22690.6,M381489051,0.0,0.0,0,0
603,PAYMENT,244.1,C816979922,3052.1,2808.0,M448059913,0.0,0.0,0,0
296,PAYMENT,9451.78,C893658904,30649.98,21198.2,M222270581,0.0,0.0,0,0
691,PAYMENT,5983.16,C345531016,20089.48,14106.32,M650710291,0.0,0.0,0,0
544,CASH_OUT,13525.54,C424891856,61328.21,47802.67,C517820291,27938.4,41463.94,0,0
451,PAYMENT,1298.14,C319715490,11045.78,9747.64,M458729631,0.0,0.0,0,0
393,PAYMENT,11550.44,C971133680,21177.09,9626.65,M229958279,0.0,0.0,0,0
462,CASH_OUT,16973.81,C503644256,54644.8,37670.99,C835262659,6552.56,23526.37,0,0
506,CASH_IN,4754.81,C897169751,45994.87,50749.68,C779480988,33642.5,28887.69,0,0
688,CASH_IN,14371.76,C124926981,69098.71,83470.47,C821282830,109211.92,94840.16,0,0
723,PAYMENT,2624.88,C864495652,2888.91,264.03,M934808820,0.0,0.0,0,0
128,CASH_OUT,152575.72,C736274385,162335.37,9759.65,C113407382,61845.03,214420.75,0,0
244,CASH_IN,16987.26,C135035361,10283.71,27270.97,C757570256,17275.94,288.68,0,0
6,PAYMENT,6170.69,C954115382,17139.06,10968.37,M639341650,0.0,0.0,0,0
621,CASH_OUT,21645.31,C657954597,38040.88,16395.57,C878742542,4838.15,26483.46,0,0
72,CASH_OUT,146576.96,C218222921,156503.2,9926.24,C901896320,2684.36,149261.32,0,0
727,PAYMENT,727.13,C590558478,1882.6,1155.47,M836908777,0.0,0.0,0,0
19,PAYMENT,2163.9,C744904990,20863.29,18699.39,M786041720,0.0,0.0,0,0
487,TRANSFER,699552.17,C135239810,699552.17,0.0,C916397004,0.0,699552.17,1,0
183,CASH_OUT,94.11,C818419897,39811.68,39717.57,C413203794,510.38,604.49,0,0
50,PAYMENT,1898.56,C336869068,20523.12,18624.56,M702928807,0.0,0.0,0,0
170,TRANSFER,27966.87,C500354707,39440.47,11473.6,C698860009,4644.09,32610.96,0,0
104,PAYMENT,11323.67,C655453066,14050.8,2727.13,M607227438,0.0,0.0,0,0
217,CASH_IN,62663.23,C391704657,32063.62,94726.85,C922721496,83169.91,20506.68,0,0
178,PAYMENT,2435.39,C694876733,4312.72,1877.33,M104758918,0.0,0.0,0,0
290,PAYMENT,6068.99,C247281658,9341.33,3272.34,M753470206,0.0,0.0,0,0
564,PAYMENT,12325.34,C605528468,19023.16,6697.82,M650466968,0.0,0.0,0,0
442,CASH_OUT,1752.92,C741386599,23957.46,22204.54,C450962237,18770.23,20523.15,0,0
239,TRANSFER,102499.1,C585488045,122257.2,19758.1,C333348704,16626.17,119125.27,0,0
34,CASH_OUT,12753.78,C529946876,21457.14,8703.36,C714003423,41462.79,54216.57,0,0
442,PAYMENT,14313.56,C970276780,17420.49,3106.93,M495029703,0.0,0.0,0,0
72,CASH_OUT,53412.35,C308417349,67903.81,14491.46,C908657923,12737.98,66150.33,0,0
404,CASH_OUT,14002.02,C433424743,77220.53,63218.51,C861392567,18518.14,32520.16,0,0
339,PAYMENT,12069.01,C994902781,16025.26,3956.25,M896442106,0.0,0.0,0,0
26,CASH_OUT,55908.08,C105354772,60013.51,4105.43,C625289571,44076.34,99984.42,0,0
458,PAYMENT,2223.46,C504879270,16602.55,14379.09,M562856152,0.0,0.0,0,0
460,CASH_IN,21202.11,C383229993,52879.24,74081.35,C546435107,48999.67,27797.56,0,0
149,CASH_OUT,22273.13,C690100580,25029.43,2756.3,C348561606,14498.87,36772.0,0,0
132,CASH_OUT,33799.14,C426356100,51853.39,18054.25,C627868297,32805.87,66605.01,0,0
473,CASH_IN,57564.87,C810640012,10459.2,68024.07,C142296099,155892.24,98327.37,0,0
523,DEBIT,2796.84,C472599663,3836.24,1039.4,C187498010,11932.12,14728.96,0,0
18,CASH_OUT,60754.27,C552508037,61430.21,675.94,C452931057,1907.31,62661.58,0,0
316,CASH_OUT,94662.84,C685415493,116829.48,22166.64,C881182751,52810.17,147473.01,0,0
30,CASH_IN,936.98,C118446520,147621.68,148558.66,C846845472,1927.17,990.19,0,0
20,PAYMENT,571.96,C829454796,24295.85,23723.89,M583188314,0.0,0.0,0,0
73,CASH_OUT,33572.14,C815883598,61569.38,27997.24,C598353195,8464.29,42036.43,0,0
127,PAYMENT,1871.45,C484678089,32588.18,30716.73,M444489480,0.0,0.0,0,0
43,CASH_OUT,9896.9,C765699453,23100.29,13203.39,C447256840,95727.39,105624.29,0,0
90,CASH_IN,4914.41,C448621851,30908.83,35823.24,C879940789,21006.52,16092.11,0,0
226,CASH_OUT,537622.2,C576062174,537622.2,0.0,C745495274,23644.9,561267.1,1,1
669,PAYMENT,9750.8,C986289793,15498.76,5747.96,M128927505,0.0,0.0,0,0
391,PAYMENT,5473.59,C683411384,25318.08,19844.49,M112859959,0.0,0.0,0,0
419,PAYMENT,737.43,C503739430,7320.65,6583.22,M350162998,0.0,0.0,0,0
681,CASH_OUT,100129.59,C538129632,117833.81,17704.22,C215525308,23392.04,123521.63,0,0
489,CASH_IN,7338.04,C237414430,2507.43,9845.47,C358891344,37540.94,30202.9,0,0
694,PAYMENT,4892.47,C902163027,27715.43,22822.96,M203098858,0.0,0.0,0,0
343,PAYMENT,1497.65,C959197204,1688.56,190.91,M937312178,0.0,0.0,0,0
400,PAYMENT,2641.46,C762028272,14104.58,11463.12,M447232155,0.0,0.0,0,0
248,CASH_OUT,204.31,C612260025,5023.86,4819.55,C958475918,4049.01,4253.32,0,0
544,PAYMENT,1874.94,C598057571,2803.4,928.46,M508635338,0.0,0.0,0,0
300,PAYMENT,441.92,C241342956,2442.07,2000.15,M883930520,0.0,0.0,0,0
110,PAYMENT,839.6,C713759881,47911.43,47071.83,M241192735,0.0,0.0,0,0
487,PAYMENT,3766.96,C953033401,6828.66,3061.7,M177515629,0.0,0.0,0,0
304,PAYMENT,3974.37,C361134370,15057.67,11083.3,M853156743,0.0,0.0,0,0
591,CASH_IN,2265.25,C162675466,7882.94,10148.19,C310722809,137520.12,135254.87,0,0
483,PAYMENT,4882.35,C292979268,6966.61,2084.26,M971746978,0.0,0.0,0,0
239,CASH_OUT,53664.84,C112324173,71068.37,17403.53,C408770964,30192.32,83857.16,0,0
196,CASH_IN,5514.44,C312212133,124838.13,130352.57,C633886428,193656.96,188142.52,0,0
187,DEBIT,3788.8,C514577421,18556.59,14767.79,C732034517,11122.35,14911.15,0,0
314,CASH_OUT,2278.69,C293877928,9567.38,7288.69,C236347436,47603.1,49881.79,0,0
54,PAYMENT,1108.2,C965929239,2496.05,1387.85,M547003256,0.0,0.0,0,0
250,TRANSFER,19110.66,C643573228,88876.93,69766.27,C162724999,1128.73,20239.39,0,0
185,CASH_OUT,16124.96,C463580792,29824.7,13699.74,C253721106,19190.17,35315.13,0,0
104,PAYMENT,3094.43,C502801067,8716.53,5622.1,M631698166,0.0,0.0,0,0
669,CASH_OUT,2679.62,C485310657,48648.64,45969.02,C385645694,248227.66,250907.28,0,0
604,CASH_OUT,58918.17,C529574417,59507.57,589.4,C323183703,38466.22,97384.39,0,0
6,TRANSFER,56461.12,C728071982,70464.8,14003.68,C349800254,76016.58,132477.7,0,0
99,PAYMENT,495.0,C625295198,3782.91,3287.91,M937378228,0.0,0.0,0,0
20,CASH_OUT,17869.61,C717058926,52216.08,34346.47,C246068912,2185.5,20055.11,0,0
294,CASH_IN,3654.28,C464733337,94386.94,98041.22,C715208674,51168.53,47514.25,0,0
387,PAYMENT,2141.24,C485192829,4325.2,2183.96,M396097676,0.0,0.0,0,0
400,CASH_OUT,122466.72,C834965184,145357.38,22890.66,C907835753,48057.57,170524.29,0,0
114,CASH_OUT,54838.25,C202340913,58003.7,3165.45,C522045827,44913.46,99751.71,0,0
721,PAYMENT,116.95,C907942962,4222.31,4105.36,M430849922,0.0,0.0,0,0
591,CASH_IN,21164.67,C683117838,14406.0,35570.67,C326085762,106395.51,85230.84,0,0
74,PAYMENT,20547.11,C683319789,31925.79,11378.68,M283578411,0.0,0.0,0,0
580,CASH_IN,55307.73,C610762218,16476.8,71784.53,C335685177,90789.34,35481.61,0,0
125,TRANSFER,31324.98,C379415524,34195.37,2870.39,C814303315,34084.32,65409.3,0,0
208,CASH_OUT,42237.98,C649576132,55788.73,13550.75,C382040034,29185.95,71423.93,0,0
453,CASH_OUT,23503.74,C362765597,28150.27,4646.53,C598985373,112011.24,135514.98,0,0
27,PAYMENT,231.57,C189704904,4763.85,4532.28,M540332982,0.0,0.0,0,0
397,PAYMENT,1205.14,C573619288,12372.64,11167.5,M356075563,0.0,0.0,0,0
156,PAYMENT,2731.83,C143526916,8147.99,5416.16,M283249883,0.0,0.0,0,0
557,CASH_IN,26998.86,C597133181,32671.0,59669.86,C454035334,46995.61,19996.75,0,0
520,CASH_OUT,21463.25,C187307650,24254.99,2791.74,C411608226,18063.53,39526.78,0,0
549,CASH_OUT,6621.28,C177288052,16251.28,9630.0,C367283714,71670.93,78292.21,0,0
387,CASH_IN,160844.63,C811886592,5059.93,165904.56,C158735632,214225.27,53380.64,0,0
707,PAYMENT,4365.51,C429344266,26991.98,22626.47,M248375443,0.0,0.0,0,0
435,CASH_IN,52547.74,C259868027,18618.63,71166.37,C739775237,100564.82,48017.08,0,0
386,CASH_OUT,50463.62,C176537594,74243.5,23779.88,C396324960,10890.58,61354.2,0,0
253,CASH_IN,48039.34,C706955034,23896.59,71935.93,C916928475,79883.12,31843.78,0,0
533,TRANSFER,32639.95,C399858729,41185.56,8545.61,C584279715,8369.43,41009.38,0,0
64,CASH_OUT,38776.94,C496470215,54762.75,15985.81,C621258887,40781.88,79558.82,0,0
345,CASH_OUT,23642.98,C451407985,29066.0,5423.02,C676487265,23056.52,46699.5,0,0
23,PAYMENT,2416.2,C299722741,10259.92,7843.72,M784115436,0.0,0.0,0,0
177,CASH_OUT,49154.2,C606859434,61634.51,12480.31,C929366355,37443.24,86597.44,0,0
112,TRANSFER,929.33,C619276469,52079.39,51150.06,C792463821,57561.08,58490.41,0,0
4,PAYMENT,12629.15,C384422796,16015.31,3386.16,M801444773,0.0,0.0,0,0
265,PAYMENT,94.72,C619658076,27691.97,27597.25,M815203943,0.0,0.0,0,0
13,PAYMENT,12100.13,C793669272,13749.25,1649.12,M529970132,0.0,0.0,0,0
134,PAYMENT,649.98,C436451504,11272.96,10622.98,M683746661,0.0,0.0,0,0
4,PAYMENT,14042.38,C376309793,23075.99,9033.61,M381164534,0.0,0.0,0,0
204,PAYMENT,4403.01,C518250319,9656.1,5253.09,M487338703,0.0,0.0,0,0
613,TRANSFER,104042.15,C319807672,127780.4,23738.25,C696479740,22854.96,126897.11,0,0
238,TRANSFER,28399.89,C608089873,106065.82,77665.93,C537432242,12648.31,41048.2,0,0
306,CASH_IN,24165.31,C970980826,13937.64,38102.95,C736230350,150082.54,125917.23,0,0
85,CASH_OUT,39974.1,C702646013,50642.91,10668.81,C179679189,3018.36,42992.46,0,0
721,CASH_OUT,15214.85,C758594626,66133.89,50919.04,C136447149,21637.12,36851.97,0,0
464,PAYMENT,6187.09,C855413715,32473.12,26286.03,M428353565,0.0,0.0,0,0
480,PAYMENT,6364.0,C709858000,16258.31,9894.31,M508854096,0.0,0.0,0,0
669,TRANSFER,51827.91,C606351229,99621.94,47794.03,C825203936,7590.18,59418.09,0,0
442,CASH_OUT,44732.94,C627357158,52162.33,7429.39,C688015763,11274.3,56007.24,0,0
74,CASH_OUT,704.36,C230135494,58132.39,57428.03,C376964146,23577.72,24282.08,0,0
621,CASH_OUT,123356.52,C147470987,154582.2,31225.68,C507100251,60975.65,184332.17,0,0
168,CASH_OUT,26720.54,C546166987,52708.93,25988.39,C887854161,8135.92,34856.46,0,0
377,CASH_OUT,77313.31,C510793254,82938.8,5625.49,C139484703,45826.57,123139.88,0,0
516,CASH_OUT,17920.1,C555838987,27692.28,9772.18,C132460703,31176.01,49096.11,0,0
29,CASH_OUT,11319.78,C719047580,12782.69,1462.91,C665596985,59277.77,70597.55,0,0
525,CASH_OUT,31100.72,C448139434,41228.15,10127.43,C241502153,55774.47,86875.19,0,0
196,CASH_IN,4701.6,C127895885,42551.84,47253.44,C274993574,6145.44,1443.84,0,0
287,CASH_IN,138601.05,C242318920,10010.0,148611.05,C485292602,157947.36,19346.31,0,0
364,PAYMENT,673.71,C359752043,27749.37,27075.66,M282344717,0.0,0.0,0,0
416,TRANSFER,1039779.22,C676877138,1039779.22,0.0,C701389730,0.0,0.0,1,0
523,TRANSFER,83881.57,C881619681,98921.25,15039.68,C653548092,36014.69,119896.26,0,0
569,CASH_OUT,46415.52,C782698388,86512.42,40096.9,C902679172,12252.47,58667.99,0,0
441,CASH_OUT,165012.89,C261943410,165576.97,564.08,C847431356,97418.64,262431.53,0,0
490,PAYMENT,8685.27,C722749578,29110.51,20425.24,M785343616,0.0,0.0,0,0
671,CASH_IN,24501.34,C327579173,68734.28,93235.62,C778083079,25583.99,1082.65,0,0
527,CASH_IN,56981.35,C938523407,109500.31,166481.66,C310584885,76908.0,19926.65,0,0
354,DEBIT,1623.75,C149368474,3250.2,1626.45,C789354326,11012.75,12636.5,0,0
232,CASH_OUT,58512.77,C970222271,64991.18,6478.41,C865905103,34073.24,92586.01,0,0
81,PAYMENT,110.98,C441523684,14792.89,14681.91,M503091527,0.0,0.0,0,0
440,CASH_IN,11194.54,C400016529,20962.2,32156.74,C868976267,106766.61,95572.07,0,0
353,CASH_OUT,7932.6,C796549193,44933.49,37000.89,C791383798,7960.96,15893.56,0,0
266,PAYMENT,558.31,C370764466,8765.75,8207.44,M897452969,0.0,0.0,0,0
576,CASH_IN,11876.89,C266793565,24261.89,36138.78,C939485759,54548.75,42671.86,0,0
659,CASH_IN,18347.29,C685437719,16074.11,34421.4,C386324187,20783.71,2436.42,0,0
681,CASH_OUT,53949.9,C824341111,62732.74,8782.84,C887410638,6317.53,60267.43,0,0
693,PAYMENT,4179.5,C560229904,5583.41,1403.91,M754967992,0.0,0.0,0,0
643,PAYMENT,3247.66,C290024710,51353.37,48105.71,M145640531,0.0,0.0,0,0
41,CASH_OUT,11805.83,C956741539,11892.76,86.93,C147835542,61285.26,73091.09,0,0
198,CASH_IN,4273.75,C266413662,77117.42,81391.17,C286250457,143577.18,139303.43,0,0
272,PAYMENT,6653.47,C516789846,10800.47,4147.0,M168651131,0.0,0.0,0,0
226,CASH_IN,46073.51,C888164417,47091.31,93164.82,C982987640,262895.58,216822.07,0,0
82,CASH_OUT,13189.0,C867837005,27415.36,14226.36,C439634937,87505.35,100694.35,0,0
337,CASH_OUT,64899.39,C846933932,77378.38,12478.99,C392093699,10450.55,75349.94,0,0
120,CASH_IN,15243.31,C850858922,6173.63,21416.94,C753258862,32243.18,16999.87,0,0
11,TRANSFER,6411.32,C207249732,36377.71,29966.39,C931850085,11865.22,18276.54,0,0
609,CASH_OUT,58109.58,C544552737,68111.05,10001.47,C136524957,59470.88,117580.46,0,0
618,TRANSFER,139241.09,C571868631,146824.59,7583.5,C394421082,7468.83,146709.92,0,0
180,CASH_IN,19962.09,C639004828,228048.67,248010.76,C525159278,59063.15,39101.06,0,0
416,CASH_IN,64221.03,C448062121,22488.75,86709.78,C986967268,78933.8,14712.77,0,0
507,DEBIT,2082.71,C812652931,14494.34,12411.63,C507054022,5625.38,7708.09,0,0
32,CASH_OUT,51102.94,C955137832,71780.74,20677.8,C344121891,6991.0,58093.94,0,0
397,TRANSFER,95555.33,C393863264,227447.26,131891.93,C954121065,20537.32,116092.65,0,0
258,CASH_IN,99277.27,C659563024,11340.35,110617.62,C894688350,108584.72,9307.45,0,0
323,CASH_IN,18414.49,C610973179,21655.95,40070.44,C401047564,79292.32,60877.83,0,0
178,PAYMENT,15169.35,C711825364,41171.04,26001.69,M223937127,0.0,0.0,0,0
576,CASH_IN,28711.23,C825832992,49585.71,78296.94,C311265104,61266.15,32554.92,0,0
493,PAYMENT,431.14,C634878706,5329.79,4898.65,M898178321,0.0,0.0,0,0
669,CASH_OUT,20535.68,C743212652,27507.6,6971.92,C404433301,82478.63,103014.31,0,0
572,PAYMENT,5376.33,C230852635,28787.23,23410.9,M408587102,0.0,0.0,0,0
328,PAYMENT,2043.51,C998009811,12960.63,10917.12,M872902985,0.0,0.0,0,0
132,PAYMENT,7990.49,C800632603,11837.88,3847.39,M609561426,0.0,0.0,0,0
611,CASH_IN,6400.31,C883599414,58937.38,65337.69,C764995646,151836.15,145435.84,0,0
29,PAYMENT,849.56,C655432292,20616.59,19767.03,M262120044,0.0,0.0,0,0
468,CASH_OUT,99183.61,C561703109,102654.2,3470.59,C469041084,26455.19,125638.8,0,0
342,PAYMENT,1041.47,C347747814,9262.84,8221.37,M745880108,0.0,0.0,0,0
97,PAYMENT,15339.28,C794087686,18187.65,2848.37,M292704273,0.0,0.0,0,0
27,CASH_OUT,195158.65,C453369000,210886.17,15727.52,C912829952,13497.09,208655.74,0,0
610,CASH_OUT,64019.93,C415882059,123855.57,59835.64,C939442231,12261.65,76281.58,0,0
265,CASH_IN,86353.83,C297872173,99883.72,186237.55,C675780681,103411.91,17058.08,0,0
232,DEBIT,350.93,C216628066,2143.5,1792.57,C393282521,34571.29,34922.22,0,0
310,CASH_OUT,51729.57,C812322942,68492.76,16763.19,C458730450,28967.32,80696.89,0,0
65,PAYMENT,1390.76,C715771701,10198.96,8808.2,M307337693,0.0,0.0,0,0
412,CASH_OUT,10008.91,C674554639,10792.74,783.83,C707947700,12866.35,22875.26,0,0
577,CASH_OUT,25234.4,C202170864,83154.64,57920.24,C705432398,70259.55,95493.95,0,0
409,PAYMENT,391.55,C221751179,9075.34,8683.79,M723375730,0.0,0.0,0,0
336,CASH_OUT,49770.64,C409649618,85849.72,36079.08,C526199439,49682.79,99453.43,0,0
628,CASH_OUT,32896.64,C256216660,46819.56,13922.92,C688471787,11384.11,44280.75,0,0
427,PAYMENT,3251.68,C156881229,7896.78,4645.1,M917129910,0.0,0.0,0,0
304,PAYMENT,10750.24,C360639220,12504.78,1754.54,M228891459,0.0,0.0,0,0
165,CASH_IN,9120.5,C455093329,7052.39,16172.89,C965242307,140445.76,131325.26,0,0
705,CASH_IN,6917.33,C122511369,28464.46,35381.79,C393015901,73065.13,66147.8,0,0
188,CASH_IN,19488.18,C521448172,241864.89,261353.07,C906672118,69979.03,50490.85,0,0
247,CASH_IN,62363.3,C783660075,69434.33,131797.63,C288128278,274667.44,212304.14,0,0
504,CASH_OUT,7094.53,C507763927,17352.3,10257.77,C779603410,33662.47,40757.0,0,0
488,DEBIT,3383.29,C288186169,9962.02,6578.73,C227092774,6587.54,9970.83,0,0
459,PAYMENT,652.4,C516909574,9420.55,8768.15,M887877533,0.0,0.0,0,0
235,CASH_OUT,158346.84,C729338586,162560.91,4214.07,C578597700,13912.78,172259.62,0,0
235,CASH_OUT,43920.32,C982997373,88106.43,44186.11,C349000625,3791.35,47711.67,0,0
234,PAYMENT,2075.76,C940366854,9695.93,7620.17,M712711538,0.0,0.0,0,0
305,CASH_OUT,53008.32,C429665033,56562.17,3553.85,C284217960,133070.39,186078.71,0,0
316,CASH_OUT,22371.39,C893604829,35344.04,12972.65,C493805967,37116.8,59488.19,0,0
95,TRANSFER,79985.93,C330813085,110307.82,30321.89,C558817691,70812.11,150798.04,0,0
193,CASH_OUT,78294.49,C786892815,94868.28,16573.79,C471282294,3170.98,81465.47,0,0
296,CASH_IN,19088.16,C479540914,69268.2,88356.36,C992126780,52623.92,33535.76,0,0
566,CASH_OUT,84097.28,C667274070,117611.33,33514.05,C459331588,35364.5,119461.78,0,0
134,CASH_IN,60235.37,C884568268,40368.68,100604.05,C111630166,122787.8,62552.43,0,0
514,PAYMENT,8664.46,C750821530,15170.57,6506.11,M319021870,0.0,0.0,0,0
329,CASH_OUT,6112.29,C749883636,31498.79,25386.5,C989151056,69510.77,75623.06,0,0
159,PAYMENT,14021.94,C388077293,18618.79,4596.85,M237909576,0.0,0.0,0,0
90,PAYMENT,1553.41,C130527551,25173.85,23620.44,M810091863,0.0,0.0,0,0
89,DEBIT,9284.97,C377593663,20053.3,10768.33,C786834556,35623.95,44908.92,0,0
510,DEBIT,2443.9,C321130244,12677.87,10233.97,C343220619,38125.85,40569.75,0,0
469,TRANSFER,1560.85,C336303305,6397.17,4836.32,C304215450,36058.96,37619.81,0,0
149,CASH_IN,15972.49,C195519827,6196.63,22169.12,C358531434,17286.83,1314.34,0,0
177,PAYMENT,5608.14,C557071599,14994.99,9386.85,M438268788,0.0,0.0,0,0
277,DEBIT,1936.91,C766392527,4763.57,2826.66,C825480386,15955.93,17892.84,0,0
491,PAYMENT,3581.02,C193685604,8061.18,4480.16,M214382232,0.0,0.0,0,0
141,PAYMENT,756.79,C360489698,5754.83,4998.04,M884334128,0.0,0.0,0,0
302,TRANSFER,22367.23,C442372999,49951.36,27584.13,C465683238,39371.86,61739.09,0,0
216,PAYMENT,224.3,C810093743,2897.48,2673.18,M156729913,0.0,0.0,0,0
607,PAYMENT,1095.77,C979806771,6784.43,5688.66,M111036923,0.0,0.0,0,0
601,CASH_OUT,153041.07,C725774091,170942.39,17901.32,C614800216,27830.04,180871.11,0,0
355,CASH_OUT,29412.32,C260351855,49538.81,20126.49,C596995812,70335.95,99748.27,0,0
36,PAYMENT,823.21,C825113555,36598.37,35775.16,M948170848,0.0,0.0,0,0
114,PAYMENT,472.65,C239021798,19157.53,18684.88,M499052564,0.0,0.0,0,0
149,CASH_IN,11693.76,C918284660,68413.37,80107.13,C581679817,72032.24,60338.48,0,0
636,PAYMENT,151.33,C195848865,9175.76,9024.43,M464105776,0.0,0.0,0,0
346,PAYMENT,2159.03,C813065268,5787.68,3628.65,M762764234,0.0,0.0,0,0
433,DEBIT,2003.92,C462802103,29706.49,27702.57,C771041992,36812.31,38816.23,0,0
596,PAYMENT,807.95,C302377800,21469.83,20661.88,M615554875,0.0,0.0,0,0
386,DEBIT,2076.71,C420607680,2231.76,155.05,C970687457,1352.74,3429.45,0,0
187,CASH_IN,30601.52,C602013264,12312.26,42913.78,C438091266,41366.42,10764.9,0,0
356,PAYMENT,10681.9,C831155749,21491.92,10810.02,M506537455,0.0,0.0,0,0
307,CASH_IN,1464.73,C728149780,109859.15,111323.88,C676504891,63030.62,61565.89,0,0
684,CASH_OUT,50904.51,C122822620,90110.23,39205.72,C401728876,99548.59,150453.1,0,0
138,CASH_IN,41267.16,C993369561,47992.93,89260.09,C532188142,137340.98,96073.82,0,0
378,CASH_OUT,20713.18,C495857119,56785.74,36072.56,C968888667,59294.52,80007.7,0,0
46,TRANSFER,2657.0,C800823315,18554.6,15897.6,C767719587,7444.83,10101.83,0,0
504,TRANSFER,9029.08,C338409230,12032.06,3002.98,C915910704,3814.58,12843.66,0,0
325,CASH_OUT,7036.32,C664252644,12392.26,5355.94,C323040835,38597.61,45633.93,0,0
498,CASH_OUT,6929.61,C596080981,26403.42,19473.81,C351324973,2303.29,9232.9,0,0
691,PAYMENT,1277.48,C778871371,3758.32,2480.84,M628070193,0.0,0.0,0,0
325,CASH_OUT,238536.21,C971205173,294910.19,56373.98,C899221797,4780.78,243316.99,0,0
137,PAYMENT,6324.57,C871747455,14962.67,8638.1,M753343284,0.0,0.0,0,0
343,PAYMENT,9684.05,C969212491,24265.51,14581.46,M255049253,0.0,0.0,0,0
417,CASH_OUT,34810.61,C654757620,49833.71,15023.1,C505272710,58969.38,93779.99,0,0
374,CASH_OUT,125821.53,C503659455,185609.92,59788.39,C276185200,74834.05,200655.58,0,0
58,CASH_IN,38961.0,C559800994,9588.8,48549.8,C101565832,124534.29,85573.29,0,0
342,PAYMENT,3784.16,C660314141,4498.98,714.82,M119872255,0.0,0.0,0,0
710,TRANSFER,12604.27,C281653070,32604.11,19999.84,C865442280,19275.7,31879.97,0,0
476,PAYMENT,1687.0,C264396091,15382.43,13695.43,M514870574,0.0,0.0,0,0
271,TRANSFER,52362.71,C411411697,60315.08,7952.37,C967084331,16763.88,69126.59,0,0
71,CASH_OUT,54659.49,C620703631,63068.5,8409.01,C106378852,39663.14,94322.63,0,0
141,PAYMENT,22413.95,C463390112,31626.68,9212.73,M268794143,0.0,0.0,0,0
145,PAYMENT,1934.57,C548136535,12640.28,10705.71,M348852071,0.0,0.0,0,0
671,PAYMENT,376.43,C214726214,8669.83,8293.4,M698542119,0.0,0.0,0,0
598,CASH_IN,15181.47,C591023965,80655.01,95836.48,C430038957,189605.53,174424.06,0,0
46,PAYMENT,4564.29,C348441625,8592.14,4027.85,M426620172,0.0,0.0,0,0
302,CASH_OUT,47951.83,C860509365,51203.15,3251.32,C178262995,15433.88,63385.71,0,0
31,CASH_IN,32885.49,C601968201,49900.76,82786.25,C973134186,49517.64,16632.15,0,0
443,CASH_OUT,13687.29,C899830287,49838.43,36151.14,C419617860,51182.75,64870.04,0,0
517,PAYMENT,5060.89,C817880460,6145.98,1085.09,M239823636,0.0,0.0,0,0
685,CASH_OUT,47185.49,C551372696,100136.18,52950.69,C504308878,29199.66,76385.15,0,0
626,CASH_OUT,10097.95,C880811310,19542.07,9444.12,C219092411,68292.94,78390.89,0,0
181,PAYMENT,2001.07,C181881024,11322.5,9321.43,M285793909,0.0,0.0,0,0
379,CASH_OUT,74382.07,C572181483,80344.47,5962.4,C771883969,78257.0,152639.07,0,0
550,PAYMENT,1564.12,C205973717,10119.19,8555.07,M714647943,0.0,0.0,0,0
716,CASH_IN,35128.8,C305877943,12182.45,47311.25,C832945624,64953.35,29824.55,0,0
32,TRANSFER,67904.47,C901590174,116088.79,48184.32,C690248555,2277.89,70182.36,0,0
507,PAYMENT,2104.47,C506194326,3361.14,1256.67,M811450835,0.0,0.0,0,0
582,PAYMENT,996.7,C642695808,16726.06,15729.36,M905678727,0.0,0.0,0,0
13,PAYMENT,1539.74,C865083354,15851.12,14311.38,M678772224,0.0,0.0,0,0
350,CASH_OUT,1882.35,C206317369,2484.47,602.12,C750421971,37205.76,39088.11,0,0
636,CASH_OUT,5892.82,C531779739,36181.87,30289.05,C481577583,85279.23,91172.05,0,0
270,PAYMENT,2091.64,C644441127,3989.64,1898.0,M745536988,0.0,0.0,0,0
82,CASH_IN,7756.51,C419169939,61472.3,69228.81,C878199517,48054.78,40298.27,0,0
707,CASH_IN,5516.85,C757042577,11429.95,16946.8,C858407461,36976.57,31459.72,0,0
27,CASH_OUT,100383.13,C931460940,144092.75,43709.62,C939085822,46279.89,146663.02,0,0
516,CASH_IN,25015.03,C861041629,1011.89,26026.92,C861350081,34132.77,9117.74,0,0
370,PAYMENT,1654.46,C685225627,3586.26,1931.8,M849925122,0.0,0.0,0,0
300,TRANSFER,12719.56,C896532809,38967.46,26247.9,C798922099,28871.99,41591.55,0,0
352,CASH_OUT,48704.23,C454387048,49467.24,763.01,C280471120,68573.5,117277.73,0,0
288,PAYMENT,13388.25,C107660492,20449.71,7061.46,M802397844,0.0,0.0,0,0
310,DEBIT,1152.54,C214971553,3541.49,2388.95,C807612626,577.17,1729.71,0,0
235,CASH_OUT,89008.72,C849374598,126764.98,37756.26,C525751760,5813.03,94821.75,0,0
233,PAYMENT,2678.16,C148913989,23709.24,21031.08,M581168942,0.0,0.0,0,0
16,CASH_IN,702.27,C669293782,40931.32,41633.59,C710443883,26419.09,25716.82,0,0
405,CASH_OUT,6533.74,C435890735,36218.02,29684.28,C475185287,2806.48,9340.22,0,0
58,PAYMENT,9575.4,C608192772,20957.61,11382.21,M339767465,0.0,0.0,0,0
497,CASH_OUT,104133.58,C240884053,124835.01,20701.43,C496573573,58111.96,162245.54,0,0
92,DEBIT,1815.2,C427960309,7748.76,5933.56,C965708810,60638.26,62453.46,0,0
190,CASH_OUT,14391.1,C333515753,15247.71,856.61,C275311886,9132.39,23523.49,0,0
107,PAYMENT,4041.41,C548994938,6131.04,2089.63,M564663112,0.0,0.0,0,0
293,CASH_OUT,12776.72,C872982938,30987.71,18210.99,C814429471,15094.07,27870.79,0,0
158,PAYMENT,3491.44,C726651299,3749.77,258.33,M262812185,0.0,0.0,0,0
243,PAYMENT,698.22,C711841526,4420.31,3722.09,M889190111,0.0,0.0,0,0
265,CASH_OUT,5582.37,C163867953,38538.59,32956.22,C708754405,37564.32,43146.69,0,0
704,CASH_OUT,16548.48,C527184669,23321.42,6772.94,C732037532,3194.93,19743.41,0,0
661,CASH_OUT,67811.37,C115765049,72745.56,4934.19,C387993379,4796.75,72608.12,0,0
210,CASH_IN,31695.25,C389943298,125509.34,157204.59,C777212965,71586.16,39890.91,0,0
189,PAYMENT,11684.71,C103570258,39794.84,28110.13,M840240734,0.0,0.0,0,0
518,PAYMENT,1538.58,C350674435,1577.95,39.37,M576553514,0.0,0.0,0,0
211,PAYMENT,7701.87,C528084074,8876.33,1174.46,M812940931,0.0,0.0,0,0
237,CASH_OUT,61736.16,C269804082,62609.07,872.91,C770511536,15905.21,77641.37,0,0
197,PAYMENT,15262.26,C581307678,18232.31,2970.05,M707921995,0.0,0.0,0,0
326,CASH_OUT,138899.56,C632520992,171245.23,32345.67,C849289568,929.32,139828.88,0,0
32,CASH_OUT,51870.51,C705204259,65613.85,13743.34,C247341153,5494.67,57365.18,0,0
366,PAYMENT,10.24,C917287324,26863.0,26852.76,M614852943,0.0,0.0,0,0
728,CASH_OUT,60497.7,C189529622,85699.33,25201.63,C652956513,24235.48,84733.18,0,0
393,CASH_OUT,85608.63,C949405493,134010.15,48401.52,C747566781,67084.47,152693.1,0,0
151,DEBIT,89.74,C166456836,3993.57,3903.83,C870344015,10686.06,10775.8,0,0
4,PAYMENT,5198.83,C800486091,6860.19,1661.36,M921731092,0.0,0.0,0,0
203,CASH_OUT,42189.45,C162046924,42567.49,378.04,C151696600,49684.61,91874.06,0,0
591,PAYMENT,981.6,C425606367,2476.06,1494.46,M169434646,0.0,0.0,0,0
254,TRANSFER,10408.95,C966992526,10532.25,123.3,C301487693,12599.18,23008.13,0,0
473,DEBIT,6951.55,C281386217,12423.43,5471.88,C668693546,18446.05,25397.6,0,0
728,PAYMENT,6860.48,C826635561,8289.3,1428.82,M123301468,0.0,0.0,0,0
302,PAYMENT,4830.17,C452334651,6513.43,1683.26,M307897166,0.0,0.0,0,0
181,CASH_OUT,56613.65,C288525014,80869.52,24255.87,C604029344,60560.96,117174.61,0,0
422,DEBIT,6804.91,C576070965,13316.17,6511.26,C666406331,19826.71,26631.62,0,0
562,PAYMENT,21107.75,C186213164,48648.9,27541.15,M436506131,0.0,0.0,0,0
408,TRANSFER,65736.61,C858334186,82472.42,16735.81,C279109848,35555.6,101292.21,0,0
626,CASH_OUT,222138.93,C696192774,222138.93,0.0,C871107212,30648.27,252787.2,1,1
714,PAYMENT,745.42,C282840130,7396.85,6651.43,M822073738,0.0,0.0,0,0
455,PAYMENT,225.32,C807557350,6277.7,6052.38,M647518997,0.0,0.0,0,0
89,CASH_OUT,9197.92,C758024767,22141.59,12943.67,C271619702,38714.89,47912.81,0,0
128,CASH_OUT,24466.98,C682044178,28311.63,3844.65,C857103235,28401.05,52868.03,0,0
627,PAYMENT,4947.44,C534113412,6932.22,1984.78,M940567256,0.0,0.0,0,0
669,CASH_OUT,29234.19,C993180396,73556.53,44322.34,C361592751,678.51,29912.7,0,0
343,PAYMENT,721.09,C213187480,2916.16,2195.07,M777992491,0.0,0.0,0,0
649,CASH_OUT,53085.44,C723410660,64611.64,11526.2,C373925704,59839.71,112925.15,0,0
88,CASH_OUT,80638.01,C448051973,101077.21,20439.2,C852188059,34997.39,115635.4,0,0
107,CASH_OUT,76500.8,C987950285,76568.72,67.92,C736275710,85586.9,162087.7,0,0
189,CASH_IN,58343.43,C337474241,14966.22,73309.65,C652253533,58545.52,202.09,0,0
547,CASH_IN,94170.8,C217199566,51068.18,145238.98,C221266780,109607.51,15436.71,0,0
270,CASH_IN,95320.38,C301405493,4166.57,99486.95,C680181404,137235.04,41914.66,0,0
137,PAYMENT,3800.42,C251695510,17396.45,13596.03,M858025395,0.0,0.0,0,0
44,PAYMENT,2173.76,C902448077,10677.74,8503.98,M500350757,0.0,0.0,0,0
61,PAYMENT,2191.06,C915612170,8915.38,6724.32,M279975264,0.0,0.0,0,0
69,PAYMENT,5196.78,C116379077,5208.33,11.55,M486384591,0.0,0.0,0,0
298,PAYMENT,6039.53,C559132600,15390.02,9350.49,M611416457,0.0,0.0,0,0
657,PAYMENT,13738.84,C524488848,28759.64,15020.8,M725004128,0.0,0.0,0,0
444,TRANSFER,70784.27,C993510679,80075.6,9291.33,C675053566,679.87,71464.14,0,0
681,CASH_OUT,49904.51,C674601207,80104.62,30200.11,C854798667,19945.68,69850.19,0,0
73,PAYMENT,13949.85,C746935784,22109.33,8159.48,M731991126,0.0,0.0,0,0
571,TRANSFER,953818.91,C551635417,953818.91,0.0,C883469138,0.0,953818.91,1,0
75,CASH_OUT,77934.9,C573446743,81615.82,3680.92,C355100617,16952.07,94886.97,0,0
368,CASH_IN,63874.69,C575433960,29587.78,93462.47,C546171111,87365.49,23490.8,0,0
381,PAYMENT,12908.5,C815222224,33044.88,20136.38,M862948189,0.0,0.0,0,0
33,PAYMENT,9078.17,C129119055,17564.09,8485.92,M267236798,0.0,0.0,0,0
604,CASH_OUT,70453.5,C977211409,84763.41,14309.91,C182346989,18909.43,89362.93,0,0
451,CASH_IN,109833.72,C546069125,54160.53,163994.25,C244988493,202424.31,92590.59,0,0
690,CASH_OUT,39010.22,C935453271,72876.2,33865.98,C202350876,9040.47,48050.69,0,0
49,CASH_OUT,61494.09,C949469401,104339.49,42845.4,C707933076,19980.63,81474.72,0,0
325,CASH_IN,468.62,C797324775,2627.72,3096.34,C747728852,107956.42,107487.8,0,0
83,PAYMENT,17475.22,C232874505,22936.76,5461.54,M723918052,0.0,0.0,0,0
628,PAYMENT,2017.26,C414656771,10149.98,8132.72,M686299925,0.0,0.0,0,0
499,PAYMENT,2599.55,C823958284,17566.45,14966.9,M607221717,0.0,0.0,0,0
711,CASH_OUT,44978.81,C551582245,53539.67,8560.86,C259433466,189637.82,234616.63,0,0
584,CASH_OUT,45178.5,C622920850,53637.52,8459.02,C116032031,1421.19,46599.69,0,0
377,TRANSFER,11477.47,C263035367,14384.58,2907.11,C164372456,13382.9,24860.37,0,0
320,TRANSFER,80614.88,C648137481,82385.34,1770.46,C841698063,13432.89,94047.77,0,0
199,CASH_OUT,9404.59,C629190048,14367.33,4962.74,C216656902,17193.47,26598.06,0,0
552,PAYMENT,15034.83,C278225150,21889.64,6854.81,M881225155,0.0,0.0,0,0
412,CASH_IN,63191.85,C992501636,20075.28,83267.13,C866826635,252770.84,189578.99,0,0
48,CASH_IN,27339.84,C801643115,26522.61,53862.45,C557338642,159956.35,132616.51,0,0
709,CASH_OUT,46708.36,C671172540,59818.92,13110.56,C696240541,115573.82,162282.18,0,0
231,CASH_IN,26284.15,C939174188,11799.11,38083.26,C722033519,27713.05,1428.9,0,0
439,CASH_OUT,231.82,C534065801,10322.63,10090.81,C989851346,65316.75,65548.57,0,0
181,TRANSFER,95453.81,C762128571,117888.15,22434.34,C598026524,25053.39,120507.2,0,0
180,PAYMENT,1122.65,C890727968,3077.3,1954.65,M473573055,0.0,0.0,0,0
278,PAYMENT,2199.95,C293742857,17501.58,15301.63,M327900761,0.0,0.0,0,0
447,PAYMENT,1562.12,C151216551,6417.44,4855.32,M846011393,0.0,0.0,0,0
145,PAYMENT,4450.24,C548972813,14411.69,9961.45,M144627574,0.0,0.0,0,0
657,CASH_OUT,21323.78,C995476956,65047.94,43724.16,C799420735,40642.16,61965.94,0,0
515,PAYMENT,2145.11,C647661291,20559.17,18414.06,M315828210,0.0,0.0,0,0
600,TRANSFER,58002.47,C232121582,60457.38,2454.91,C351927498,26749.84,84752.31,0,0
286,CASH_OUT,100728.49,C148582659,115555.31,14826.82,C946993727,164549.26,265277.75,0,0
669,DEBIT,4505.1,C268361682,16602.79,12097.69,C296102052,6717.91,11223.01,0,0
448,CASH_IN,32062.94,C291942041,49364.52,81427.46,C357809778,71429.26,39366.32,0,0
161,CASH_OUT,67575.37,C312392575,90910.38,23335.01,C858967985,5012.42,72587.79,0,0
181,TRANSFER,25302.58,C105603679,25823.84,521.26,C237857248,23504.86,48807.44,0,0
310,PAYMENT,484.05,C665390335,36011.0,35526.95,M981429426,0.0,0.0,0,0
466,CASH_OUT,16110.5,C869533081,31304.2,15193.7,C528378281,2752.93,18863.43,0,0
741,PAYMENT,3345.92,C350254851,12691.95,9346.03,M135148344,0.0,0.0,0,0
681,CASH_OUT,32963.5,C531020088,37392.91,4429.41,C672018729,6061.59,39025.09,0,0
326,PAYMENT,3558.31,C212743222,7079.56,3521.25,M798574763,0.0,0.0,0,0
349,PAYMENT,9955.71,C252340734,14417.98,4462.27,M777147075,0.0,0.0,0,0
593,DEBIT,401.53,C150452539,759.91,358.38,C477538664,4181.04,4582.57,0,0
303,PAYMENT,1739.98,C406401485,27898.57,26158.59,M281323183,0.0,0.0,0,0
464,CASH_OUT,182656.41,C219926626,216887.32,34230.91,C362977997,3050.14,185706.55,0,0
636,PAYMENT,1669.25,C235135657,11988.04,10318.79,M874797192,0.0,0.0,0,0
151,CASH_IN,6551.38,C450196835,75355.13,81906.51,C640801648,33277.03,26725.65,0,0
279,CASH_OUT,141108.3,C371088837,149288.55,8180.25,C677471836,30191.23,171299.53,0,0
26,CASH_OUT,14740.19,C658589164,15329.97,589.78,C985359925,29466.14,44206.33,0,0
102,CASH_OUT,212784.59,C981817370,245000.17,32215.58,C629159030,103144.62,315929.21,0,0
138,TRANSFER,750892.99,C197425729,750892.99,0.0,C293361531,0.0,0.0,1,0
287,PAYMENT,10693.64,C256076731,12457.52,1763.88,M815070858,0.0,0.0,0,0
482,PAYMENT,2159.87,C372367116,11206.23,9046.36,M444996178,0.0,0.0,0,0
500,CASH_OUT,4632.35,C607530079,18308.24,13675.89,C131202033,106848.92,111481.27,0,0
126,PAYMENT,4700.03,C735170900,5431.35,731.32,M461675500,0.0,0.0,0,0
440,PAYMENT,4142.46,C846609171,23229.1,19086.64,M608732309,0.0,0.0,0,0
147,PAYMENT,4613.62,C396331338,38979.66,34366.04,M428147416,0.0,0.0,0,0
204,TRANSFER,92285.1,C708394712,123779.74,31494.64,C439261339,33188.73,125473.83,0,0
36,PAYMENT,848.32,C289760912,3738.3,2889.98,M568455451,0.0,0.0,0,0
421,PAYMENT,8733.47,C398577211,9420.65,687.18,M549057957,0.0,0.0,0,0
359,PAYMENT,7075.58,C520728933,20038.22,12962.64,M974266059,0.0,0.0,0,0
49,TRANSFER,18603.28,C894243515,57242.75,38639.47,C118479988,15548.3,34151.58,0,0
399,CASH_OUT,8871.2,C564317287,37171.63,28300.43,C649998466,107856.28,116727.48,0,0
233,PAYMENT,3996.23,C152750635,19155.99,15159.76,M905540850,0.0,0.0,0,0
380,PAYMENT,669.83,C886827976,7319.53,6649.7,M307460629,0.0,0.0,0,0
688,TRANSFER,13092.34,C294018720,37114.0,24021.66,C128148419,3655.28,16747.62,0,0
317,CASH_OUT,4259.16,C463335073,7787.41,3528.25,C277690640,122725.05,126984.21,0,0
551,CASH_IN,37229.17,C815745417,5085.61,42314.78,C391516869,74905.83,37676.66,0,0
184,PAYMENT,871.77,C823062208,16335.31,15463.54,M896027225,0.0,0.0,0,0
373,PAYMENT,3917.25,C310478180,8762.1,4844.85,M599284511,0.0,0.0,0,0
174,TRANSFER,93374.34,C681232571,101957.23,8582.89,C129419793,84275.28,177649.62,0,0
547,PAYMENT,1003.91,C326702755,10864.28,9860.37,M668841399,0.0,0.0,0,0
202,PAYMENT,8179.3,C155002645,24081.87,15902.57,M769609686,0.0,0.0,0,0
403,CASH_IN,11897.58,C772782172,47272.86,59170.44,C229290517,22339.3,10441.72,0,0
129,CASH_OUT,7570.04,C638008572,12299.27,4729.23,C183462696,54141.85,61711.89,0,0
185,PAYMENT,3055.97,C449492633,3571.62,515.65,M530945126,0.0,0.0,0,0
430,PAYMENT,1450.45,C677957544,7324.86,5874.41,M677119322,0.0,0.0,0,0
394,PAYMENT,1744.29,C533480082,9697.89,7953.6,M727648011,0.0,0.0,0,0
109,CASH_OUT,53406.8,C681113691,85976.57,32569.77,C148164059,22681.23,76088.03,0,0
450,CASH_OUT,90445.27,C381950054,93414.88,2969.61,C907155259,38666.8,129112.07,0,0
632,TRANSFER,36431.73,C586301057,49543.46,13111.73,C473483642,18721.24,55152.97,0,0
251,CASH_IN,69153.3,C754280006,227060.81,296214.11,C863343472,141077.49,71924.19,0,0
560,DEBIT,2071.83,C383740422,7623.98,5552.15,C123922983,17870.2,19942.03,0,0
670,CASH_IN,70729.1,C325599745,151212.26,221941.36,C826137486,80560.34,9831.24,0,0
327,CASH_IN,4160.6,C184386921,78826.7,82987.3,C526606385,108770.12,104609.52,0,0
461,PAYMENT,5082.67,C455473459,14649.72,9567.05,M405553118,0.0,0.0,0,0
653,PAYMENT,10455.71,C389666461,10566.68,110.97,M140169268,0.0,0.0,0,0
219,CASH_OUT,308992.47,C518686536,308992.47,0.0,C464355780,21220.29,330212.76,1,0
4,CASH_OUT,1320759.8,C401228527,1320759.8,0.0,C909916794,35863.68,1356623.48,1,0
93,CASH_IN,9071.7,C550551168,84620.37,93692.07,C813325309,58356.81,49285.11,0,0
611,CASH_OUT,35517.39,C973251037,43828.06,8310.67,C343196356,21265.58,56782.97,0,0
680,PAYMENT,6418.76,C158564169,17376.67,10957.91,M719312731,0.0,0.0,0,0
259,TRANSFER,166503.89,C270391607,238274.58,71770.69,C988716939,26989.66,193493.55,0,0
658,CASH_OUT,33837.81,C921429310,193564.47,159726.66,C250557643,59948.52,93786.33,0,0
595,PAYMENT,1639.65,C692929301,18467.04,16827.39,M785677075,0.0,0.0,0,0
573,CASH_OUT,14759.95,C760425919,20419.54,5659.59,C131498087,18499.35,33259.3,0,0
692,CASH_OUT,41475.83,C156408484,92848.85,51373.02,C650220979,98130.39,139606.22,0,0
698,CASH_OUT,81976.82,C650421467,101174.06,19197.24,C572183315,5818.7,87795.52,0,0
115,CASH_OUT,11970.82,C578091363,24785.5,12814.68,C411721844,138455.5,150426.32,0,0
194,CASH_OUT,66406.94,C106688261,108643.94,42237.0,C186949743,16335.96,82742.9,0,0
142,CASH_IN,104511.77,C684248909,52771.08,157282.85,C476908097,250788.85,146277.08,0,0
112,DEBIT,3714.43,C131292075,7935.24,4220.81,C193943711,1576.53,5290.96,0,0
493,CASH_OUT,169.04,C168314354,26934.96,26765.92,C986522131,33383.37,33552.41,0,0
28,CASH_IN,56370.62,C191407151,196.36,56566.98,C134666298,141676.86,85306.24,0,0
218,CASH_OUT,26617.48,C903803234,29758.53,3141.05,C275203948,23035.13,49652.61,0,0
498,CASH_IN,21677.56,C689054931,33687.01,55364.57,C787422506,52884.76,31207.2,0,0
143,PAYMENT,3897.87,C468179728,27920.48,24022.61,M999439900,0.0,0.0,0,0
604,PAYMENT,846.31,C326638336,4233.22,3386.91,M118184973,0.0,0.0,0,0
648,CASH_IN,113222.39,C855845505,14606.53,127828.92,C203445380,136653.65,23431.26,0,0
570,PAYMENT,1476.66,C696822158,8490.37,7013.71,M823639392,0.0,0.0,0,0
639,CASH_IN,9189.59,C876347095,52843.91,62033.5,C606848524,243564.16,234374.57,0,0
36,PAYMENT,4114.95,C765417191,10100.41,5985.46,M183479810,0.0,0.0,0,0
142,CASH_OUT,5464.44,C803075668,17595.76,12131.32,C689291946,9623.4,15087.84,0,0
253,PAYMENT,1804.1,C547357926,8881.94,7077.84,M157358122,0.0,0.0,0,0
35,PAYMENT,3466.16,C926490137,18590.23,15124.07,M967110475,0.0,0.0,0,0
242,PAYMENT,4224.25,C766777905,11546.62,7322.37,M795522487,0.0,0.0,0,0
12,PAYMENT,2220.07,C661152272,2719.56,499.49,M276468455,0.0,0.0,0,0
711,PAYMENT,9574.48,C984433702,26942.2,17367.72,M909113941,0.0,0.0,0,0
681,CASH_IN,32619.14,C138683294,107489.73,140108.87,C402840435,33576.58,957.44,0,0
679,CASH_OUT,1789.74,C172171172,36921.71,35131.97,C169365788,59574.03,61363.77,0,0
537,CASH_OUT,6071.48,C363280533,7169.41,1097.93,C455930711,37490.12,43561.6,0,0
395,PAYMENT,2079.2,C197978045,37554.79,35475.59,M587455313,0.0,0.0,0,0
84,TRANSFER,82906.25,C417118505,93843.37,10937.12,C760949426,10238.55,93144.8,0,0
688,TRANSFER,58834.33,C107338097,89186.64,30352.31,C439265266,55245.01,114079.34,0,0
380,PAYMENT,4792.65,C675062756,6189.05,1396.4,M828441135,0.0,0.0,0,0
621,CASH_OUT,41317.37,C972417005,62459.6,21142.23,C265596025,59463.58,100780.95,0,0
509,CASH_OUT,13268.36,C971074380,30859.43,17591.07,C968264748,255081.05,268349.41,0,0
568,CASH_OUT,5171.91,C349615672,66965.8,61793.89,C399885736,78657.6,83829.51,0,0
144,CASH_IN,32445.43,C369166813,50953.32,83398.75,C406447116,34249.87,1804.44,0,0
242,CASH_OUT,49338.1,C794487882,70908.65,21570.55,C533329545,8415.14,57753.24,0,0
393,CASH_OUT,34109.44,C922166670,35897.53,1788.09,C829452023,81204.64,115314.08,0,0
578,PAYMENT,17148.19,C736379023,28485.37,11337.18,M508499257,0.0,0.0,0,0
321,PAYMENT,7708.56,C737010598,8489.72,781.16,M380999886,0.0,0.0,0,0
437,CASH_OUT,15840.97,C242383188,23376.11,7535.14,C141579956,44023.27,59864.24,0,0
138,CASH_IN,33725.9,C961209108,10171.5,43897.4,C277977597,67829.37,34103.47,0,0
544,CASH_OUT,17003.93,C574866313,25218.06,8214.13,C153083728,2746.32,19750.25,0,0
433,PAYMENT,3323.57,C546721337,5626.98,2303.41,M744691924,0.0,0.0,0,0
234,PAYMENT,2195.24,C613860714,6495.29,4300.05,M382678852,0.0,0.0,0,0
381,CASH_IN,13357.62,C575008307,48575.98,61933.6,C502870794,35003.12,21645.5,0,0
1,CASH_OUT,16333.69,C397714539,16788.44,454.75,C769330268,95541.62,111875.31,0,0
569,CASH_OUT,15477.03,C219720888,39917.25,24440.22,C204604969,5874.37,21351.4,0,0
334,TRANSFER,13596.61,C913696191,13596.61,0.0,C217686592,0.0,13596.61,1,0
415,PAYMENT,12391.75,C496945628,27464.77,15073.02,M624352873,0.0,0.0,0,0
456,CASH_OUT,8218.97,C167173178,9129.26,910.29,C224221872,47928.81,56147.78,0,0
515,CASH_OUT,65970.31,C479695282,69167.5,3197.19,C790415804,111213.94,177184.25,0,0
116,PAYMENT,6136.83,C528212994,12553.36,6416.53,M191348980,0.0,0.0,0,0
27,PAYMENT,188.05,C185920810,3213.53,3025.48,M848106882,0.0,0.0,0,0
733,CASH_OUT,41449.32,C470029389,65531.73,24082.41,C344845540,40736.53,82185.85,0,0
466,CASH_OUT,29530.7,C592872802,54570.95,25040.25,C454566018,80864.2,110394.9,0,0
156,TRANSFER,72981.49,C713554615,170105.93,97124.44,C851765604,4378.16,77359.65,0,0
569,TRANSFER,1188306.96,C596724509,1188306.96,0.0,C683870714,0.0,0.0,1,0
333,TRANSFER,30108.13,C822172664,116060.89,85952.76,C248010985,513.45,30621.58,0,0
413,CASH_OUT,13439.34,C675984355,15553.91,2114.57,C907071408,6420.02,19859.36,0,0
11,CASH_OUT,64250.13,C246350358,99330.73,35080.6,C483136076,15597.41,79847.54,0,0
55,CASH_OUT,786.34,C365301234,3010.52,2224.18,C283167128,15848.13,16634.47,0,0
351,CASH_OUT,279339.87,C466292166,279339.87,0.0,C639962467,42544.72,321884.59,1,0
236,PAYMENT,1384.23,C159202250,10898.39,9514.16,M800623304,0.0,0.0,0,0
189,PAYMENT,945.09,C577810659,5410.34,4465.25,M399509215,0.0,0.0,0,0
592,CASH_OUT,96403.39,C439523021,110303.61,13900.22,C428394931,2439.13,98842.52,0,0
691,PAYMENT,6502.44,C205103276,29245.12,22742.68,M141854082,0.0,0.0,0,0
547,CASH_IN,71860.61,C750257808,40319.25,112179.86,C663161288,129304.69,57444.08,0,0
213,TRANSFER,64091.28,C492305030,72740.42,8649.14,C219597336,1158.2,65249.48,0,0
48,PAYMENT,2480.35,C897754897,6835.38,4355.03,M687864664,0.0,0.0,0,0
443,PAYMENT,3630.66,C532557410,3644.67,14.01,M441574648,0.0,0.0,0,0
409,CASH_IN,95420.8,C571306705,71310.38,166731.18,C119903651,95530.12,109.32,0,0
181,CASH_IN,1981.46,C811665541,7293.94,9275.4,C905960773,14682.64,12701.18,0,0
457,PAYMENT,6725.63,C675733407,31714.92,24989.29,M217586174,0.0,0.0,0,0
330,CASH_IN,22154.9,C112584519,90800.79,112955.69,C323607002,148201.61,126046.71,0,0
339,CASH_OUT,75583.0,C420458748,95221.48,19638.48,C409377417,11793.07,87376.07,0,0
440,TRANSFER,216835.07,C271107590,244492.71,27657.64,C133801400,115813.97,332649.04,0,0
227,TRANSFER,25157.73,C512083026,183848.1,158690.37,C790256778,39335.54,64493.27,0,0
464,PAYMENT,8477.05,C592790481,10490.85,2013.8,M767602096,0.0,0.0,0,0
122,TRANSFER,14285.52,C202799936,76544.15,62258.63,C878096564,30228.18,44513.7,0,0
524,CASH_OUT,26394.26,C949768161,46370.85,19976.59,C401069907,34410.15,60804.41,0,0
64,PAYMENT,2953.64,C670100363,10039.5,7085.86,M959417461,0.0,0.0,0,0
348,DEBIT,6061.27,C580122195,12713.87,6652.6,C515133500,28920.64,34981.91,0,0
292,DEBIT,1912.12,C767822831,5723.8,3811.68,C423902552,39691.12,41603.24,0,0
542,CASH_OUT,66401.76,C960560891,94580.7,28178.94,C650468799,5777.29,72179.05,0,0
453,CASH_IN,38011.54,C146090690,8820.87,46832.41,C908617931,42787.03,4775.49,0,0
36,CASH_OUT,42853.23,C976387053,70885.85,28032.62,C857935581,28758.69,71611.92,0,0
96,CASH_OUT,109198.79,C948244656,124312.49,15113.7,C461425648,26623.59,135822.38,0,0
714,CASH_OUT,23066.86,C616890147,55995.9,32929.04,C544811900,64569.64,87636.5,0,0
191,PAYMENT,3289.41,C799932385,3364.32,74.91,M304153845,0.0,0.0,0,0
483,CASH_OUT,136813.12,C831543860,164026.01,27212.89,C354550434,49163.86,185976.98,0,0
389,PAYMENT,3104.58,C706109660,10194.56,7089.98,M172754604,0.0,0.0,0,0
544,PAYMENT,6189.86,C282083038,17390.5,11200.64,M562587744,0.0,0.0,0,0
396,CASH_OUT,9673.2,C986054640,48770.07,39096.87,C734351918,10087.21,19760.41,0,0
304,PAYMENT,262.74,C665091932,12116.08,11853.34,M184748714,0.0,0.0,0,0
381,TRANSFER,53007.37,C251079580,125988.97,72981.6,C956033041,14736.51,67743.88,0,0
73,CASH_IN,14911.68,C451630729,3259.22,18170.9,C458699876,19575.63,4663.95,0,0
451,PAYMENT,2115.42,C466136957,7193.89,5078.47,M442558539,0.0,0.0,0,0
410,CASH_IN,32242.7,C877664025,117537.59,149780.29,C360935295,125509.25,93266.55,0,0
540,PAYMENT,2718.69,C453189017,10912.64,8193.95,M775484694,0.0,0.0,0,0
97,TRANSFER,14198.12,C143673762,91100.92,76902.8,C915682378,29132.5,43330.62,0,0
67,PAYMENT,2569.09,C825214018,4705.27,2136.18,M907928013,0.0,0.0,0,0
529,PAYMENT,1195.73,C436533374,7484.76,6289.03,M358819440,0.0,0.0,0,0
257,CASH_OUT,44075.53,C931095617,51862.06,7786.53,C914857455,22698.89,66774.42,0,0
515,PAYMENT,8291.7,C659582222,17134.88,8843.18,M164372325,0.0,0.0,0,0
736,CASH_IN,44012.83,C362478894,32660.49,76673.32,C523648672,82577.19,38564.36,0,0
682,PAYMENT,3823.61,C377256395,5345.41,1521.8,M648123177,0.0,0.0,0,0
285,PAYMENT,1567.37,C282231143,6212.02,4644.65,M666166072,0.0,0.0,0,0
95,PAYMENT,2151.4,C790461872,24761.55,22610.15,M704754472,0.0,0.0,0,0
723,CASH_OUT,28194.38,C636483670,32850.23,4655.85,C797570334,118300.9,146495.28,0,0
360,PAYMENT,2438.8,C980896902,2942.3,503.5,M280027671,0.0,0.0,0,0
81,CASH_OUT,23990.64,C850484186,64592.52,40601.88,C653507329,52323.75,76314.39,0,0
339,PAYMENT,838.28,C440601535,5403.42,4565.14,M998346881,0.0,0.0,0,0
549,CASH_OUT,39175.67,C228581737,42875.02,3699.35,C914314170,54761.1,93936.77,0,0
612,DEBIT,3117.49,C330950282,5216.43,2098.94,C601808786,21147.57,24265.06,0,0
167,CASH_IN,33374.84,C569974342,17242.22,50617.06,C274078835,398192.11,364817.27,0,0
232,CASH_OUT,1925.92,C625444666,20265.8,18339.88,C923032580,11426.81,13352.73,0,0
96,CASH_OUT,52194.65,C192762454,58329.78,6135.13,C323124311,9549.03,61743.68,0,0
87,CASH_IN,6116.53,C331086290,55115.24,61231.77,C922042500,88257.82,82141.29,0,0
310,CASH_OUT,25640.88,C261439632,70693.38,45052.5,C102253743,56280.55,81921.43,0,0
510,CASH_IN,7392.63,C566342701,4823.59,12216.22,C198751077,58786.51,51393.88,0,0
101,CASH_OUT,138638.3,C238909484,143220.96,4582.66,C190131476,7286.75,145925.05,0,0
307,PAYMENT,1677.23,C631052774,6678.33,5001.1,M751160252,0.0,0.0,0,0
55,TRANSFER,2312.9,C420881206,33095.83,30782.93,C312459223,56774.34,59087.24,0,0
650,PAYMENT,439.04,C988712809,440.7,1.66,M579496916,0.0,0.0,0,0
368,CASH_IN,69025.96,C586753566,169182.69,238208.65,C679902487,84473.46,15447.5,0,0
201,CASH_IN,83054.39,C144080545,41136.37,124190.76,C749246137,99339.63,16285.24,0,0
103,PAYMENT,2588.96,C539937894,2755.71,166.75,M213381961,0.0,0.0,0,0
138,PAYMENT,6067.39,C762110273,17915.16,11847.77,M322352562,0.0,0.0,0,0
554,CASH_OUT,113022.51,C890931883,155968.82,42946.31,C449632835,1622.61,114645.12,0,0
124,CASH_IN,7021.25,C428449605,90701.13,97722.38,C600482285,39426.83,32405.58,0,0
505,CASH_OUT,32910.04,C630969381,43148.49,10238.45,C177681115,171266.44,204176.48,0,0
497,PAYMENT,14560.97,C283586677,19238.81,4677.84,M783524376,0.0,0.0,0,0
435,PAYMENT,1200.01,C520603690,20245.54,19045.53,M839163234,0.0,0.0,0,0
195,CASH_OUT,34969.62,C826878202,57696.28,22726.66,C555640084,121614.18,156583.8,0,0
376,PAYMENT,1142.09,C579607204,5550.08,4407.99,M107659883,0.0,0.0,0,0
555,CASH_OUT,23574.81,C453541526,24876.81,1302.0,C382469533,29543.67,53118.48,0,0
321,PAYMENT,7184.68,C493714420,13820.73,6636.05,M490496124,0.0,0.0,0,0
260,PAYMENT,9075.52,C936610823,17832.54,8757.02,M938171299,0.0,0.0,0,0
222,CASH_OUT,41720.29,C549292943,66395.74,24675.45,C726478895,36477.4,78197.69,0,0
589,PAYMENT,4049.19,C703279331,5027.64,978.45,M310506108,0.0,0.0,0,0
722,PAYMENT,10438.74,C618411908,28954.75,18516.01,M945037400,0.0,0.0,0,0
651,PAYMENT,7545.38,C920712309,12878.63,5333.25,M286624032,0.0,0.0,0,0
723,PAYMENT,11979.71,C645942086,14129.21,2149.5,M848728590,0.0,0.0,0,0
175,PAYMENT,600.03,C681934493,1712.2,1112.17,M333687424,0.0,0.0,0,0
84,PAYMENT,3381.18,C610184099,6237.9,2856.72,M822583126,0.0,0.0,0,0
371,CASH_OUT,34439.62,C832883941,51499.45,17059.83,C789769257,18670.19,53109.81,0,0
680,PAYMENT,24669.36,C730393636,34413.62,9744.26,M330663029,0.0,0.0,0,0
170,CASH_OUT,4990.25,C631326531,20458.38,15468.13,C915046264,86462.19,91452.44,0,0
160,CASH_OUT,91555.84,C214955547,94089.24,2533.4,C973396788,4784.26,96340.1,0,0
558,CASH_OUT,26429.92,C512740057,62892.78,36462.86,C306267473,8191.32,34621.24,0,0
513,CASH_OUT,634280.07,C678946734,634280.07,0.0,C722100132,24901.12,659181.19,1,0
538,PAYMENT,8292.14,C544164248,18547.32,10255.18,M450204204,0.0,0.0,0,0
251,TRANSFER,52778.9,C998585873,55147.44,2368.54,C120874832,66028.18,118807.08,0,0
186,PAYMENT,1849.4,C241715544,7992.85,6143.45,M499202463,0.0,0.0,0,0
50,CASH_OUT,15038.53,C124031446,34214.05,19175.52,C150378364,29385.69,44424.22,0,0
272,PAYMENT,2145.69,C705103364,12321.31,10175.62,M683885195,0.0,0.0,0,0
365,CASH_IN,4292.83,C512082918,56537.11,60829.94,C457825351,98532.16,94239.33,0,0
123,PAYMENT,1619.87,C283022681,13001.03,11381.16,M571555527,0.0,0.0,0,0
664,DEBIT,2144.91,C850832836,10660.75,8515.84,C794152761,143.98,2288.89,0,0
44,CASH_IN,116124.36,C276731320,8830.26,124954.62,C578615940,200119.67,83995.31,0,0
732,CASH_OUT,1651.2,C746271277,4262.45,2611.25,C605531975,180.97,1832.17,0,0
258,CASH_OUT,1699.21,C956106275,75719.21,74020.0,C373412037,81776.09,83475.3,0,0
324,CASH_OUT,2579.78,C708890467,4311.42,1731.64,C371435930,48344.15,50923.93,0,0
512,CASH_OUT,6472.67,C254435583,11964.22,5491.55,C713335384,23101.53,29574.2,0,0
160,CASH_IN,51668.72,C538430141,46743.3,98412.02,C434694481,133989.73,82321.01,0,0
663,CASH_OUT,20124.71,C128206658,37826.07,17701.36,C552309581,43962.38,64087.09,0,0
543,PAYMENT,5827.38,C687896480,55308.9,49481.52,M172803030,0.0,0.0,0,0
647,PAYMENT,13701.65,C354439124,18656.39,4954.74,M850642560,0.0,0.0,0,0
143,PAYMENT,3719.51,C175686778,5208.5,1488.99,M671516214,0.0,0.0,0,0
55,CASH_OUT,65786.76,C315118120,88827.73,23040.97,C720669445,36659.23,102445.99,0,0
683,CASH_OUT,96999.56,C953930576,194465.93,97466.37,C176697986,47891.86,144891.42,0,0
725,PAYMENT,8155.02,C161571983,20304.05,12149.03,M817890351,0.0,0.0,0,0
548,PAYMENT,14380.58,C156158418,34085.97,19705.39,M664144298,0.0,0.0,0,0
536,PAYMENT,2341.42,C727532892,4909.33,2567.91,M161850280,0.0,0.0,0,0
494,DEBIT,4079.37,C261664435,5413.88,1334.51,C818012283,3017.57,7096.94,0,0
440,CASH_IN,30363.17,C869999630,17068.37,47431.54,C356311529,95373.96,65010.79,0,0
420,PAYMENT,2962.27,C349715824,3682.46,720.19,M731660421,0.0,0.0,0,0
522,PAYMENT,3366.85,C554121845,19009.11,15642.26,M956780650,0.0,0.0,0,0
548,DEBIT,2676.5,C940638699,8373.26,5696.76,C544835575,19910.94,22587.44,0,0
213,CASH_OUT,100958.57,C628967645,106767.2,5808.63,C516845748,4257.28,105215.85,0,0
216,CASH_OUT,21098.52,C362720335,74515.82,53417.3,C358241950,5089.77,26188.29,0,0
673,PAYMENT,3393.88,C938081489,18395.87,15001.99,M364178046,0.0,0.0,0,0
77,PAYMENT,552.36,C996487761,6474.62,5922.26,M182508638,0.0,0.0,0,0
39,PAYMENT,5776.32,C498583956,8882.07,3105.75,M443361911,0.0,0.0,0,0
234,CASH_IN,65375.62,C969493172,9715.01,75090.63,C984549538,85019.97,19644.35,0,0
410,PAYMENT,587.39,C100578815,1626.79,1039.4,M252226267,0.0,0.0,0,0
396,PAYMENT,3666.51,C804079961,5091.32,1424.81,M930519550,0.0,0.0,0,0
289,PAYMENT,4714.22,C558547404,28547.83,23833.61,M821529826,0.0,0.0,0,0
653,PAYMENT,7127.33,C333413044,13106.15,5978.82,M996942085,0.0,0.0,0,0
680,PAYMENT,949.06,C812521389,1532.71,583.65,M482249470,0.0,0.0,0,0
144,CASH_OUT,18440.06,C389919289,86733.72,68293.66,C187075690,964.26,19404.32,0,0
97,PAYMENT,23751.16,C553588379,26013.76,2262.6,M324376649,0.0,0.0,0,0
450,CASH_OUT,67624.55,C737654409,73379.4,5754.85,C396648344,13302.85,80927.4,0,0
634,PAYMENT,5889.83,C678623486,16861.46,10971.63,M712152195,0.0,0.0,0,0
613,CASH_OUT,64843.84,C565149553,73951.42,9107.58,C614361711,173478.34,238322.18,0,0
647,TRANSFER,15416.64,C141873122,16000.62,583.98,C689834166,47546.19,62962.83,0,0
146,PAYMENT,3730.11,C918408482,44626.73,40896.62,M917980982,0.0,0.0,0,0
456,CASH_IN,14964.8,C884668238,35656.53,50621.33,C870978092,134243.06,119278.26,0,0
296,PAYMENT,13726.09,C798321093,42123.7,28397.61,M124377741,0.0,0.0,0,0
366,TRANSFER,4572.12,C271826785,12453.68,7881.56,C502821367,41118.31,45690.43,0,0
168,CASH_OUT,52052.47,C439755110,52878.1,825.63,C912998800,18299.96,70352.43,0,0
612,CASH_OUT,11727.39,C918665231,37128.88,25401.49,C949914596,35414.25,47141.64,0,0
122,CASH_IN,19617.51,C649591521,107294.29,126911.8,C635391401,50822.26,31204.75,0,0
440,PAYMENT,4393.98,C257790040,22863.71,18469.73,M301059947,0.0,0.0,0,0
247,CASH_OUT,91068.94,C752233333,104236.84,13167.9,C168213173,92591.72,183660.66,0,0
641,CASH_IN,26237.62,C751587476,183062.69,209300.31,C704209981,51566.86,25329.24,0,0
422,CASH_IN,8719.21,C395675992,17289.73,26008.94,C888365643,20147.42,11428.21,0,0
681,TRANSFER,51754.52,C301253560,71774.98,20020.46,C340466331,19032.94,70787.46,0,0
189,CASH_OUT,23569.26,C278926408,27846.67,4277.41,C265268894,1247.18,24816.44,0,0
534,CASH_OUT,95580.82,C481369584,144460.25,48879.43,C362819531,75149.25,170730.07,0,0
376,CASH_OUT,9420.5,C943986831,25873.74,16453.24,C751312130,35350.74,44771.24,0,0
16,TRANSFER,35206.59,C297907076,43762.15,8555.56,C882390784,47335.89,82542.48,0,0
605,PAYMENT,23429.41,C675158658,26574.62,3145.21,M343055812,0.0,0.0,0,0
489,PAYMENT,2050.54,C717395236,2401.67,351.13,M863745933,0.0,0.0,0,0
607,CASH_OUT,85296.15,C510670907,126791.44,41495.29,C757088741,9453.4,94749.55,0,0
169,TRANSFER,2298.89,C852388864,7920.21,5621.32,C330463611,886.06,3184.95,0,0
9,CASH_IN,3320.59,C800221852,87209.93,90530.52,C141150157,50888.04,47567.45,0,0
401,CASH_OUT,29445.14,C518045332,29688.93,243.79,C718937439,5713.34,35158.48,0,0
448,CASH_OUT,121978.31,C256523213,135321.79,13343.48,C636742943,65296.35,187274.66,0,0
463,PAYMENT,2155.2,C369387168,18489.28,16334.08,M861625801,0.0,0.0,0,0
238,CASH_IN,12200.36,C361600873,25497.91,37698.27,C940036981,12337.51,137.15,0,0
166,TRANSFER,77543.97,C667389621,79523.54,1979.57,C712917295,10243.8,87787.77,0,0
544,CASH_OUT,9333.83,C360045041,16903.08,7569.25,C176979826,74361.77,83695.6,0,0
599,PAYMENT,17050.31,C543468239,37857.37,20807.06,M263313137,0.0,0.0,0,0
387,PAYMENT,4120.08,C973098516,8015.42,3895.34,M415442557,0.0,0.0,0,0
33,TRANSFER,4664.24,C816699051,7786.5,3122.26,C677021617,71502.36,76166.6,0,0
245,CASH_OUT,30611.77,C420700412,35470.1,4858.33,C714907969,80428.44,111040.21,0,0
308,PAYMENT,1071.51,C556836742,20471.8,19400.29,M198448075,0.0,0.0,0,0
358,CASH_IN,52314.8,C352526969,19937.78,72252.58,C126077355,115905.23,63590.43,0,0
244,PAYMENT,3812.98,C614993369,4021.27,208.29,M235730231,0.0,0.0,0,0
124,PAYMENT,3511.19,C300969453,4193.05,681.86,M739899165,0.0,0.0,0,0
204,PAYMENT,6208.5,C849203806,26434.49,20225.99,M687395390,0.0,0.0,0,0
485,PAYMENT,797.08,C576618764,4836.8,4039.72,M938933413,0.0,0.0,0,0
661,PAYMENT,3092.46,C543203681,7806.88,4714.42,M951987460,0.0,0.0,0,0
599,CASH_IN,180993.28,C408106014,15089.49,196082.77,C199833230,213291.42,32298.14,0,0
693,CASH_OUT,1140893.45,C462280802,1140893.45,0.0,C801940498,44700.52,1185593.97,1,1
592,PAYMENT,1718.75,C404647930,19904.76,18186.01,M386940351,0.0,0.0,0,0
59,PAYMENT,451.5,C210012865,544.11,92.61,M784560179,0.0,0.0,0,0
99,TRANSFER,22660.98,C824445740,103170.2,80509.22,C661642462,16905.6,39566.58,0,0
161,PAYMENT,3097.65,C107602078,4445.1,1347.45,M677527507,0.0,0.0,0,0
631,PAYMENT,1414.97,C735511262,5330.48,3915.51,M803049835,0.0,0.0,0,0
52,PAYMENT,1007.29,C221006079,1228.73,221.44,M162362913,0.0,0.0,0,0
554,CASH_OUT,23046.43,C254502621,48078.09,25031.66,C462625983,107160.66,130207.09,0,0
24,CASH_OUT,12933.46,C920941486,22807.13,9873.67,C153400337,37302.68,50236.14,0,0
107,PAYMENT,3713.06,C145105783,29514.6,25801.54,M840142692,0.0,0.0,0,0
117,CASH_IN,141944.6,C186267221,275749.82,417694.42,C132063345,158469.62,16525.02,0,0
615,DEBIT,293.77,C838841842,2134.53,1840.76,C650110297,3356.48,3650.25,0,0
151,CASH_OUT,41599.07,C705437444,141018.85,99419.78,C380618018,58882.29,100481.36,0,0
25,CASH_IN,48409.13,C562821194,214879.04,263288.17,C318593975,83359.89,34950.76,0,0
121,PAYMENT,113.46,C375134181,10062.42,9948.96,M627799298,0.0,0.0,0,0
500,PAYMENT,2492.89,C933352259,35138.58,32645.69,M386376751,0.0,0.0,0,0
353,CASH_IN,19773.34,C177659066,81718.99,101492.33,C625818892,257579.74,237806.4,0,0
675,TRANSFER,57841.16,C165693878,69116.36,11275.2,C769588912,2849.45,60690.61,0,0
693,CASH_OUT,94749.16,C433290760,130511.93,35762.77,C728324546,47288.72,142037.88,0,0
412,CASH_OUT,27294.56,C311650991,43045.19,15750.63,C786100482,24605.88,51900.44,0,0
123,CASH_IN,37506.8,C155213885,5411.82,42918.62,C252923291,152235.35,114728.55,0,0
668,CASH_OUT,1246394.09,C446731128,1246394.09,0.0,C968607867,44511.45,1290905.54,1,0
461,CASH_OUT,135304.94,C922784044,138545.03,3240.09,C979180066,36730.24,172035.18,0,0
450,PAYMENT,6149.14,C433385271,7449.96,1300.82,M771352697,0.0,0.0,0,0
15,PAYMENT,8354.53,C736131553,13811.99,5457.46,M446102743,0.0,0.0,0,0
594,CASH_OUT,753074.63,C252396063,753074.63,0.0,C974981014,42543.48,795618.11,1,0
666,PAYMENT,292.66,C150491156,8825.23,8532.57,M179660625,0.0,0.0,0,0
595,PAYMENT,1649.79,C653904781,14734.15,13084.36,M613473744,0.0,0.0,0,0
387,PAYMENT,1556.8,C242950871,24477.95,22921.15,M912141901,0.0,0.0,0,0
639,CASH_OUT,59321.53,C606391956,64145.84,4824.31,C930757474,46510.21,105831.74,0,0
358,PAYMENT,1032.59,C398717205,25446.82,24414.23,M399341088,0.0,0.0,0,0
700,PAYMENT,1162.18,C602341005,1630.23,468.05,M110738475,0.0,0.0,0,0
475,CASH_OUT,78614.34,C897163375,89373.83,10759.49,C193050180,3923.56,82537.9,0,0
737,CASH_OUT,123830.08,C942080744,139186.91,15356.83,C517904023,178648.48,302478.56,0,0
718,DEBIT,2196.58,C781822616,6227.17,4030.59,C283475280,9790.32,11986.9,0,0
501,DEBIT,7044.62,C362215352,9190.88,2146.26,C304898152,2892.68,9937.3,0,0
611,CASH_OUT,816.67,C766124812,24255.39,23438.72,C790377534,4139.44,4956.11,0,0
6,CASH_OUT,141609.14,C393730084,142407.05,797.91,C986018738,13756.92,155366.06,0,0
82,CASH_OUT,147959.49,C819300325,181213.61,33254.12,C533191459,43071.9,191031.39,0,0
346,CASH_IN,13256.72,C690873671,41036.15,54292.87,C676236994,45268.54,32011.82,0,0
375,PAYMENT,140.34,C955798346,12929.8,12789.46,M760898051,0.0,0.0,0,0
103,CASH_OUT,1181168.14,C814544986,1181168.14,0.0,C774145525,42453.3,1223621.44,1,0
608,PAYMENT,3645.78,C744004729,5659.72,2013.94,M335133596,0.0,0.0,0,0
418,CASH_IN,122729.53,C739044416,76211.42,198940.95,C625523859,132584.6,9855.07,0,0
249,CASH_IN,27565.55,C801000217,54799.75,82365.3,C903361468,31690.66,4125.11,0,0
424,TRANSFER,43191.22,C463233780,45023.51,1832.29,C760276215,94821.3,138012.52,0,0
33,CASH_OUT,23789.9,C924566147,33758.03,9968.13,C975032349,82891.03,106680.93,0,0
206,PAYMENT,3984.2,C965320269,10275.62,6291.42,M776281649,0.0,0.0,0,0
119,PAYMENT,2273.33,C827433786,23493.34,21220.01,M501753378,0.0,0.0,0,0
432,CASH_OUT,122889.7,C913853013,127365.43,4475.73,C190850107,68855.04,191744.74,0,0
617,PAYMENT,4317.97,C782883644,10234.72,5916.75,M974273348,0.0,0.0,0,0
416,DEBIT,987.95,C168246093,13583.05,12595.1,C216346099,20195.41,21183.36,0,0
47,CASH_OUT,32716.81,C832842073,49685.28,16968.47,C791241787,8400.65,41117.46,0,0
412,CASH_OUT,83309.67,C545125237,126738.14,43428.47,C310104948,58198.76,141508.43,0,0
464,CASH_OUT,57177.59,C174852996,137413.41,80235.82,C353518222,63809.34,120986.93,0,0
279,CASH_OUT,45644.74,C280581034,84240.37,38595.63,C115189686,19223.13,64867.87,0,0
604,CASH_IN,65543.56,C497664035,65666.3,131209.86,C859302025,102874.65,37331.09,0,0
54,CASH_IN,403.92,C119710392,37895.03,38298.95,C431102708,183579.58,183175.66,0,0
267,TRANSFER,45327.74,C386029132,65179.46,19851.72,C430892286,114871.13,160198.87,0,0
739,PAYMENT,2796.12,C246099941,11416.41,8620.29,M746459112,0.0,0.0,0,0
276,PAYMENT,821.82,C882394105,15967.7,15145.88,M613364110,0.0,0.0,0,0
685,CASH_IN,97642.61,C399433949,17471.13,115113.74,C661008655,111309.49,13666.88,0,0
493,CASH_OUT,11248.7,C219787260,42780.19,31531.49,C295310348,22429.85,33678.55,0,0
396,PAYMENT,6936.83,C400410250,18034.85,11098.02,M842719090,0.0,0.0,0,0
417,CASH_OUT,26597.53,C380341351,35486.61,8889.08,C759228343,12503.63,39101.16,0,0
401,TRANSFER,27709.49,C932878458,73338.31,45628.82,C858387004,10057.57,37767.06,0,0
563,CASH_OUT,91066.1,C246779247,121286.2,30220.1,C444423248,5107.72,96173.82,0,0
523,CASH_OUT,19463.49,C475294510,73066.8,53603.31,C565659708,27761.78,47225.27,0,0
474,TRANSFER,39009.3,C521454508,140863.76,101854.46,C767230088,13936.5,52945.8,0,0
688,TRANSFER,79587.81,C747398395,81122.47,1534.66,C141772303,69231.14,148818.95,0,0
43,DEBIT,2149.08,C303181188,7290.25,5141.17,C739639982,1345.0,3494.08,0,0
624,CASH_OUT,65323.7,C122687396,85080.35,19756.65,C379797023,2334.22,67657.92,0,0
425,CASH_OUT,61701.77,C235308585,62527.5,825.73,C717701196,2109.08,63810.85,0,0
378,CASH_OUT,56970.98,C591692167,65624.2,8653.22,C401307669,15068.07,72039.05,0,0
207,CASH_OUT,5541.22,C114723005,13325.84,7784.62,C186567814,30904.81,36446.03,0,0
205,CASH_IN,39585.12,C834295069,1664.69,41249.81,C248923323,94027.03,54441.91,0,0
280,CASH_IN,13329.23,C280540597,19538.73,32867.96,C908464549,39317.42,25988.19,0,0
465,CASH_IN,41027.57,C691889376,22048.22,63075.79,C157537921,57285.86,16258.29,0,0
690,CASH_IN,54827.7,C970585717,14615.92,69443.62,C755095542,179930.83,125103.13,0,0
645,TRANSFER,44468.99,C475200617,50246.51,5777.52,C968368011,19261.27,63730.26,0,0
343,PAYMENT,13830.64,C527598832,22098.12,8267.48,M809522649,0.0,0.0,0,0
107,CASH_OUT,8528.01,C813252641,15568.81,7040.8,C271544471,17999.74,26527.75,0,0
547,CASH_OUT,37572.88,C665884408,60754.74,23181.86,C942546527,14951.6,52524.48,0,0
463,PAYMENT,9041.62,C604791416,14600.6,5558.98,M944597793,0.0,0.0,0,0
666,PAYMENT,869.53,C251589439,8537.85,7668.32,M946715656,0.0,0.0,0,0
330,TRANSFER,1636.82,C945326525,12088.09,10451.27,C382967637,14009.41,15646.23,0,0
403,CASH_OUT,16523.59,C805869752,24332.02,7808.43,C889106975,13560.15,30083.74,0,0
510,PAYMENT,5961.58,C671042923,15050.13,9088.55,M136327211,0.0,0.0,0,0
614,CASH_OUT,15887.31,C545603621,16001.4,114.09,C211119868,5912.63,21799.94,0,0
624,CASH_OUT,41277.12,C554934685,53946.93,12669.81,C868120509,20308.04,61585.16,0,0
302,TRANSFER,33478.93,C198379962,34580.71,1101.78,C626327233,2673.11,36152.04,0,0
40,PAYMENT,4685.82,C512153441,9473.35,4787.53,M165690115,0.0,0.0,0,0
292,PAYMENT,6639.71,C968932761,13591.61,6951.9,M653831323,0.0,0.0,0,0
207,CASH_OUT,38481.23,C593786200,45304.29,6823.06,C478781890,17312.36,55793.59,0,0
258,TRANSFER,457330.91,C738906868,457330.91,0.0,C476550029,0.0,0.0,1,0
594,CASH_OUT,59992.8,C790438030,99408.73,39415.93,C831552313,127569.42,187562.22,0,0
339,PAYMENT,7145.24,C613360619,12030.28,4885.04,M484789285,0.0,0.0,0,0
740,PAYMENT,1941.44,C515282011,7008.76,5067.32,M445188545,0.0,0.0,0,0
736,PAYMENT,31881.46,C547607513,33898.53,2017.07,M281988850,0.0,0.0,0,0
423,CASH_IN,39106.84,C183298817,25215.82,64322.66,C788257242,91510.16,52403.32,0,0
271,PAYMENT,582.19,C327834056,8498.81,7916.62,M259379851,0.0,0.0,0,0
471,CASH_IN,34701.88,C633592594,54701.07,89402.95,C546271427,69374.18,34672.3,0,0
698,TRANSFER,2556.58,C321523694,39266.16,36709.58,C883687862,14494.1,17050.68,0,0
387,PAYMENT,5182.95,C297449071,18511.3,13328.35,M438784077,0.0,0.0,0,0
66,CASH_OUT,66586.05,C931250914,72989.13,6403.08,C424141364,1093.61,67679.66,0,0
618,DEBIT,2295.57,C828128493,3139.03,843.46,C482645065,13326.08,15621.65,0,0
332,PAYMENT,541.89,C726650567,36196.74,35654.85,M585365172,0.0,0.0,0,0
550,CASH_IN,17152.22,C168638408,64186.99,81339.21,C686479844,64576.4,47424.18,0,0
589,CASH_OUT,79402.89,C578971001,103131.39,23728.5,C213313371,82398.67,161801.56,0,0
148,PAYMENT,5244.92,C256351874,7514.54,2269.62,M189666236,0.0,0.0,0,0
177,PAYMENT,9252.23,C560975666,24949.5,15697.27,M518986685,0.0,0.0,0,0
277,CASH_OUT,41421.71,C694973980,70554.81,29133.1,C170213963,5426.24,46847.95,0,0
572,CASH_IN,26425.72,C254311571,98208.21,124633.93,C960387349,67105.6,40679.88,0,0
442,PAYMENT,9828.86,C476683523,11148.5,1319.64,M582006386,0.0,0.0,0,0
522,CASH_OUT,10382.7,C912711474,14805.63,4422.93,C699843676,25581.25,35963.95,0,0
560,PAYMENT,8712.17,C982133726,22260.15,13547.98,M517782475,0.0,0.0,0,0
284,PAYMENT,820.79,C410626037,8771.9,7951.11,M191282669,0.0,0.0,0,0
476,CASH_IN,61981.88,C268957619,58577.18,120559.06,C840989458,186834.76,124852.88,0,0
595,DEBIT,518.88,C365525603,1382.99,864.11,C207084429,13459.83,13978.71,0,0
133,PAYMENT,6467.22,C859831539,25166.77,18699.55,M842177616,0.0,0.0,0,0
716,CASH_OUT,23609.95,C756241544,42936.83,19326.88,C297657810,17872.18,41482.13,0,0
508,CASH_OUT,14823.41,C330749254,38480.97,23657.56,C896438688,20778.41,35601.82,0,0
511,CASH_OUT,8959.12,C371625463,26186.85,17227.73,C189896476,9678.0,18637.12,0,0
464,CASH_OUT,60111.73,C723154423,60566.71,454.98,C678456394,77640.94,137752.67,0,0
52,CASH_OUT,8829.98,C227882284,16573.3,7743.32,C408108201,10193.11,19023.09,0,0
246,PAYMENT,631.77,C100989233,4097.65,3465.88,M581414377,0.0,0.0,0,0
269,PAYMENT,8074.28,C227207719,11616.67,3542.39,M693632276,0.0,0.0,0,0
192,TRANSFER,12172.18,C109449136,43308.17,31135.99,C294506386,3753.28,15925.46,0,0
158,TRANSFER,14296.84,C498061965,17334.44,3037.6,C518191415,9040.69,23337.53,0,0
329,DEBIT,2076.08,C342050111,25367.86,23291.78,C706221605,2131.48,4207.56,0,0
356,PAYMENT,170.69,C453279606,5845.61,5674.92,M982908728,0.0,0.0,0,0
49,CASH_IN,32100.8,C791038994,11575.99,43676.79,C469884086,57061.87,24961.07,0,0
119,CASH_OUT,25947.66,C358371550,45181.56,19233.9,C857664809,10669.98,36617.64,0,0
2,CASH_OUT,25409.1,C642027252,96509.13,71100.03,C629152170,15677.71,41086.81,0,0
170,PAYMENT,28472.13,C301475109,32764.91,4292.78,M980688054,0.0,0.0,0,0
339,PAYMENT,735.74,C540083557,25685.81,24950.07,M299022649,0.0,0.0,0,0
416,DEBIT,1677.68,C893239184,7662.7,5985.02,C687269733,6726.75,8404.43,0,0
17,CASH_IN,75161.3,C619546848,14158.4,89319.7,C525992664,155850.38,80689.08,0,0
179,PAYMENT,343.32,C463782407,2591.01,2247.69,M360519222,0.0,0.0,0,0
260,PAYMENT,3249.74,C997484506,15248.01,11998.27,M821463645,0.0,0.0,0,0
124,PAYMENT,5067.74,C901260143,12001.06,6933.32,M595291476,0.0,0.0,0,0
524,CASH_OUT,21218.02,C839900483,21572.95,354.93,C545800362,11580.63,32798.65,0,0
158,PAYMENT,1350.99,C917807464,4460.59,3109.6,M702553209,0.0,0.0,0,0
597,PAYMENT,13641.35,C899010221,51292.16,37650.81,M305581159,0.0,0.0,0,0
408,PAYMENT,722.19,C781669925,5431.12,4708.93,M751681586,0.0,0.0,0,0
110,PAYMENT,10152.42,C569966438,16540.48,6388.06,M260107108,0.0,0.0,0,0
710,CASH_OUT,9218.83,C940315580,49320.39,40101.56,C133213335,13780.19,22999.02,0,0
639,TRANSFER,31076.72,C206214708,31618.12,541.4,C500542400,100773.96,131850.68,0,0
632,PAYMENT,12748.96,C923303300,21083.39,8334.43,M848226939,0.0,0.0,0,0
292,PAYMENT,4063.89,C697404169,40954.62,36890.73,M554135098,0.0,0.0,0,0
600,TRANSFER,1492869.77,C774589870,1492869.77,0.0,C226329074,0.0,1492869.77,1,0
119,DEBIT,1387.55,C834236551,4061.63,2674.08,C573743366,5069.86,6457.41,0,0
563,TRANSFER,1495919.22,C894159010,1495919.22,0.0,C958422261,0.0,1495919.22,1,0
108,CASH_OUT,29287.45,C282745442,55076.25,25788.8,C682552020,33633.38,62920.83,0,0
477,CASH_IN,66722.25,C644305700,215820.76,282543.01,C410142124,123957.87,57235.62,0,0
558,TRANSFER,27622.0,C631241327,70853.25,43231.25,C789059620,2371.78,29993.78,0,0
147,TRANSFER,34372.69,C299943029,70979.86,36607.17,C482624041,29777.42,64150.11,0,0
467,CASH_IN,30058.93,C474878647,52127.89,82186.82,C550313271,53970.14,23911.21,0,0
310,PAYMENT,5165.12,C842095313,13792.96,8627.84,M686569130,0.0,0.0,0,0
720,CASH_OUT,421.3,C532196829,8992.93,8571.63,C512142366,37402.21,37823.51,0,0
285,CASH_OUT,85140.98,C320374358,96734.07,11593.09,C244382220,93535.45,178676.43,0,0
553,DEBIT,3632.49,C716314826,4649.87,1017.38,C213156838,9797.2,13429.69,0,0
448,CASH_OUT,20715.64,C129313209,32788.13,12072.49,C910509940,33421.26,54136.9,0,0
432,CASH_OUT,14901.86,C509147474,77725.45,62823.59,C155128494,14863.62,29765.48,0,0
370,CASH_OUT,81183.86,C545659132,102842.7,21658.84,C318775732,15714.29,96898.15,0,0
376,CASH_OUT,209191.29,C732380576,299185.11,89993.82,C129225573,36895.11,246086.4,0,0
168,PAYMENT,606.72,C252235238,13488.54,12881.82,M142423445,0.0,0.0,0,0
126,CASH_OUT,167615.32,C150366877,174959.77,7344.45,C110772070,51422.23,219037.55,0,0
538,CASH_OUT,21162.36,C984532138,44828.86,23666.5,C719057955,57011.69,78174.05,0,0
725,CASH_IN,107377.69,C172646843,24772.11,132149.8,C559495657,263924.21,156546.52,0,0
186,TRANSFER,7119.97,C211728761,54647.54,47527.57,C640082616,40604.68,47724.65,0,0
80,PAYMENT,6160.24,C855230049,8399.8,2239.56,M418033576,0.0,0.0,0,0
231,PAYMENT,1355.04,C374941068,13149.24,11794.2,M609129468,0.0,0.0,0,0
735,PAYMENT,272.91,C167828330,1521.09,1248.18,M345143188,0.0,0.0,0,0
440,PAYMENT,229.11,C640461543,9128.14,8899.03,M271156869,0.0,0.0,0,0
94,CASH_IN,4384.68,C759007039,37036.34,41421.02,C965477652,71822.52,67437.84,0,0
257,CASH_OUT,2305.51,C953787781,32700.26,30394.75,C891698716,9058.35,11363.86,0,0
74,CASH_IN,9332.96,C818555061,11458.84,20791.8,C200620082,49893.28,40560.32,0,0
344,TRANSFER,21780.71,C920439538,22824.78,1044.07,C281426322,12535.28,34315.99,0,0
508,PAYMENT,2548.31,C353710549,11347.93,8799.62,M979453339,0.0,0.0,0,0
275,CASH_OUT,55162.65,C107643182,135032.02,79869.37,C525846900,9932.0,65094.65,0,0
127,PAYMENT,960.36,C223769056,6753.3,5792.94,M453168146,0.0,0.0,0,0
73,CASH_OUT,62505.46,C426012268,89480.93,26975.47,C628692077,45524.24,108029.7,0,0
633,PAYMENT,1992.45,C705556877,6247.3,4254.85,M481291499,0.0,0.0,0,0
731,PAYMENT,12543.88,C514604161,23590.0,11046.12,M223868050,0.0,0.0,0,0
113,CASH_OUT,158202.44,C904140861,167922.3,9719.86,C349573834,4369.35,162571.79,0,0
374,PAYMENT,7064.12,C366543307,37246.5,30182.38,M336513005,0.0,0.0,0,0
137,CASH_OUT,94716.27,C667414163,150149.02,55432.75,C675214195,12971.87,107688.14,0,0
102,PAYMENT,8720.7,C542471174,9710.34,989.64,M932064899,0.0,0.0,0,0
540,CASH_OUT,9850.62,C811177809,27135.59,17284.97,C451213020,7202.56,17053.18,0,0
521,PAYMENT,862.12,C657079691,5223.43,4361.31,M284670307,0.0,0.0,0,0
144,CASH_OUT,34332.17,C433602531,38765.84,4433.67,C866241995,34158.38,68490.55,0,0
175,CASH_OUT,21981.71,C623232699,22177.33,195.62,C399798728,36119.8,58101.51,0,0
563,PAYMENT,3918.98,C614281376,13197.58,9278.6,M718340371,0.0,0.0,0,0
454,CASH_OUT,11886.9,C675007936,15123.32,3236.42,C297932264,6298.2,18185.1,0,0
74,CASH_OUT,7022.79,C826122519,26092.71,19069.92,C150593594,10470.84,17493.63,0,0
14,PAYMENT,5244.12,C436755273,20231.79,14987.67,M777125683,0.0,0.0,0,0
704,PAYMENT,22593.04,C833882923,35523.46,12930.42,M796534172,0.0,0.0,0,0
456,PAYMENT,2103.84,C424144062,13383.74,11279.9,M286778604,0.0,0.0,0,0
735,DEBIT,7896.7,C633381018,10276.86,2380.16,C907962055,4717.24,12613.94,0,0
140,CASH_OUT,66908.29,C131758789,142194.5,75286.21,C638838399,1509.99,68418.28,0,0
437,PAYMENT,329.29,C267218991,13979.76,13650.47,M254575140,0.0,0.0,0,0
154,PAYMENT,7934.68,C137594621,10635.71,2701.03,M671090848,0.0,0.0,0,0
505,CASH_IN,54784.2,C304646234,11665.85,66450.05,C774837394,55613.74,829.54,0,0
307,CASH_OUT,72954.58,C335515538,75299.16,2344.58,C162214480,23451.24,96405.82,0,0
173,CASH_OUT,41592.8,C416813465,56283.01,14690.21,C959848413,25703.87,67296.67,0,0
48,CASH_OUT,13426.2,C910289824,38811.36,25385.16,C424832206,95895.67,109321.87,0,0
267,CASH_OUT,33685.92,C179781597,45580.62,11894.7,C142267016,2477.78,36163.7,0,0
347,CASH_IN,59653.38,C104712789,39798.09,99451.47,C496364556,105363.99,45710.61,0,0
682,CASH_OUT,968.36,C467628416,33376.12,32407.76,C689346238,117420.14,118388.5,0,0
714,PAYMENT,2209.8,C293129684,12189.53,9979.73,M243100120,0.0,0.0,0,0
616,PAYMENT,98.54,C672332331,10055.05,9956.51,M976712682,0.0,0.0,0,0
427,CASH_OUT,7131.47,C218980834,13460.81,6329.34,C884824048,24266.96,31398.43,0,0
26,CASH_IN,703.52,C708241492,1055.48,1759.0,C653060004,20217.32,19513.8,0,0
466,CASH_OUT,13264.6,C445668948,14638.33,1373.73,C388735290,19138.52,32403.12,0,0
235,PAYMENT,526.8,C507709373,3544.39,3017.59,M904676901,0.0,0.0,0,0
554,TRANSFER,15248.74,C884934583,28485.01,13236.27,C340420915,15614.05,30862.79,0,0
453,CASH_IN,58896.43,C349798997,63366.26,122262.69,C133030536,140118.86,81222.43,0,0
488,CASH_OUT,116119.55,C608024963,117914.03,1794.48,C102174353,16570.42,132689.97,0,0
514,PAYMENT,2224.88,C959675715,6599.19,4374.31,M846668535,0.0,0.0,0,0
542,PAYMENT,586.17,C154380502,1321.89,735.72,M874789759,0.0,0.0,0,0
18,CASH_OUT,687574.33,C645066093,687574.33,0.0,C509483756,40272.42,727846.75,1,0
10,CASH_OUT,50666.56,C533494606,53707.37,3040.81,C500504356,41954.41,92620.97,0,0
5,CASH_IN,82324.92,C154486683,98958.16,181283.08,C393568359,245245.74,162920.82,0,0
443,CASH_IN,31657.13,C767346072,12769.91,44427.04,C130407517,41559.39,9902.26,0,0
664,CASH_OUT,23706.42,C651666713,33741.18,10034.76,C698940327,24640.7,48347.12,0,0
559,PAYMENT,10872.36,C337521799,14141.04,3268.68,M617283463,0.0,0.0,0,0
299,CASH_OUT,42967.6,C245965074,51253.48,8285.88,C653362930,23781.94,66749.54,0,0
658,PAYMENT,1065.3,C210058128,2721.55,1656.25,M935642856,0.0,0.0,0,0
335,PAYMENT,17325.98,C411446995,23945.04,6619.06,M457777320,0.0,0.0,0,0
494,CASH_OUT,59833.21,C244279390,107445.52,47612.31,C770171446,86800.67,146633.88,0,0
627,CASH_OUT,3829.38,C162070036,33302.16,29472.78,C519371073,40773.01,44602.39,0,0
508,PAYMENT,613.13,C816384389,3667.64,3054.51,M682574138,0.0,0.0,0,0
390,CASH_OUT,7189.09,C294890577,12896.7,5707.61,C841757958,94916.45,102105.54,0,0
385,CASH_OUT,583.2,C499904199,40143.61,39560.41,C425830914,24005.79,24588.99,0,0
654,CASH_OUT,1893.02,C577891211,39742.43,37849.41,C952508539,721.95,2614.97,0,0
284,CASH_OUT,9174.18,C829377617,12974.15,3799.97,C740208912,8557.33,17731.51,0,0
71,PAYMENT,28044.42,C222632096,36859.55,8815.13,M666755965,0.0,0.0,0,0
456,TRANSFER,40603.35,C336633386,105594.49,64991.14,C895528135,34039.8,74643.15,0,0
547,PAYMENT,5285.53,C307304954,6946.0,1660.47,M942027873,0.0,0.0,0,0
605,CASH_OUT,45422.28,C134687867,51836.92,6414.64,C937378869,11667.59,57089.87,0,0
98,PAYMENT,12527.92,C682430981,20708.63,8180.71,M266268946,0.0,0.0,0,0
107,PAYMENT,2016.97,C710372364,19554.6,17537.63,M682333159,0.0,0.0,0,0
665,CASH_OUT,423275.03,C355234952,423275.03,0.0,C739972945,43623.82,466898.85,1,0
156,PAYMENT,5423.94,C960072322,11749.19,6325.25,M972151239,0.0,0.0,0,0
52,PAYMENT,8926.28,C710377749,9369.96,443.68,M192783244,0.0,0.0,0,0
149,TRANSFER,53476.3,C325278550,64061.81,10585.51,C564545183,1810.43,55286.73,0,0
328,CASH_IN,20159.33,C811517862,19014.28,39173.61,C967444345,26284.89,6125.56,0,0
438,CASH_OUT,15345.32,C706882363,31648.82,16303.5,C535713497,2653.76,17999.08,0,0
475,CASH_OUT,56990.98,C309565496,68265.45,11274.47,C810988000,144577.75,201568.73,0,0
249,CASH_OUT,121472.87,C463791045,168868.81,47395.94,C488897616,6570.7,128043.57,0,0
72,PAYMENT,1882.36,C775932202,10346.57,8464.21,M178156578,0.0,0.0,0,0
277,PAYMENT,4406.61,C867536938,15348.95,10942.34,M234295060,0.0,0.0,0,0
308,PAYMENT,1767.1,C203932476,13210.13,11443.03,M540891152,0.0,0.0,0,0
158,PAYMENT,5058.38,C871019850,12979.82,7921.44,M669116019,0.0,0.0,0,0
586,CASH_OUT,102141.95,C184494202,168800.85,66658.9,C908428086,15298.87,117440.82,0,0
215,PAYMENT,23156.23,C312457910,33172.77,10016.54,M415478443,0.0,0.0,0,0
291,CASH_OUT,148561.72,C213953830,162384.47,13822.75,C435528983,21072.86,169634.58,0,0
118,PAYMENT,383.82,C595871829,4683.7,4299.88,M891993837,0.0,0.0,0,0
703,PAYMENT,385.71,C519085170,16427.09,16041.38,M119268048,0.0,0.0,0,0
459,CASH_OUT,83143.39,C844309518,116046.1,32902.71,C172443990,18472.62,101616.01,0,0
45,CASH_OUT,2312.54,C236804124,4844.28,2531.74,C146515005,28953.94,31266.48,0,0
228,CASH_OUT,94224.36,C114590650,110286.86,16062.5,C544866484,37431.7,131656.06,0,0
372,PAYMENT,4200.84,C607817307,34641.78,30440.94,M710589668,0.0,0.0,0,0
523,CASH_OUT,49443.74,C967737615,59026.29,9582.55,C192054064,62775.57,112219.31,0,0
129,CASH_OUT,62430.69,C821503042,62616.89,186.2,C906765167,12940.3,75370.99,0,0
476,TRANSFER,74828.22,C221670096,88377.9,13549.68,C266384109,5763.26,80591.48,0,0
513,DEBIT,25.31,C941864036,2918.11,2892.8,C255200700,8839.76,8865.07,0,0
210,PAYMENT,420.03,C624173095,11816.29,11396.26,M583907672,0.0,0.0,0,0
556,PAYMENT,6467.37,C746208211,25990.47,19523.1,M261016460,0.0,0.0,0,0
590,PAYMENT,1683.31,C989045193,4792.78,3109.47,M793093356,0.0,0.0,0,0
592,TRANSFER,1703.04,C234804294,12761.18,11058.14,C435130581,25550.04,27253.08,0,0
383,CASH_OUT,2328.99,C805236019,33019.45,30690.46,C465544077,45416.85,47745.84,0,0
522,PAYMENT,1333.61,C989203805,22599.26,21265.65,M404547229,0.0,0.0,0,0
103,PAYMENT,3550.69,C744944553,35245.81,31695.12,M394661074,0.0,0.0,0,0
75,CASH_OUT,7205.91,C693221183,26425.27,19219.36,C888798033,68126.7,75332.61,0,0
204,TRANSFER,31521.84,C910393810,47698.1,16176.26,C112322164,59056.99,90578.83,0,0
157,TRANSFER,50087.84,C359512744,83967.54,33879.7,C824387267,500.23,50588.07,0,0
30,PAYMENT,3429.53,C871990975,6338.46,2908.93,M870799840,0.0,0.0,0,0
209,CASH_OUT,18223.45,C716469793,29866.6,11643.15,C141994737,19990.62,38214.07,0,0
553,CASH_IN,35817.68,C677587499,17373.58,53191.26,C669591164,45522.84,9705.16,0,0
506,PAYMENT,9037.08,C592450179,19240.83,10203.75,M880388966,0.0,0.0,0,0
740,PAYMENT,2067.87,C414104156,7281.21,5213.34,M393605740,0.0,0.0,0,0
23,PAYMENT,4651.06,C701597479,28517.92,23866.86,M105500813,0.0,0.0,0,0
713,PAYMENT,457.71,C584595706,18938.88,18481.17,M469274418,0.0,0.0,0,0
605,CASH_OUT,44013.18,C627989476,44258.43,245.25,C178730123,16143.19,60156.37,0,0
442,PAYMENT,4910.67,C210088229,19079.32,14168.65,M494430296,0.0,0.0,0,0
427,CASH_OUT,268977.61,C655213095,296437.97,27460.36,C810031929,11849.93,280827.54,0,0
65,PAYMENT,6305.46,C169126265,11407.09,5101.63,M578094890,0.0,0.0,0,0
375,CASH_IN,7490.02,C170862229,16023.66,23513.68,C874716649,211832.04,204342.02,0,0
225,PAYMENT,3521.73,C389907245,4980.59,1458.86,M196901558,0.0,0.0,0,0
292,CASH_OUT,75130.44,C507271489,101796.11,26665.67,C672383179,137415.65,212546.09,0,0
19,PAYMENT,11541.85,C411880733,16786.04,5244.19,M965642544,0.0,0.0,0,0
199,CASH_OUT,23789.8,C250187613,57605.12,33815.32,C179457361,7899.51,31689.31,0,0
661,CASH_OUT,5882.05,C411917495,28040.04,22157.99,C974343514,60449.97,66332.02,0,0
282,PAYMENT,186.51,C438242192,27962.07,27775.56,M387761335,0.0,0.0,0,0
146,CASH_IN,167530.97,C178357257,28507.7,196038.67,C957186353,169509.18,1978.21,0,0
228,PAYMENT,914.99,C673078955,6105.48,5190.49,M512643173,0.0,0.0,0,0
393,PAYMENT,2600.34,C245261315,17959.2,15358.86,M640667480,0.0,0.0,0,0
41,CASH_IN,79220.28,C712795847,35062.8,114283.08,C109367922,148237.24,69016.96,0,0
173,PAYMENT,22385.2,C298652764,23073.8,688.6,M558811888,0.0,0.0,0,0
155,PAYMENT,175.35,C710504331,4624.12,4448.77,M271411094,0.0,0.0,0,0
740,PAYMENT,854.24,C761391089,22223.59,21369.35,M386691112,0.0,0.0,0,0
626,PAYMENT,3690.39,C296780454,23474.18,19783.79,M301200158,0.0,0.0,0,0
390,PAYMENT,8536.64,C969697655,40234.05,31697.41,M227735623,0.0,0.0,0,0
93,CASH_OUT,37525.54,C434791589,41021.76,3496.22,C593003326,50274.83,87800.37,0,0
436,DEBIT,3259.49,C538299439,21585.62,18326.13,C652465623,22984.43,26243.92,0,0
273,CASH_OUT,27449.05,C618757634,29276.96,1827.91,C499582985,4921.56,32370.61,0,0
436,PAYMENT,1364.94,C520316873,1490.08,125.14,M368140589,0.0,0.0,0,0
377,CASH_OUT,20625.21,C323300987,26258.32,5633.11,C138300069,2947.9,23573.11,0,0
472,CASH_OUT,31996.98,C239725347,32518.79,521.81,C909456657,58980.62,90977.6,0,0
362,PAYMENT,15056.25,C251744913,20898.23,5841.98,M937744178,0.0,0.0,0,0
122,PAYMENT,5090.98,C528174746,6976.89,1885.91,M556524789,0.0,0.0,0,0
631,CASH_IN,35653.13,C506082215,57636.85,93289.98,C530404448,63368.41,27715.28,0,0
537,CASH_IN,62874.9,C647140660,37546.38,100421.28,C780601846,93736.55,30861.65,0,0
116,CASH_OUT,39418.92,C786667996,49806.32,10387.4,C280875726,41659.23,81078.15,0,0
277,CASH_OUT,6398.78,C309096122,16920.14,10521.36,C948350066,1157.32,7556.1,0,0
599,TRANSFER,40622.97,C284468597,62756.48,22133.51,C482839111,17078.89,57701.86,0,0
381,CASH_IN,84393.42,C514459560,1102.42,85495.84,C984506933,104791.17,20397.75,0,0
117,CASH_OUT,2168.24,C412209769,4314.73,2146.49,C650543563,3656.54,5824.78,0,0
573,CASH_OUT,37343.5,C398725048,65050.2,27706.7,C115068917,7430.74,44774.24,0,0
610,CASH_IN,39128.75,C377184133,10596.71,49725.46,C138663596,70259.75,31131.0,0,0
710,TRANSFER,40084.95,C877735686,68781.91,28696.96,C952191117,24006.32,64091.27,0,0
361,CASH_OUT,10403.34,C517802559,18950.35,8547.01,C964213213,45552.89,55956.23,0,0
637,PAYMENT,8092.21,C290398694,13768.88,5676.67,M445610550,0.0,0.0,0,0
169,CASH_IN,10760.28,C389250256,56469.02,67229.3,C158374082,44558.36,33798.08,0,0
425,CASH_OUT,4680.23,C364820901,19328.25,14648.02,C117815462,14019.15,18699.38,0,0
148,CASH_OUT,73847.78,C458424117,74827.73,979.95,C620205110,50621.79,124469.57,0,0
462,TRANSFER,38600.99,C149455037,41380.22,2779.23,C860978655,55970.5,94571.49,0,0
17,PAYMENT,3451.13,C628674862,24237.33,20786.2,M394754333,0.0,0.0,0,0
147,CASH_OUT,5968.17,C656536121,18261.28,12293.11,C704045859,43021.69,48989.86,0,0
625,CASH_OUT,8642.37,C293360092,83079.11,74436.74,C848840274,20343.86,28986.23,0,0
95,CASH_OUT,20052.4,C989648883,29962.94,9910.54,C275608766,54007.66,74060.06,0,0
556,PAYMENT,445.08,C536743867,27057.14,26612.06,M210518624,0.0,0.0,0,0
566,PAYMENT,3462.19,C333877805,7001.02,3538.83,M614768799,0.0,0.0,0,0
371,PAYMENT,2974.16,C103706825,13022.41,10048.25,M441116769,0.0,0.0,0,0
641,PAYMENT,923.22,C194655325,2957.41,2034.19,M806734973,0.0,0.0,0,0
387,PAYMENT,4679.73,C338113562,20930.42,16250.69,M561478746,0.0,0.0,0,0
169,PAYMENT,15446.89,C532958286,17816.39,2369.5,M732453289,0.0,0.0,0,0
469,CASH_IN,25332.84,C382983128,54321.83,79654.67,C715511910,112468.17,87135.33,0,0
577,TRANSFER,15428.23,C592273558,18394.34,2966.11,C435141106,10817.43,26245.66,0,0
107,PAYMENT,1631.05,C438366417,4493.19,2862.14,M431915361,0.0,0.0,0,0
618,TRANSFER,57874.78,C738006216,73174.99,15300.21,C940412672,54162.9,112037.68,0,0
442,CASH_OUT,28280.37,C776733599,32671.31,4390.94,C110670714,383.88,28664.25,0,0
211,TRANSFER,18937.67,C385487993,38858.78,19921.11,C282914757,21229.25,40166.92,0,0
642,PAYMENT,970.36,C469753101,19027.24,18056.88,M365823146,0.0,0.0,0,0
458,TRANSFER,59714.12,C730153806,103562.39,43848.27,C910000753,20640.78,80354.9,0,0
52,DEBIT,7219.06,C830644901,9353.57,2134.51,C412066658,1539.23,8758.29,0,0
591,PAYMENT,1894.58,C685491699,6348.5,4453.92,M781095997,0.0,0.0,0,0
736,CASH_IN,84616.92,C944522928,77905.67,162522.59,C818848406,135302.51,50685.59,0,0
96,PAYMENT,8861.27,C155850961,14027.84,5166.57,M205095660,0.0,0.0,0,0
286,PAYMENT,894.95,C272496485,12493.92,11598.97,M410696274,0.0,0.0,0,0
585,PAYMENT,2611.91,C513093942,3879.6,1267.69,M252160741,0.0,0.0,0,0
487,CASH_IN,45045.07,C893723725,7438.32,52483.39,C432869584,202143.29,157098.22,0,0
70,PAYMENT,5205.82,C352854061,10046.1,4840.28,M456330104,0.0,0.0,0,0
389,CASH_OUT,179417.99,C795914630,193165.2,13747.21,C693396243,10679.59,190097.58,0,0
332,PAYMENT,13030.84,C541353150,13936.06,905.22,M508251811,0.0,0.0,0,0
138,TRANSFER,3538.95,C980402318,16724.27,13185.32,C964844390,17074.84,20613.79,0,0
682,CASH_OUT,70353.74,C805008724,85198.88,14845.14,C694914380,41993.52,112347.26,0,0
542,CASH_OUT,10081.34,C132383926,10135.58,54.24,C233639010,26774.24,36855.58,0,0
553,CASH_IN,21618.11,C182854056,99244.14,120862.25,C487088898,41628.42,20010.31,0,0
154,PAYMENT,699.89,C945347884,8152.9,7453.01,M207342175,0.0,0.0,0,0
25,CASH_OUT,13088.14,C116486148,53046.61,39958.47,C307291007,3539.16,16627.3,0,0
106,CASH_OUT,38090.16,C349503420,38808.16,718.0,C842870833,73328.02,111418.18,0,0
383,PAYMENT,8300.47,C694040448,23691.25,15390.78,M343389902,0.0,0.0,0,0
657,PAYMENT,3956.7,C374606069,7955.21,3998.51,M355548342,0.0,0.0,0,0
589,PAYMENT,7633.69,C936750782,7818.44,184.75,M809728601,0.0,0.0,0,0
262,PAYMENT,6543.68,C975698745,16594.08,10050.4,M177777148,0.0,0.0,0,0
563,CASH_IN,93544.25,C727612619,3371.07,96915.32,C522442416,99810.74,6266.49,0,0
422,CASH_OUT,42153.16,C458999197,54862.94,12709.78,C725872141,10524.61,52677.77,0,0
177,CASH_IN,12441.5,C103212726,26241.43,38682.93,C944552010,14577.97,2136.47,0,0
641,PAYMENT,3597.72,C474918945,7350.75,3753.03,M972934100,0.0,0.0,0,0
612,CASH_IN,183997.46,C860998482,43527.97,227525.43,C733349399,190914.14,6916.68,0,0
542,CASH_IN,5881.08,C438546048,14429.66,20310.74,C786585652,19234.26,13353.18,0,0
675,PAYMENT,14231.51,C918997345,14509.36,277.85,M454456584,0.0,0.0,0,0
426,CASH_OUT,34948.22,C997837150,84721.39,49773.17,C366801057,49071.28,84019.5,0,0
522,CASH_IN,2328.85,C536740359,67301.6,69630.45,C483689832,138733.56,136404.71,0,0
107,PAYMENT,3576.06,C392810275,4965.95,1389.89,M171740677,0.0,0.0,0,0
447,PAYMENT,6964.47,C798504501,8785.7,1821.23,M380990898,0.0,0.0,0,0
188,CASH_OUT,10867.07,C962006555,21455.4,10588.33,C768767355,8562.24,19429.31,0,0
105,CASH_OUT,8750.34,C424494977,21808.26,13057.92,C408950541,26273.0,35023.34,0,0
255,TRANSFER,28042.87,C268296526,47414.18,19371.31,C344920170,18521.16,46564.03,0,0
49,PAYMENT,594.13,C880405969,29236.74,28642.61,M456759287,0.0,0.0,0,0
351,PAYMENT,2162.91,C340641557,9983.89,7820.98,M794173172,0.0,0.0,0,0
707,CASH_IN,63741.84,C337055743,29803.68,93545.52,C349703375,74455.45,10713.61,0,0
211,TRANSFER,20633.82,C668820210,51066.27,30432.45,C207392188,109103.85,129737.67,0,0
461,CASH_OUT,19305.03,C309735856,29356.68,10051.65,C758663182,11403.96,30708.99,0,0
542,PAYMENT,4442.96,C387461981,8462.31,4019.35,M601248115,0.0,0.0,0,0
281,PAYMENT,85.04,C161460361,25366.31,25281.27,M370441088,0.0,0.0,0,0
638,CASH_OUT,21507.91,C811902726,37979.09,16471.18,C353490077,38650.3,60158.21,0,0
589,PAYMENT,3283.85,C423212599,6316.29,3032.44,M454078801,0.0,0.0,0,0
167,PAYMENT,4297.03,C327072299,6709.34,2412.31,M657344736,0.0,0.0,0,0
489,PAYMENT,7188.93,C916799973,43129.89,35940.96,M685197937,0.0,0.0,0,0
492,CASH_OUT,4918.95,C431832223,12110.56,7191.61,C290100107,9527.46,14446.41,0,0
112,TRANSFER,25435.91,C215438569,51682.1,26246.19,C861852285,64875.33,90311.24,0,0
628,CASH_OUT,54883.19,C111192442,77137.38,22254.19,C826157596,31018.17,85901.36,0,0
529,CASH_OUT,7528.83,C841428495,16655.05,9126.22,C127389751,27204.63,34733.46,0,0
201,PAYMENT,774.61,C523484774,9981.06,9206.45,M177635926,0.0,0.0,0,0
107,TRANSFER,36449.91,C373451512,78648.57,42198.66,C651476211,15631.6,52081.51,0,0
410,PAYMENT,7788.06,C298032519,9453.1,1665.04,M754326607,0.0,0.0,0,0
9,CASH_IN,41181.12,C847709619,16911.93,58093.05,C275384249,50431.29,9250.17,0,0
638,PAYMENT,2089.28,C663883309,5918.48,3829.2,M528043384,0.0,0.0,0,0
598,PAYMENT,59.66,C962983341,4185.91,4126.25,M296399059,0.0,0.0,0,0
97,CASH_OUT,37809.55,C854511920,46229.92,8420.37,C540657959,4864.51,42674.06,0,0
116,PAYMENT,13810.42,C944417988,16519.25,2708.83,M623367894,0.0,0.0,0,0
625,PAYMENT,16509.45,C162480759,23527.59,7018.14,M916777120,0.0,0.0,0,0
498,CASH_OUT,26635.04,C483914962,45317.84,18682.8,C736217620,80865.92,107500.96,0,0
634,DEBIT,509.78,C562239737,2362.68,1852.9,C462400189,14578.22,15088.0,0,0
557,PAYMENT,6961.99,C308687121,11704.68,4742.69,M782749868,0.0,0.0,0,0
191,PAYMENT,1258.74,C769736374,14680.79,13422.05,M269927445,0.0,0.0,0,0
311,CASH_OUT,136387.92,C528846607,141853.35,5465.43,C930485336,6615.23,143003.15,0,0
30,CASH_OUT,36218.44,C790140742,41114.51,4896.07,C528012501,52757.0,88975.44,0,0
71,CASH_OUT,40000.83,C537045410,59231.44,19230.61,C809700171,10720.05,50720.88,0,0
549,PAYMENT,1529.36,C261352655,8580.24,7050.88,M595919887,0.0,0.0,0,0
489,PAYMENT,4404.85,C517603185,15193.91,10789.06,M229836890,0.0,0.0,0,0
136,TRANSFER,17581.06,C361840309,73867.35,56286.29,C731093071,11841.52,29422.58,0,0
396,PAYMENT,2497.65,C947845084,4942.52,2444.87,M238684310,0.0,0.0,0,0
525,PAYMENT,6297.38,C471283723,8954.63,2657.25,M333022155,0.0,0.0,0,0
199,PAYMENT,19101.34,C871552027,36816.34,17715.0,M468535533,0.0,0.0,0,0
433,PAYMENT,219.53,C598781762,7077.41,6857.88,M916656505,0.0,0.0,0,0
359,CASH_OUT,31320.22,C893687274,52515.26,21195.04,C575377828,25475.78,56796.0,0,0
555,TRANSFER,78038.1,C145887377,138053.96,60015.86,C417601203,780.58,78818.68,0,0
315,CASH_IN,104755.8,C488935532,44855.7,149611.5,C632624018,123146.64,18390.84,0,0
288,PAYMENT,58.45,C143441016,867.26,808.81,M488547929,0.0,0.0,0,0
498,CASH_OUT,8975.68,C696636559,52409.93,43434.25,C678723313,79679.91,88655.59,0,0
444,TRANSFER,40927.27,C703556656,41137.13,209.86,C232236880,36073.6,77000.87,0,0
81,PAYMENT,6912.85,C879570771,12659.81,5746.96,M160050986,0.0,0.0,0,0
311,PAYMENT,684.91,C970059737,1138.96,454.05,M357320847,0.0,0.0,0,0
5,CASH_OUT,76885.44,C306209380,86597.39,9711.95,C182064726,4531.79,81417.23,0,0
439,PAYMENT,11244.64,C510713619,12668.15,1423.51,M779445938,0.0,0.0,0,0
450,PAYMENT,551.84,C967482122,2262.41,1710.57,M470951098,0.0,0.0,0,0
381,CASH_OUT,65008.57,C793979079,73613.57,8605.0,C655963702,3897.68,68906.25,0,0
212,PAYMENT,3968.46,C710919749,7393.12,3424.66,M882976101,0.0,0.0,0,0
473,PAYMENT,6653.6,C791219177,9084.98,2431.38,M878453383,0.0,0.0,0,0
81,TRANSFER,91640.65,C733952911,109586.12,17945.47,C410466995,44794.11,136434.76,0,0
112,TRANSFER,16466.07,C296308709,16561.45,95.38,C863819451,96247.42,112713.49,0,0
73,DEBIT,2796.95,C380996985,4784.35,1987.4,C823529568,10941.02,13737.97,0,0
353,PAYMENT,667.21,C495888566,2372.66,1705.45,M735495533,0.0,0.0,0,0
86,CASH_OUT,232724.3,C504155412,242100.85,9376.55,C243483573,57218.49,289942.79,0,0
144,CASH_OUT,122832.2,C154927882,123203.99,371.79,C444231392,39877.16,162709.36,0,0
475,PAYMENT,3722.0,C998595748,4540.64,818.64,M852768011,0.0,0.0,0,0
598,CASH_OUT,47106.29,C179695430,97823.53,50717.24,C296588812,4498.28,51604.57,0,0
641,PAYMENT,3621.91,C525819624,20628.79,17006.88,M190787853,0.0,0.0,0,0
25,PAYMENT,4680.53,C388821924,14064.27,9383.74,M815987107,0.0,0.0,0,0
446,CASH_OUT,83750.25,C271517162,104793.89,21043.64,C983886066,61170.79,144921.04,0,0
145,PAYMENT,2473.26,C239099011,6233.14,3759.88,M580923599,0.0,0.0,0,0
312,PAYMENT,10845.82,C822215314,34567.69,23721.87,M213088515,0.0,0.0,0,0
722,TRANSFER,38519.22,C439793207,54102.99,15583.77,C336577965,10888.03,49407.25,0,0
696,CASH_IN,156101.46,C957633769,114601.05,270702.51,C881928631,411757.37,255655.91,0,0
439,CASH_OUT,74018.02,C456053369,87498.51,13480.49,C417026714,5121.68,79139.7,0,0
584,CASH_IN,56352.25,C551451893,24149.73,80501.98,C856556083,147364.31,91012.06,0,0
719,PAYMENT,5931.18,C919257558,15160.13,9228.95,M420137047,0.0,0.0,0,0
640,CASH_OUT,174506.89,C847676204,188472.78,13965.89,C870981081,7725.18,182232.07,0,0
386,TRANSFER,13235.65,C930829979,132137.79,118902.14,C472563458,15855.8,29091.45,0,0
533,CASH_OUT,32734.83,C432613785,56805.67,24070.84,C156727775,8623.44,41358.27,0,0
675,CASH_IN,14330.28,C686816528,147420.43,161750.71,C938004125,56898.3,42568.02,0,0
674,PAYMENT,2293.58,C144484813,41543.63,39250.05,M772194900,0.0,0.0,0,0
383,CASH_OUT,101895.83,C917689248,121533.67,19637.84,C942863304,57.93,101953.76,0,0
503,PAYMENT,3448.57,C848136577,4375.72,927.15,M423644416,0.0,0.0,0,0
621,PAYMENT,793.35,C442435121,1112.24,318.89,M935294833,0.0,0.0,0,0
156,PAYMENT,560.75,C263946464,5062.31,4501.56,M227745062,0.0,0.0,0,0
246,DEBIT,1116.2,C329589666,3835.25,2719.05,C683673686,14767.14,15883.34,0,0
617,PAYMENT,1698.17,C574992684,9979.55,8281.38,M609461604,0.0,0.0,0,0
303,TRANSFER,35352.9,C912753647,81706.82,46353.92,C957734791,6663.67,42016.57,0,0
19,PAYMENT,6742.71,C621148354,20200.37,13457.66,M109955553,0.0,0.0,0,0
77,CASH_IN,95802.47,C499317321,15961.93,111764.4,C724175486,153640.28,57837.81,0,0
636,CASH_OUT,12453.05,C915750296,72354.14,59901.09,C514508460,6674.96,19128.01,0,0
417,CASH_OUT,72947.8,C460589820,78250.18,5302.38,C742999192,26024.36,98972.16,0,0
270,TRANSFER,9202.87,C240527351,62963.11,53760.24,C786827347,6852.19,16055.06,0,0
699,PAYMENT,14.72,C600805933,14167.86,14153.14,M605891708,0.0,0.0,0,0
162,PAYMENT,8909.75,C427851093,10653.41,1743.66,M855920146,0.0,0.0,0,0
409,PAYMENT,3915.48,C768270931,18418.41,14502.93,M643850648,0.0,0.0,0,0
180,PAYMENT,3683.45,C442879021,30380.28,26696.83,M756487064,0.0,0.0,0,0
644,PAYMENT,1328.04,C856975562,4510.44,3182.4,M311073554,0.0,0.0,0,0
654,PAYMENT,8767.91,C463970431,21777.19,13009.28,M520285200,0.0,0.0,0,0
266,CASH_IN,90218.67,C231198492,20191.24,110409.91,C369898890,142068.53,51849.86,0,0
662,TRANSFER,11418.92,C305346954,16055.36,4636.44,C501193377,24489.88,35908.8,0,0
173,CASH_OUT,62238.34,C947818319,76811.3,14572.96,C791697504,11540.28,73778.62,0,0
12,PAYMENT,18043.31,C107530620,25754.14,7710.83,M451267474,0.0,0.0,0,0
426,CASH_IN,42797.4,C965722448,7682.88,50480.28,C684165863,129402.93,86605.53,0,0
678,PAYMENT,1099.11,C290034941,10356.77,9257.66,M872862442,0.0,0.0,0,0
111,PAYMENT,2597.74,C736376914,2760.76,163.02,M728040442,0.0,0.0,0,0
626,DEBIT,884.54,C211458121,2228.17,1343.63,C439074640,3470.43,4354.97,0,0
399,CASH_OUT,1984.47,C562213640,5255.52,3271.05,C366025484,5346.57,7331.04,0,0
17,CASH_OUT,56129.19,C738379585,64321.01,8191.82,C482997764,7442.43,63571.62,0,0
266,PAYMENT,5697.64,C862270668,46357.1,40659.46,M902772237,0.0,0.0,0,0
45,CASH_OUT,27559.64,C731112026,78471.34,50911.7,C265851849,105563.32,133122.96,0,0
519,CASH_OUT,24833.19,C996378103,61649.04,36815.85,C194964079,45227.67,70060.86,0,0
627,CASH_IN,15981.12,C486697619,95009.12,110990.24,C715043390,33165.48,17184.36,0,0
452,CASH_OUT,46600.52,C268463776,60559.71,13959.19,C170725561,30025.65,76626.17,0,0
176,PAYMENT,2606.44,C541006657,15896.64,13290.2,M180029896,0.0,0.0,0,0
196,DEBIT,653.49,C757339351,4975.92,4322.43,C711242667,26213.43,26866.92,0,0
213,CASH_OUT,22721.53,C495576697,54239.2,31517.67,C329254932,48582.06,71303.59,0,0
170,PAYMENT,578.14,C865316242,5659.78,5081.64,M121780334,0.0,0.0,0,0
361,PAYMENT,2829.32,C465477407,15784.45,12955.13,M412456936,0.0,0.0,0,0
364,CASH_IN,34397.35,C481747445,3396.86,37794.21,C775553518,51584.47,17187.12,0,0
729,PAYMENT,1381.02,C363341697,1886.92,505.9,M113249099,0.0,0.0,0,0
607,CASH_OUT,72769.08,C161318470,91102.53,18333.45,C972272939,938.69,73707.77,0,0
49,DEBIT,987.54,C782343849,26948.67,25961.13,C754606694,66429.62,67417.16,0,0
174,CASH_OUT,47918.95,C948237672,59319.08,11400.13,C995281299,43945.4,91864.35,0,0
124,CASH_IN,63886.89,C592063515,19411.46,83298.35,C324469283,69376.16,5489.27,0,0
172,PAYMENT,3539.91,C478661976,15407.43,11867.52,M298029161,0.0,0.0,0,0
570,DEBIT,5249.36,C634400999,27337.67,22088.31,C242827435,24377.73,29627.09,0,0
542,CASH_OUT,5432.7,C516478678,10734.52,5301.82,C734193096,33047.18,38479.88,0,0
529,CASH_IN,21169.23,C955675355,37962.8,59132.03,C575642807,112034.01,90864.78,0,0
451,DEBIT,1379.07,C588134372,13064.19,11685.12,C121841898,11531.61,12910.68,0,0
259,CASH_OUT,197313.98,C531034767,272109.89,74795.91,C622420493,59192.51,256506.49,0,0
95,DEBIT,3023.69,C449705181,4561.36,1537.67,C395654442,21587.72,24611.41,0,0
251,CASH_OUT,7304.37,C737906134,36418.73,29114.36,C219739024,17022.83,24327.2,0,0
408,CASH_IN,15850.25,C970676948,9783.81,25634.06,C564801635,172688.03,156837.78,0,0
694,PAYMENT,2491.75,C536039998,5877.96,3386.21,M169114809,0.0,0.0,0,0
270,CASH_IN,35302.43,C324136038,18009.44,53311.87,C510104899,96575.43,61273.0,0,0
88,PAYMENT,6386.81,C473773321,11866.99,5480.18,M745730611,0.0,0.0,0,0
531,PAYMENT,1537.71,C346361814,10722.51,9184.8,M736922066,0.0,0.0,0,0
142,CASH_IN,15992.59,C102070778,12297.84,28290.43,C313007293,45506.29,29513.7,0,0
669,PAYMENT,9317.84,C694359260,9361.64,43.8,M235996285,0.0,0.0,0,0
218,CASH_OUT,6242.18,C694599338,22016.63,15774.45,C238301183,79276.67,85518.85,0,0
21,DEBIT,1727.07,C681780402,16313.14,14586.07,C211398024,12426.72,14153.79,0,0
462,PAYMENT,5193.3,C308754693,16779.66,11586.36,M441727934,0.0,0.0,0,0
85,PAYMENT,955.44,C556675253,7270.66,6315.22,M782768064,0.0,0.0,0,0
380,CASH_OUT,34701.77,C825133441,60639.13,25937.36,C684876472,12544.26,47246.03,0,0
601,TRANSFER,11722.25,C857266192,20145.89,8423.64,C762287493,11168.81,22891.06,0,0
340,CASH_IN,102720.3,C588892579,20209.49,122929.79,C466921843,148941.53,46221.23,0,0
719,PAYMENT,1209.46,C836652352,5350.53,4141.07,M427685694,0.0,0.0,0,0
445,PAYMENT,6340.03,C284539092,17170.32,10830.29,M941604693,0.0,0.0,0,0
5,CASH_OUT,138097.37,C338834583,139502.83,1405.46,C470500522,13028.01,151125.38,0,0
433,CASH_IN,16861.1,C148734606,36165.2,53026.3,C776091579,132668.22,115807.12,0,0
29,DEBIT,1693.12,C803146996,16805.73,15112.61,C436348670,22594.13,24287.25,0,0
742,TRANSFER,15140.14,C299635496,87458.6,72318.46,C569448856,1430.63,16570.77,0,0
157,PAYMENT,4161.22,C133513136,4330.42,169.2,M773405362,0.0,0.0,0,0
577,CASH_OUT,17774.08,C490966971,28570.11,10796.03,C543606937,43743.25,61517.33,0,0
432,PAYMENT,2185.55,C648921911,10105.05,7919.5,M508445611,0.0,0.0,0,0
701,CASH_OUT,22879.54,C422225436,26981.96,4102.42,C203545073,45022.94,67902.48,0,0
260,CASH_OUT,6377.57,C828956620,44275.14,37897.57,C100677510,127234.65,133612.22,0,0
55,CASH_IN,18165.42,C247915530,20012.88,38178.3,C826290585,34313.81,16148.39,0,0
238,PAYMENT,3422.5,C441379997,11243.32,7820.82,M509868758,0.0,0.0,0,0
697,CASH_IN,69281.59,C767137127,14705.19,83986.78,C330903714,102729.0,33447.41,0,0
236,PAYMENT,6044.69,C435320083,9099.8,3055.11,M381415044,0.0,0.0,0,0
567,TRANSFER,21633.42,C343735467,44709.03,23075.61,C943343220,7948.29,29581.71,0,0
654,PAYMENT,1806.1,C302892423,20616.26,18810.16,M878444737,0.0,0.0,0,0
246,PAYMENT,6269.12,C289089369,8404.96,2135.84,M253370029,0.0,0.0,0,0
440,PAYMENT,2106.04,C714776105,65293.95,63187.91,M399442582,0.0,0.0,0,0
132,PAYMENT,6467.35,C117647692,24004.25,17536.9,M917575857,0.0,0.0,0,0
439,PAYMENT,9360.67,C782050737,17012.24,7651.57,M541428898,0.0,0.0,0,0
289,CASH_OUT,22689.85,C675528899,60950.14,38260.29,C326904646,56514.18,79204.03,0,0
613,DEBIT,1099.29,C869536308,25503.86,24404.57,C906497213,22357.56,23456.85,0,0
53,CASH_IN,9211.07,C144784601,74855.72,84066.79,C151704821,28570.06,19358.99,0,0
519,PAYMENT,1532.34,C148746429,4346.83,2814.49,M396925425,0.0,0.0,0,0
612,CASH_IN,11556.39,C810466870,54550.17,66106.56,C905634374,105376.49,93820.1,0,0
288,PAYMENT,8802.58,C981870612,25435.08,16632.5,M541514479,0.0,0.0,0,0
278,CASH_OUT,26802.45,C883648957,31647.88,4845.43,C378972946,78739.62,105542.07,0,0
444,PAYMENT,5954.44,C686403030,10975.06,5020.62,M851003377,0.0,0.0,0,0
40,PAYMENT,1128.44,C784306907,6090.1,4961.66,M690537841,0.0,0.0,0,0
454,CASH_OUT,11832.67,C283002590,18873.14,7040.47,C456390746,51691.7,63524.37,0,0
556,CASH_OUT,39587.83,C834266909,42849.9,3262.07,C705070230,9809.6,49397.43,0,0
166,PAYMENT,5780.47,C298157477,7018.13,1237.66,M552179338,0.0,0.0,0,0
424,CASH_OUT,111171.69,C536832957,128361.38,17189.69,C995349005,69330.66,180502.35,0,0
577,CASH_OUT,28757.1,C986405937,32744.31,3987.21,C102393141,38074.56,66831.66,0,0
616,DEBIT,1135.11,C207290415,2095.34,960.23,C670270545,11373.01,12508.12,0,0
98,PAYMENT,1469.79,C258277346,26601.79,25132.0,M746302670,0.0,0.0,0,0
154,CASH_OUT,18497.77,C364827140,26740.13,8242.36,C805038980,3031.88,21529.65,0,0
470,PAYMENT,11011.28,C168525404,20094.42,9083.14,M203992062,0.0,0.0,0,0
119,CASH_OUT,87103.1,C449585138,97697.78,10594.68,C930552756,33920.68,121023.78,0,0
239,CASH_OUT,89840.46,C670007108,93593.85,3753.39,C980110487,106872.45,196712.91,0,0
70,PAYMENT,2083.19,C459962243,9320.7,7237.51,M225180160,0.0,0.0,0,0
583,PAYMENT,1575.85,C679793169,4369.94,2794.09,M462455491,0.0,0.0,0,0
248,DEBIT,8635.97,C339167591,27822.93,19186.96,C253774636,9892.44,18528.41,0,0
416,TRANSFER,17143.25,C183598268,34268.52,17125.27,C715445618,5421.02,22564.27,0,0
654,CASH_OUT,178649.86,C160668324,178649.86,0.0,C228528413,14675.12,193324.98,1,0
72,PAYMENT,8792.5,C192611287,16655.86,7863.36,M694669665,0.0,0.0,0,0
112,CASH_IN,52951.98,C577812758,31193.21,84145.19,C657490045,112574.92,59622.94,0,0
583,PAYMENT,3424.94,C446877046,7793.93,4368.99,M496538755,0.0,0.0,0,0
261,TRANSFER,43713.87,C527935453,60828.58,17114.71,C135549452,1845.86,45559.73,0,0
542,CASH_OUT,178207.48,C513948225,181141.58,2934.1,C831568775,33601.45,211808.93,0,0
657,TRANSFER,1269.21,C917905156,20363.31,19094.1,C310434928,6918.44,8187.65,0,0
726,CASH_OUT,8139.46,C898126188,18418.39,10278.93,C724009205,54283.9,62423.36,0,0
125,PAYMENT,297.29,C205244320,38339.53,38042.24,M906162228,0.0,0.0,0,0
630,PAYMENT,9487.58,C268142189,11634.13,2146.55,M183006636,0.0,0.0,0,0
638,PAYMENT,9183.44,C505719997,33167.83,23984.39,M866831023,0.0,0.0,0,0
87,PAYMENT,9979.96,C989187537,14142.19,4162.23,M428540621,0.0,0.0,0,0
562,CASH_OUT,302.85,C337784390,13338.35,13035.5,C964704623,1726.58,2029.43,0,0
616,PAYMENT,2932.6,C543770116,7379.59,4446.99,M194529813,0.0,0.0,0,0
450,CASH_IN,12510.78,C238932442,121292.4,133803.18,C323477360,40067.69,27556.91,0,0
192,CASH_IN,21997.48,C469355354,63481.29,85478.77,C807354456,55670.19,33672.71,0,0
580,PAYMENT,10871.03,C140744495,23928.64,13057.61,M155703096,0.0,0.0,0,0
660,PAYMENT,8164.24,C903179705,17681.47,9517.23,M466997164,0.0,0.0,0,0
590,CASH_OUT,93470.9,C755467214,138204.07,44733.17,C807964810,231.19,93702.09,0,0
151,CASH_OUT,30631.77,C568565387,31687.35,1055.58,C625293039,46851.08,77482.85,0,0
397,CASH_OUT,16897.82,C849832487,31445.83,14548.01,C179233130,12226.44,29124.26,0,0
203,PAYMENT,8700.64,C489021386,19381.27,10680.63,M480356468,0.0,0.0,0,0
313,TRANSFER,369948.51,C756335027,369948.51,0.0,C725016833,0.0,0.0,1,0
392,PAYMENT,2563.93,C179376260,9612.91,7048.98,M553502488,0.0,0.0,0,0
718,CASH_OUT,177863.84,C157950891,237707.29,59843.45,C264086361,84982.97,262846.81,0,0
427,CASH_OUT,64280.66,C109151948,71175.57,6894.91,C668804211,40427.52,104708.18,0,0
563,PAYMENT,4929.0,C944677509,22224.61,17295.61,M380235664,0.0,0.0,0,0
190,CASH_IN,31917.28,C589146939,54918.08,86835.36,C660750796,42118.19,10200.91,0,0
79,TRANSFER,144089.04,C324585156,173863.98,29774.94,C459396500,62249.14,206338.18,0,0
208,CASH_IN,7865.97,C831787440,5505.4,13371.37,C650372034,26114.46,18248.49,0,0
644,TRANSFER,5239.09,C339191841,23432.36,18193.27,C497409217,18229.33,23468.42,0,0
437,CASH_OUT,83295.75,C482098368,98634.2,15338.45,C847825975,20332.78,103628.53,0,0
271,CASH_OUT,4825.15,C243464804,5832.64,1007.49,C749366030,16303.31,21128.46,0,0
158,PAYMENT,6846.93,C422325146,42365.87,35518.94,M842792432,0.0,0.0,0,0
536,PAYMENT,246.91,C111947056,1878.93,1632.02,M307503347,0.0,0.0,0,0
146,PAYMENT,1474.9,C666699594,1710.15,235.25,M224022650,0.0,0.0,0,0
38,TRANSFER,103614.49,C107422317,143696.51,40082.02,C803298685,1643.05,105257.54,0,0
66,DEBIT,3462.48,C583511326,4418.63,956.15,C702266918,9473.9,12936.38,0,0
592,CASH_OUT,32154.01,C893180559,43425.49,11271.48,C723423623,41425.23,73579.24,0,0
223,CASH_IN,13430.87,C498121752,62709.25,76140.12,C360557532,63768.26,50337.39,0,0
300,DEBIT,275.0,C428551901,34058.64,33783.64,C900824104,13305.04,13580.04,0,0
548,CASH_OUT,1370665.18,C449746775,1370665.18,0.0,C538815350,20218.48,1390883.66,1,0
345,PAYMENT,5618.41,C286795092,25034.25,19415.84,M275593354,0.0,0.0,0,0
193,CASH_OUT,40294.16,C320231617,54279.31,13985.15,C455972300,2211.75,42505.91,0,0
67,CASH_OUT,206897.2,C478306497,208688.95,1791.75,C575231556,46256.01,253153.21,0,0
369,CASH_OUT,1598.88,C872418744,9757.06,8158.18,C140752056,12375.52,13974.4,0,0
376,PAYMENT,8997.04,C575559809,16386.84,7389.8,M346548735,0.0,0.0,0,0
376,PAYMENT,11388.87,C873356249,12852.71,1463.84,M618348021,0.0,0.0,0,0
731,PAYMENT,197.96,C767822224,2680.02,2482.06,M730470639,0.0,0.0,0,0
710,PAYMENT,17947.46,C880714832,32213.39,14265.93,M572245853,0.0,0.0,0,0
239,CASH_OUT,155023.79,C967683856,180801.46,25777.67,C811227291,47473.85,202497.64,0,0
346,CASH_OUT,714921.76,C983230475,714921.76,0.0,C524051922,45656.29,760578.05,1,1
47,PAYMENT,5621.62,C920919372,5656.32,34.7,M920726102,0.0,0.0,0,0
694,CASH_OUT,182419.16,C998667763,183350.6,931.44,C235442269,120611.44,303030.6,0,0
498,CASH_OUT,11494.46,C870657908,11735.48,241.02,C120470381,17251.13,28745.59,0,0
2,PAYMENT,11319.32,C238136787,21877.22,10557.9,M393245507,0.0,0.0,0,0
293,CASH_OUT,48595.5,C334918996,64122.2,15526.7,C327488968,49549.97,98145.47,0,0
191,PAYMENT,529.43,C751437750,3187.96,2658.53,M988955710,0.0,0.0,0,0
732,TRANSFER,33474.15,C181765768,33524.89,50.74,C377862333,117179.18,150653.33,0,0
541,CASH_OUT,833513.33,C551924668,833513.33,0.0,C886665517,27767.4,861280.73,1,0
99,PAYMENT,2335.72,C345853580,3195.3,859.58,M491761775,0.0,0.0,0,0
717,CASH_OUT,156922.29,C700573698,193546.94,36624.65,C458476990,113638.76,270561.05,0,0
684,PAYMENT,98.19,C714857221,4939.44,4841.25,M755914268,0.0,0.0,0,0
501,CASH_OUT,14929.75,C748560844,35259.96,20330.21,C637372107,24595.07,39524.82,0,0
395,CASH_OUT,10808.67,C693147930,13347.37,2538.7,C599790762,116783.19,127591.86,0,0
533,TRANSFER,22754.07,C949182811,100857.33,78103.26,C161277979,20910.98,43665.05,0,0
642,CASH_OUT,36244.51,C639346388,62375.84,26131.33,C635305633,1454.57,37699.08,0,0
420,PAYMENT,10110.04,C165827525,28998.41,18888.37,M367754638,0.0,0.0,0,0
721,TRANSFER,19325.51,C303466642,29513.16,10187.65,C112213648,10085.61,29411.12,0,0
58,TRANSFER,12789.12,C930500535,36486.11,23696.99,C123790225,5037.57,17826.69,0,0
636,CASH_OUT,39020.68,C787708196,46762.82,7742.14,C479725460,29987.55,69008.23,0,0
5,CASH_OUT,41443.13,C480291482,50816.04,9372.91,C827660547,48077.83,89520.96,0,0
174,PAYMENT,7005.89,C322557170,18730.55,11724.66,M238420036,0.0,0.0,0,0
621,PAYMENT,16027.46,C899500031,18360.79,2333.33,M783950048,0.0,0.0,0,0
212,CASH_OUT,4147.59,C483324755,15255.39,11107.8,C697973676,116635.76,120783.35,0,0
121,DEBIT,3649.33,C366848394,9107.78,5458.45,C184084822,5857.73,9507.06,0,0
115,CASH_IN,2924.95,C946992882,2705.56,5630.51,C909141719,23720.85,20795.9,0,0
526,PAYMENT,1592.94,C277387785,13102.71,11509.77,M449322526,0.0,0.0,0,0
537,PAYMENT,248.4,C702350619,1226.57,978.17,M249254752,0.0,0.0,0,0
476,CASH_OUT,1166273.82,C138797053,1166273.82,0.0,C478615848,20831.84,1187105.66,1,1
489,PAYMENT,3160.57,C354895455,3762.42,601.85,M501794577,0.0,0.0,0,0
167,PAYMENT,4557.82,C866650439,13525.91,8968.09,M979498075,0.0,0.0,0,0
36,TRANSFER,37638.45,C391662612,46677.8,9039.35,C125151442,129511.6,167150.05,0,0
363,PAYMENT,8615.37,C413396606,15408.51,6793.14,M577743854,0.0,0.0,0,0
670,CASH_OUT,15402.89,C737343327,20315.49,4912.6,C573810150,49910.97,65313.86,0,0
736,PAYMENT,4967.61,C863521048,20566.85,15599.24,M882662002,0.0,0.0,0,0
638,PAYMENT,8450.91,C408854386,16435.74,7984.83,M343512923,0.0,0.0,0,0
723,CASH_OUT,16428.77,C551685355,38892.8,22464.03,C189653380,60300.86,76729.63,0,0
513,CASH_IN,104586.45,C529319784,14720.45,119306.9,C914638767,135077.36,30490.91,0,0
518,TRANSFER,124513.56,C278558580,140528.44,16014.88,C532362613,91360.72,215874.28,0,0
235,TRANSFER,2057.16,C925736532,13039.66,10982.5,C696512709,8515.59,10572.75,0,0
107,CASH_OUT,60802.58,C335309434,105178.98,44376.4,C338958753,40410.27,101212.85,0,0
277,PAYMENT,12578.3,C330413519,16526.51,3948.21,M502841906,0.0,0.0,0,0
222,CASH_OUT,50217.93,C924312819,61478.94,11261.01,C828455927,15377.54,65595.47,0,0
461,PAYMENT,1510.08,C781216768,13503.41,11993.33,M883096075,0.0,0.0,0,0
536,PAYMENT,862.0,C426209398,13197.13,12335.13,M820078936,0.0,0.0,0,0
673,CASH_OUT,23738.88,C824349151,43734.63,19995.75,C104327277,72393.72,96132.6,0,0
525,CASH_IN,18255.68,C413913790,2327.23,20582.91,C547711531,71634.74,53379.06,0,0
648,PAYMENT,11892.21,C440524316,19782.94,7890.73,M677771532,0.0,0.0,0,0
179,CASH_IN,69606.79,C331470357,214608.23,284215.02,C733158799,146919.27,77312.48,0,0
481,PAYMENT,923.86,C903781526,13569.78,12645.92,M110999719,0.0,0.0,0,0
733,CASH_IN,4930.2,C849124584,7461.04,12391.24,C156484143,62581.82,57651.62,0,0
387,CASH_OUT,99507.39,C823417769,109524.04,10016.65,C275164561,14895.45,114402.84,0,0
712,CASH_OUT,65413.81,C827078731,70838.59,5424.78,C205415950,16770.75,82184.56,0,0
255,CASH_IN,73450.28,C305657483,27567.72,101018.0,C559319435,166741.13,93290.85,0,0
431,CASH_OUT,19150.99,C156696165,30374.15,11223.16,C746358074,53731.74,72882.73,0,0
561,TRANSFER,31417.83,C455293013,69352.6,37934.77,C551909905,63740.83,95158.66,0,0
271,CASH_OUT,115817.1,C649543986,132075.74,16258.64,C718643944,46184.9,162002.0,0,0
579,TRANSFER,1248492.62,C961630486,1248492.62,0.0,C496420511,0.0,0.0,1,0
653,PAYMENT,1570.83,C498099124,7960.53,6389.7,M567694067,0.0,0.0,0,0
646,TRANSFER,942948.84,C252754603,942948.84,0.0,C908328708,0.0,942948.84,1,1
528,CASH_IN,1902.58,C721400925,11271.03,13173.61,C114184597,85573.53,83670.95,0,0
321,CASH_OUT,31002.37,C129152632,123604.61,92602.24,C425677258,28079.27,59081.64,0,0
370,DEBIT,10455.2,C854236832,12607.89,2152.69,C846471680,24852.13,35307.33,0,0
509,PAYMENT,8431.44,C835363259,8758.58,327.14,M887239004,0.0,0.0,0,0
77,CASH_OUT,52075.68,C870908774,67125.71,15050.03,C892059105,18175.16,70250.84,0,0
484,PAYMENT,587.24,C506297785,2133.48,1546.24,M919358487,0.0,0.0,0,0
144,PAYMENT,300.92,C201568044,33946.27,33645.35,M505196525,0.0,0.0,0,0
548,CASH_IN,12530.79,C147275957,23973.39,36504.18,C900182129,38809.72,26278.93,0,0
652,CASH_IN,43216.44,C656451905,66163.35,109379.79,C690529469,179674.07,136457.63,0,0
87,DEBIT,5655.83,C203178498,10109.73,4453.9,C204905908,13613.23,19269.06,0,0
549,CASH_IN,59213.15,C403842063,131560.53,190773.68,C253179940,77370.92,18157.77,0,0
611,DEBIT,1760.55,C197441797,16037.04,14276.49,C490765885,20024.19,21784.74,0,0
297,CASH_OUT,23498.36,C676866917,57800.75,34302.39,C750967825,1048.3,24546.66,0,0
723,CASH_OUT,91374.37,C789211102,104221.53,12847.16,C755066919,50535.29,141909.66,0,0
42,DEBIT,2783.28,C385757480,6358.78,3575.5,C428523313,8800.38,11583.66,0,0
727,CASH_OUT,89585.77,C611514288,92458.82,2873.05,C321694915,96185.31,185771.08,0,0
176,CASH_IN,21695.66,C864254919,44583.91,66279.57,C172986392,31821.55,10125.89,0,0
396,CASH_IN,4233.21,C308357556,92027.61,96260.82,C757648202,32047.62,27814.41,0,0
353,CASH_OUT,31058.63,C194111020,93429.63,62371.0,C426127422,28098.5,59157.13,0,0
77,PAYMENT,3956.42,C256134113,7336.44,3380.02,M717887874,0.0,0.0,0,0
140,PAYMENT,19008.03,C700334744,22630.12,3622.09,M707062350,0.0,0.0,0,0
401,PAYMENT,1158.69,C299774862,15229.5,14070.81,M326470945,0.0,0.0,0,0
185,PAYMENT,2684.74,C646334207,9658.86,6974.12,M479243692,0.0,0.0,0,0
199,PAYMENT,4446.35,C887778771,7723.41,3277.06,M377543593,0.0,0.0,0,0
27,CASH_OUT,59415.88,C215552462,90068.5,30652.62,C759107037,727.55,60143.43,0,0
433,CASH_IN,18068.69,C330140799,34904.34,52973.03,C793484388,86897.96,68829.27,0,0
143,CASH_OUT,10702.03,C487635236,28104.79,17402.76,C656242617,28207.44,38909.47,0,0
472,TRANSFER,105462.69,C550821218,134750.14,29287.45,C188133953,21050.73,126513.42,0,0
169,PAYMENT,6121.54,C714647433,6196.53,74.99,M820595645,0.0,0.0,0,0
212,CASH_OUT,84647.29,C777563164,94671.67,10024.38,C232526870,1340.38,85987.67,0,0
525,PAYMENT,637.29,C873209402,3276.75,2639.46,M788798786,0.0,0.0,0,0
556,PAYMENT,6984.65,C608929286,11630.23,4645.58,M226597781,0.0,0.0,0,0
127,PAYMENT,201.56,C398436647,1957.45,1755.89,M225365319,0.0,0.0,0,0
176,CASH_IN,41870.79,C577937591,29878.43,71749.22,C484032998,110106.77,68235.98,0,0
229,PAYMENT,3263.13,C166576559,15069.0,11805.87,M669416483,0.0,0.0,0,0
657,TRANSFER,384681.93,C615760638,384681.93,0.0,C506499887,0.0,0.0,1,0
232,CASH_OUT,5995.58,C249624843,15590.86,9595.28,C166974905,59588.09,65583.67,0,0
471,PAYMENT,1952.15,C960276039,2756.86,804.71,M254433556,0.0,0.0,0,0
424,CASH_OUT,19873.77,C522562490,22800.58,2926.81,C196406732,6801.82,26675.59,0,0
409,CASH_IN,97669.59,C188789613,21210.48,118880.07,C732980014,103053.98,5384.39,0,0
320,TRANSFER,201026.68,C617101940,217661.98,16635.3,C532574994,23397.29,224423.97,0,0
730,PAYMENT,5143.21,C531504471,21709.25,16566.04,M985876495,0.0,0.0,0,0
129,PAYMENT,3767.07,C185841922,12948.75,9181.68,M498840702,0.0,0.0,0,0
524,PAYMENT,537.73,C798385744,16178.09,15640.36,M937288559,0.0,0.0,0,0
236,PAYMENT,6138.63,C480843036,23653.48,17514.85,M296651702,0.0,0.0,0,0
654,DEBIT,785.54,C671125410,2564.19,1778.65,C993401867,8312.03,9097.57,0,0
740,CASH_OUT,39724.62,C237620882,41462.32,1737.7,C356150079,98722.87,138447.49,0,0
292,CASH_OUT,17248.35,C257572575,67628.84,50380.49,C909855189,184037.95,201286.3,0,0
307,TRANSFER,101020.71,C550145437,152972.47,51951.76,C149363871,4089.45,105110.16,0,0
387,TRANSFER,3494.11,C963425542,15937.86,12443.75,C936109399,6241.79,9735.9,0,0
601,PAYMENT,5483.97,C137312757,9009.81,3525.84,M515611961,0.0,0.0,0,0
682,PAYMENT,4060.69,C767114539,6981.22,2920.53,M600889514,0.0,0.0,0,0
503,PAYMENT,11691.47,C843537010,18294.75,6603.28,M745583170,0.0,0.0,0,0
327,PAYMENT,10640.94,C119995567,14150.57,3509.63,M445367797,0.0,0.0,0,0
6,CASH_OUT,18484.99,C834041501,32849.17,14364.18,C175824188,62502.49,80987.48,0,0
484,CASH_OUT,43883.47,C295765684,66135.88,22252.41,C396640486,184981.42,228864.89,0,0
448,CASH_OUT,9646.68,C987369331,31313.74,21667.06,C738282866,24636.0,34282.68,0,0
368,TRANSFER,67038.26,C512236517,86453.85,19415.59,C111198969,57464.62,124502.88,0,0
607,PAYMENT,8448.05,C279524329,17542.76,9094.71,M901172794,0.0,0.0,0,0
170,PAYMENT,5277.48,C231523996,12600.44,7322.96,M814442319,0.0,0.0,0,0
4,TRANSFER,138233.05,C796643295,170259.11,32026.06,C642996480,123425.65,261658.7,0,0
292,PAYMENT,2495.72,C859528081,8736.91,6241.19,M880920248,0.0,0.0,0,0
1,CASH_OUT,28623.01,C774705746,43868.15,15245.14,C744689593,17275.41,45898.42,0,0
32,TRANSFER,113756.9,C981141803,184637.1,70880.2,C283680453,61210.14,174967.04,0,0
132,CASH_IN,75160.05,C623563591,115299.29,190459.34,C329073711,104673.29,29513.24,0,0
550,PAYMENT,14495.16,C793820720,22293.27,7798.11,M733277019,0.0,0.0,0,0
304,PAYMENT,948.69,C462536825,20991.78,20043.09,M431134486,0.0,0.0,0,0
356,PAYMENT,2295.38,C481741332,16601.23,14305.85,M905660468,0.0,0.0,0,0
42,CASH_OUT,14466.57,C277175812,32344.88,17878.31,C609120408,30552.39,45018.96,0,0
339,PAYMENT,3934.15,C304474372,3985.26,51.11,M380942902,0.0,0.0,0,0
176,CASH_OUT,81674.76,C121005861,120999.41,39324.65,C966609640,17828.79,99503.55,0,0
718,PAYMENT,5567.85,C255517188,18481.08,12913.23,M845413297,0.0,0.0,0,0
68,TRANSFER,100000.07,C356096098,111391.29,11391.22,C922713014,516.38,100516.45,0,0
356,PAYMENT,1356.1,C764520131,9247.91,7891.81,M760243367,0.0,0.0,0,0
81,TRANSFER,10585.55,C556140988,19792.02,9206.47,C687376278,8939.13,19524.68,0,0
374,CASH_OUT,34747.63,C127130903,36456.35,1708.72,C914075185,139835.99,174583.62,0,0
156,PAYMENT,3183.52,C647750932,6273.24,3089.72,M138884772,0.0,0.0,0,0
272,CASH_IN,21126.39,C434209443,33341.73,54468.12,C984422655,108178.36,87051.97,0,0
340,CASH_OUT,14831.11,C889045499,27742.45,12911.34,C559702370,18124.8,32955.91,0,0
493,PAYMENT,8323.58,C598431944,9273.41,949.83,M832715686,0.0,0.0,0,0
544,CASH_IN,43519.75,C677669787,23517.24,67036.99,C672530566,47583.72,4063.97,0,0
654,CASH_OUT,73662.12,C375246143,79131.54,5469.42,C415893932,69285.38,142947.5,0,0
251,TRANSFER,22993.74,C839668985,60159.19,37165.45,C333016070,18468.38,41462.12,0,0
288,CASH_OUT,53403.26,C847378430,77968.75,24565.49,C494824013,22196.6,75599.86,0,0
70,PAYMENT,11154.83,C910282862,16532.22,5377.39,M174500164,0.0,0.0,0,0
173,PAYMENT,3945.27,C768046339,29780.75,25835.48,M611164243,0.0,0.0,0,0
175,CASH_IN,117100.36,C605530809,99879.69,216980.05,C517525312,118455.27,1354.91,0,0
209,CASH_OUT,28388.75,C871115224,36775.68,8386.93,C173222143,122367.61,150756.36,0,0
334,CASH_OUT,19009.38,C533429795,26052.62,7043.24,C487445243,30328.88,49338.26,0,0
706,CASH_IN,30779.24,C643812886,13958.85,44738.09,C334926118,66919.14,36139.9,0,0
134,PAYMENT,5998.62,C129739025,14887.57,8888.95,M424466010,0.0,0.0,0,0
120,CASH_IN,105177.28,C796079697,25363.61,130540.89,C888742593,141015.34,35838.06,0,0
117,CASH_OUT,57956.85,C494870424,69163.12,11206.27,C642473371,80037.11,137993.96,0,0
608,TRANSFER,1395048.51,C724642896,1395048.51,0.0,C629825519,0.0,1395048.51,1,0
726,PAYMENT,2928.8,C907160959,11484.16,8555.36,M454978085,0.0,0.0,0,0
342,PAYMENT,7121.29,C516421222,20226.39,13105.1,M910885025,0.0,0.0,0,0
473,PAYMENT,3576.4,C229585817,3968.54,392.14,M937640520,0.0,0.0,0,0
175,CASH_OUT,20167.34,C663543255,36302.4,16135.06,C995124970,11913.02,32080.36,0,0
376,CASH_IN,66575.45,C139964050,10393.62,76969.07,C451305963,118745.72,52170.27,0,0
632,PAYMENT,3027.76,C248162538,30775.59,27747.83,M997011723,0.0,0.0,0,0
629,PAYMENT,2175.49,C442680676,11329.23,9153.74,M860735476,0.0,0.0,0,0
265,PAYMENT,207.15,C456997658,7043.96,6836.81,M595528909,0.0,0.0,0,0
1,PAYMENT,8846.17,C598200792,13951.63,5105.46,M644754591,0.0,0.0,0,0
429,CASH_OUT,10248.89,C276014106,20924.86,10675.97,C784854267,8290.71,18539.6,0,0
37,PAYMENT,1027.73,C854434361,2976.59,1948.86,M848916955,0.0,0.0,0,0
268,TRANSFER,228415.64,C947370020,228415.64,0.0,C632464683,0.0,0.0,1,1
210,PAYMENT,673.99,C704625961,11192.17,10518.18,M796999035,0.0,0.0,0,0
628,PAYMENT,2111.37,C963215106,18226.81,16115.44,M444503263,0.0,0.0,0,0
474,PAYMENT,6280.85,C374547901,13773.78,7492.93,M591400051,0.0,0.0,0,0
145,CASH_OUT,28258.11,C397228664,29333.73,1075.62,C251013379,195917.65,224175.76,0,0
664,CASH_OUT,21320.62,C727308674,60763.47,39442.85,C122271601,2215.72,23536.34,0,0
401,PAYMENT,57.9,C289209143,5029.22,4971.32,M707124745,0.0,0.0,0,0
588,DEBIT,7489.38,C350759412,11463.18,3973.8,C872845689,27960.15,35449.53,0,0
288,CASH_OUT,15215.16,C838119637,28930.79,13715.63,C525628353,21677.15,36892.31,0,0
737,CASH_OUT,21141.05,C791040312,32328.43,11187.38,C681280082,25861.23,47002.28,0,0
545,PAYMENT,1674.43,C511803077,5956.49,4282.06,M587968593,0.0,0.0,0,0
421,CASH_OUT,4159.51,C882427006,4653.86,494.35,C416452438,11574.49,15734.0,0,0
98,PAYMENT,2261.2,C243762733,5790.88,3529.68,M182354022,0.0,0.0,0,0
528,PAYMENT,11010.63,C917190020,13875.73,2865.1,M864335602,0.0,0.0,0,0
616,PAYMENT,15.65,C902889885,22481.27,22465.62,M800045583,0.0,0.0,0,0
728,CASH_IN,2361.02,C371005205,29364.3,31725.32,C245354987,102082.05,99721.03,0,0
595,CASH_IN,104603.86,C798446180,24259.37,128863.23,C377119660,110467.86,5864.0,0,0
50,PAYMENT,8438.04,C997135534,23985.13,15547.09,M190390443,0.0,0.0,0,0
436,TRANSFER,42131.89,C829181706,58516.41,16384.52,C419600393,98038.28,140170.17,0,0
561,PAYMENT,17106.72,C235643257,23766.52,6659.8,M884094533,0.0,0.0,0,0
149,PAYMENT,2721.9,C949230483,14468.56,11746.66,M433847816,0.0,0.0,0,0
457,PAYMENT,23063.66,C842060793,27672.92,4609.26,M518325489,0.0,0.0,0,0
505,CASH_OUT,70313.7,C685356414,78333.49,8019.79,C782109069,13719.79,84033.49,0,0
734,CASH_OUT,27318.6,C142891981,37306.68,9988.08,C173641543,18574.71,45893.31,0,0
132,CASH_IN,76158.26,C153912328,282007.22,358165.48,C766398386,134167.92,58009.66,0,0
669,PAYMENT,928.6,C829372805,16476.76,15548.16,M316509568,0.0,0.0,0,0
115,CASH_OUT,34383.58,C697440714,35836.92,1453.34,C867352613,31406.26,65789.84,0,0
312,PAYMENT,4342.87,C965635036,25311.18,20968.31,M772040039,0.0,0.0,0,0
497,CASH_OUT,33110.37,C210222636,38365.16,5254.79,C586288544,197750.98,230861.35,0,0
616,CASH_OUT,30820.91,C613152064,60618.55,29797.64,C542929352,27960.91,58781.82,0,0
526,CASH_OUT,73309.92,C448277293,76356.98,3047.06,C867197142,86428.46,159738.38,0,0
383,DEBIT,10273.13,C219059934,10323.57,50.44,C376855308,11396.79,21669.92,0,0
355,CASH_OUT,55176.89,C580327893,60580.87,5403.98,C911998000,23525.87,78702.76,0,0
574,CASH_OUT,3475.13,C594932691,19717.41,16242.28,C891549179,134818.02,138293.15,0,0
71,PAYMENT,1278.2,C506729248,13693.31,12415.11,M361077765,0.0,0.0,0,0
122,PAYMENT,3206.69,C621899927,7567.19,4360.5,M104290624,0.0,0.0,0,0
512,CASH_OUT,39063.31,C782022838,45326.26,6262.95,C975502926,27545.99,66609.3,0,0
437,PAYMENT,3317.24,C571854089,4434.01,1116.77,M503188167,0.0,0.0,0,0
725,TRANSFER,26581.99,C789434545,90063.54,63481.55,C471428725,50532.14,77114.13,0,0
57,PAYMENT,5317.94,C620844332,8738.98,3421.04,M576196727,0.0,0.0,0,0
583,DEBIT,93.61,C573884236,2651.9,2558.29,C796697909,4707.23,4800.84,0,0
423,CASH_IN,1578.35,C406531647,124931.54,126509.89,C344813941,10602.77,9024.42,0,0
696,CASH_OUT,55674.37,C419590628,55676.46,2.09,C998897734,58141.35,113815.72,0,0
99,CASH_OUT,106680.29,C177294160,140824.33,34144.04,C714940671,39723.63,146403.92,0,0
335,TRANSFER,37255.09,C275693382,52188.81,14933.72,C843032945,3777.92,41033.01,0,0
78,PAYMENT,1746.53,C859534007,11953.72,10207.19,M481196015,0.0,0.0,0,0
690,TRANSFER,42958.67,C430323965,49451.87,6493.2,C497522597,14864.19,57822.86,0,0
407,PAYMENT,7284.09,C366828142,19985.62,12701.53,M298857787,0.0,0.0,0,0
234,TRANSFER,68846.9,C945329035,74617.63,5770.73,C776809036,31661.22,100508.12,0,0
9,CASH_OUT,59563.95,C492039886,64334.45,4770.5,C270470935,76510.69,136074.64,0,0
373,CASH_IN,2089.87,C834805059,53196.56,55286.43,C209540297,6929.69,4839.82,0,0
7,DEBIT,1106.11,C780517819,7562.09,6455.98,C940107607,9410.6,10516.71,0,0
248,PAYMENT,2108.23,C323712156,16215.8,14107.57,M518017027,0.0,0.0,0,0
11,PAYMENT,12377.04,C123077470,13826.11,1449.07,M678842231,0.0,0.0,0,0
25,CASH_IN,28221.65,C312654587,23686.75,51908.4,C269148513,99811.73,71590.08,0,0
220,CASH_OUT,3131.36,C629230220,3488.83,357.47,C237259993,84187.66,87319.02,0,0
533,DEBIT,3649.99,C861637774,5899.92,2249.93,C997451135,10568.15,14218.14,0,0
240,DEBIT,4009.82,C189034727,7593.54,3583.72,C256873519,1048.28,5058.1,0,0
625,CASH_OUT,91326.06,C696451662,109475.33,18149.27,C800830355,111327.91,202653.97,0,0
65,CASH_OUT,138825.33,C655439898,149226.73,10401.4,C156661354,33644.46,172469.79,0,0
215,TRANSFER,9468.93,C130283087,13663.98,4195.05,C667679628,27114.34,36583.27,0,0
673,CASH_OUT,653034.6,C876833390,653034.6,0.0,C936713157,45984.34,699018.94,1,1
335,CASH_IN,141403.11,C193542606,15989.94,157393.05,C505374059,272442.73,131039.62,0,0
55,CASH_OUT,42205.51,C920455100,56123.41,13917.9,C189197406,37193.85,79399.36,0,0
336,PAYMENT,14633.29,C688457860,50740.65,36107.36,M967136941,0.0,0.0,0,0
169,CASH_OUT,307262.21,C257340472,307262.21,0.0,C857284916,22688.17,329950.38,1,0
651,TRANSFER,99938.44,C916015892,159852.12,59913.68,C656621285,156704.73,256643.17,0,0
345,CASH_OUT,30504.35,C865886051,35838.48,5334.13,C682570610,93333.35,123837.7,0,0
472,CASH_IN,5134.38,C481441671,23046.82,28181.2,C950895515,190820.31,185685.93,0,0
534,TRANSFER,1143.18,C894104972,1358.47,215.29,C721906008,3624.5,4767.68,0,0
13,CASH_OUT,7210.36,C180139077,10776.79,3566.43,C788187924,37334.11,44544.47,0,0
661,PAYMENT,2016.14,C355366764,22328.92,20312.78,M413506634,0.0,0.0,0,0
190,PAYMENT,5496.29,C401863723,11753.13,6256.84,M559353502,0.0,0.0,0,0
12,DEBIT,2828.97,C342712648,9288.77,6459.8,C521041143,15974.25,18803.22,0,0
616,TRANSFER,33200.24,C107627562,59453.8,26253.56,C480588858,25804.82,59005.06,0,0
324,CASH_OUT,32004.98,C454302069,46011.43,14006.45,C344911570,10416.45,42421.43,0,0
369,PAYMENT,481.5,C414573209,5878.16,5396.66,M675448665,0.0,0.0,0,0
308,CASH_OUT,156835.51,C478116135,188432.41,31596.9,C848299506,5663.11,162498.62,0,0
640,CASH_IN,14461.2,C342999151,92708.15,107169.35,C248693449,106086.31,91625.11,0,0
546,PAYMENT,1470.86,C795417042,15343.42,13872.56,M907496586,0.0,0.0,0,0
306,PAYMENT,9894.15,C400005584,33208.12,23313.97,M956574418,0.0,0.0,0,0
113,CASH_IN,54512.55,C799596664,24653.39,79165.94,C100452113,174733.1,120220.55,0,0
383,PAYMENT,1091.64,C378737754,1886.46,794.82,M860858705,0.0,0.0,0,0
46,PAYMENT,1076.59,C755389420,2202.27,1125.68,M391991047,0.0,0.0,0,0
363,CASH_IN,5705.81,C523796272,122270.98,127976.79,C240905065,7518.31,1812.5,0,0
715,TRANSFER,33283.83,C941880616,93096.35,59812.52,C923192268,52269.7,85553.53,0,0
516,CASH_IN,28642.27,C657939612,4293.89,32936.16,C587167102,86182.28,57540.01,0,0
529,PAYMENT,54.94,C808269083,1029.71,974.77,M703755308,0.0,0.0,0,0
60,CASH_IN,184392.47,C859023460,17474.73,201867.2,C715204204,184812.49,420.02,0,0
524,PAYMENT,2905.9,C462950659,6504.0,3598.1,M752691950,0.0,0.0,0,0
482,CASH_IN,62777.06,C211023347,6124.84,68901.9,C954507076,220345.4,157568.34,0,0
319,CASH_IN,6541.8,C892555240,27221.76,33763.56,C794816389,152100.13,145558.33,0,0
580,CASH_IN,69586.99,C867286641,72669.34,142256.33,C320868289,97786.45,28199.46,0,0
46,PAYMENT,190.51,C781406009,17706.38,17515.87,M799702496,0.0,0.0,0,0
194,TRANSFER,29364.45,C566903303,43126.74,13762.29,C758928886,138450.92,167815.37,0,0
614,TRANSFER,5156.44,C417767919,14033.14,8876.7,C826305007,2641.33,7797.77,0,0
481,TRANSFER,78418.65,C965260342,85409.27,6990.62,C296502027,2102.52,80521.17,0,0
105,PAYMENT,1164.4,C781938961,49393.15,48228.75,M768957900,0.0,0.0,0,0
234,PAYMENT,3445.8,C242698836,5596.23,2150.43,M370631504,0.0,0.0,0,0
590,PAYMENT,1696.44,C122474913,10880.32,9183.88,M846824273,0.0,0.0,0,0
84,CASH_OUT,54516.31,C346971476,57798.74,3282.43,C207547080,4361.07,58877.38,0,0
267,PAYMENT,9749.51,C693565728,23849.41,14099.9,M667379752,0.0,0.0,0,0
438,CASH_OUT,71564.99,C458209202,93246.9,21681.91,C562547662,23672.54,95237.53,0,0
465,CASH_OUT,14917.34,C435415083,23639.02,8721.68,C304493603,9623.56,24540.9,0,0
227,PAYMENT,3116.47,C393917062,5356.44,2239.97,M150502799,0.0,0.0,0,0
184,CASH_OUT,3124.49,C251119883,12477.33,9352.84,C150171045,3230.55,6355.04,0,0
54,CASH_OUT,24091.04,C658787441,64525.89,40434.85,C168985205,28677.44,52768.48,0,0
494,PAYMENT,2297.02,C155119136,10176.86,7879.84,M901285689,0.0,0.0,0,0
38,PAYMENT,566.18,C162506994,8830.06,8263.88,M805929597,0.0,0.0,0,0
16,CASH_OUT,82406.16,C115377877,101256.39,18850.23,C457824408,3416.78,85822.94,0,0
104,DEBIT,3779.6,C777055598,13301.99,9522.39,C278381227,13242.26,17021.86,0,0
442,PAYMENT,832.08,C172425472,1798.08,966.0,M572357221,0.0,0.0,0,0
621,CASH_IN,38678.05,C511464356,144126.79,182804.84,C731716209,115638.39,76960.34,0,0
368,CASH_OUT,33303.37,C889290784,40534.29,7230.92,C252485796,15076.2,48379.57,0,0
714,DEBIT,1791.17,C136725157,11609.9,9818.73,C737197136,5833.42,7624.59,0,0
556,PAYMENT,17985.05,C555019083,18035.16,50.11,M299448204,0.0,0.0,0,0
30,PAYMENT,3903.23,C403529493,26190.86,22287.63,M387527832,0.0,0.0,0,0
241,PAYMENT,2482.21,C586091830,3374.21,892.0,M186198654,0.0,0.0,0,0
705,TRANSFER,30189.22,C201702030,109109.01,78919.79,C464942681,16797.92,46987.14,0,0
278,PAYMENT,519.66,C736381325,62275.31,61755.65,M551057590,0.0,0.0,0,0
92,CASH_OUT,103773.86,C101327088,118039.56,14265.7,C418797929,10655.43,114429.29,0,0
79,DEBIT,3999.0,C665113686,5474.04,1475.04,C478698731,14817.55,18816.55,0,0
138,TRANSFER,18580.09,C268891893,47176.34,28596.25,C429877728,25240.31,43820.4,0,0
411,DEBIT,828.33,C325049940,7540.94,6712.61,C237474758,27038.62,27866.95,0,0
25,PAYMENT,7083.28,C356332432,36260.23,29176.95,M496445179,0.0,0.0,0,0
650,DEBIT,1255.35,C174540096,1401.07,145.72,C968970048,28674.27,29929.62,0,0
51,CASH_OUT,39894.89,C590693351,39921.58,26.69,C417013762,15653.59,55548.48,0,0
405,CASH_OUT,92210.26,C541253271,108901.14,16690.88,C918362925,5554.48,97764.74,0,0
606,PAYMENT,464.45,C983819645,4997.43,4532.98,M950824665,0.0,0.0,0,0
114,PAYMENT,4327.38,C700174313,34410.38,30083.0,M755811333,0.0,0.0,0,0
623,CASH_IN,57796.34,C122998278,31787.78,89584.12,C373598249,72149.26,14352.92,0,0
597,PAYMENT,5409.43,C290705124,20424.48,15015.05,M329078307,0.0,0.0,0,0
10,PAYMENT,657.99,C255051094,1895.53,1237.54,M173068281,0.0,0.0,0,0
191,PAYMENT,6155.8,C761373388,42914.21,36758.41,M934625315,0.0,0.0,0,0
637,TRANSFER,1986.73,C385241460,39033.31,37046.58,C733341399,38216.16,40202.89,0,0
479,PAYMENT,6877.29,C900641395,10814.67,3937.38,M247762440,0.0,0.0,0,0
421,PAYMENT,5821.09,C441130721,24799.21,18978.12,M996361454,0.0,0.0,0,0
140,TRANSFER,104085.78,C928462323,116428.06,12342.28,C113998045,17168.42,121254.2,0,0
34,CASH_OUT,78407.94,C106474056,81544.85,3136.91,C147692620,108220.24,186628.18,0,0
651,DEBIT,2112.83,C417795379,42102.17,39989.34,C321330498,8575.72,10688.55,0,0
82,CASH_OUT,4178.64,C169366901,66292.08,62113.44,C754401529,37413.69,41592.33,0,0
579,CASH_IN,5384.47,C642920324,34040.06,39424.53,C688634043,42026.02,36641.55,0,0
349,PAYMENT,4759.45,C369715530,30890.91,26131.46,M541252072,0.0,0.0,0,0
90,CASH_IN,94804.22,C298980373,41339.62,136143.84,C485822231,111516.95,16712.73,0,0
625,PAYMENT,3554.19,C389902808,10402.81,6848.62,M679116864,0.0,0.0,0,0
309,TRANSFER,52249.72,C334563945,84523.03,32273.31,C812966812,5165.09,57414.81,0,0
23,CASH_OUT,100932.19,C258020874,103153.48,2221.29,C899431496,17625.53,118557.72,0,0
611,DEBIT,1284.53,C740131400,1635.41,350.88,C922903330,19066.49,20351.02,0,0
109,PAYMENT,5488.19,C897525508,8568.28,3080.09,M746171608,0.0,0.0,0,0
71,CASH_OUT,50111.39,C991899725,61378.73,11267.34,C436864756,5396.56,55507.95,0,0
498,PAYMENT,2190.01,C268589848,8964.76,6774.75,M466248129,0.0,0.0,0,0
683,PAYMENT,1454.9,C748405064,3163.78,1708.88,M737181267,0.0,0.0,0,0
698,PAYMENT,5317.51,C767390723,18484.51,13167.0,M570934173,0.0,0.0,0,0
29,PAYMENT,7100.23,C180441432,18207.72,11107.49,M877283958,0.0,0.0,0,0
140,CASH_IN,96133.43,C763164031,28481.01,124614.44,C718962270,102081.97,5948.54,0,0
122,DEBIT,4762.07,C130314713,9396.67,4634.6,C557098292,20681.0,25443.07,0,0
437,PAYMENT,1534.37,C864883393,3080.49,1546.12,M948529932,0.0,0.0,0,0
352,TRANSFER,852928.32,C710610387,852928.32,0.0,C491411426,0.0,0.0,1,1
425,PAYMENT,469.84,C853576128,11960.9,11491.06,M812606096,0.0,0.0,0,0
175,PAYMENT,4299.06,C379289300,4345.65,46.59,M920205161,0.0,0.0,0,0
178,CASH_OUT,22847.12,C857532766,59852.02,37004.9,C758984252,153043.36,175890.48,0,0
107,CASH_IN,149088.6,C619009327,32123.16,181211.76,C349649996,169977.1,20888.5,0,0
65,TRANSFER,28835.16,C116430273,38168.99,9333.83,C649895466,45511.05,74346.21,0,0
719,PAYMENT,1670.35,C550689765,3666.22,1995.87,M933204437,0.0,0.0,0,0
613,PAYMENT,2287.78,C265406400,6438.51,4150.73,M879071060,0.0,0.0,0,0
6,PAYMENT,1626.59,C224702658,28977.05,27350.46,M441824922,0.0,0.0,0,0
369,CASH_IN,42059.09,C123819631,19429.15,61488.24,C932003645,44577.16,2518.07,0,0
522,PAYMENT,7620.74,C245448075,13790.23,6169.49,M650821828,0.0,0.0,0,0
33,PAYMENT,2034.92,C134257207,4502.62,2467.7,M701622043,0.0,0.0,0,0
167,TRANSFER,39346.13,C986710593,87353.57,48007.44,C561706056,2128.68,41474.81,0,0
306,CASH_IN,39991.7,C560700921,23384.35,63376.05,C273545900,64396.73,24405.03,0,0
72,TRANSFER,831367.7,C485899077,831367.7,0.0,C418669201,0.0,831367.7,1,0
58,PAYMENT,2730.64,C150536823,10822.37,8091.73,M212041658,0.0,0.0,0,0
167,CASH_IN,21612.1,C191365197,23782.82,45394.92,C290883278,181421.9,159809.8,0,0
600,CASH_OUT,22926.82,C756250372,52758.88,29832.06,C939789199,93733.28,116660.1,0,0
633,CASH_OUT,66653.32,C683248779,73123.7,6470.38,C331937817,82407.04,149060.36,0,0
622,CASH_OUT,131371.72,C346049167,141178.35,9806.63,C613692337,11635.72,143007.44,0,0
184,CASH_IN,15128.4,C889179025,39786.35,54914.75,C854669742,40173.31,25044.91,0,0
454,CASH_IN,12230.4,C893735141,159624.12,171854.52,C577832786,26407.53,14177.13,0,0
432,PAYMENT,9102.14,C277661083,15126.07,6023.93,M933528436,0.0,0.0,0,0
51,PAYMENT,4859.44,C292423023,39675.53,34816.09,M455641644,0.0,0.0,0,0
170,CASH_OUT,64316.39,C297141424,69600.33,5283.94,C789705844,75400.79,139717.18,0,0
405,CASH_OUT,12671.42,C435512981,56506.16,43834.74,C201734073,30874.28,43545.7,0,0
201,PAYMENT,4344.68,C366813276,16099.48,11754.8,M181208862,0.0,0.0,0,0
45,PAYMENT,2230.7,C907699286,2322.87,92.17,M373452172,0.0,0.0,0,0
688,CASH_OUT,47919.47,C321746561,51332.67,3413.2,C774484548,76737.12,124656.59,0,0
517,CASH_OUT,107760.07,C680620238,128395.04,20634.97,C589898049,36717.53,144477.6,0,0
713,PAYMENT,5406.83,C192404786,6241.24,834.41,M516126590,0.0,0.0,0,0
643,PAYMENT,475.71,C538386616,4792.69,4316.98,M127342850,0.0,0.0,0,0
493,CASH_OUT,32377.21,C918085495,66246.5,33869.29,C293167441,45518.28,77895.49,0,0
19,PAYMENT,4594.2,C196703883,7718.47,3124.27,M210579354,0.0,0.0,0,0
60,TRANSFER,14956.28,C884684117,17162.88,2206.6,C713354494,20788.89,35745.17,0,0
50,TRANSFER,2649.33,C205631613,17629.94,14980.61,C903968172,3084.47,5733.8,0,0
146,CASH_OUT,443.79,C507764363,15940.94,15497.15,C848255320,63149.91,63593.7,0,0
279,CASH_OUT,1948.28,C250602810,2482.29,534.01,C270631613,53748.51,55696.79,0,0
247,PAYMENT,894.31,C542204378,10484.22,9589.91,M798956417,0.0,0.0,0,0
537,TRANSFER,103576.23,C210089667,160859.46,57283.23,C499498408,22286.38,125862.61,0,0
306,PAYMENT,4690.5,C632523484,47316.16,42625.66,M341746407,0.0,0.0,0,0
539,PAYMENT,410.82,C966001737,4451.67,4040.85,M272421754,0.0,0.0,0,0
590,CASH_OUT,48648.46,C578105422,111294.05,62645.59,C522086194,798.16,49446.62,0,0
573,TRANSFER,3069.44,C355353958,45045.88,41976.44,C142395350,31790.09,34859.53,0,0
654,PAYMENT,716.86,C148918347,5682.79,4965.93,M215912184,0.0,0.0,0,0
42,PAYMENT,1155.13,C860831739,10787.39,9632.26,M164521906,0.0,0.0,0,0
162,PAYMENT,5724.25,C428178817,35210.33,29486.08,M717724436,0.0,0.0,0,0
172,CASH_OUT,6694.62,C670666681,46714.14,40019.52,C191793123,39281.0,45975.62,0,0
540,CASH_OUT,40468.39,C466531735,43241.7,2773.31,C770350207,45075.94,85544.33,0,0
371,TRANSFER,154461.01,C252764010,253044.01,98583.0,C499567606,27469.57,181930.58,0,0
5,PAYMENT,6473.61,C195183769,16582.88,10109.27,M164895058,0.0,0.0,0,0
299,CASH_OUT,76131.88,C190588227,89272.4,13140.52,C904935275,103910.37,180042.25,0,0
189,CASH_IN,8669.25,C548010556,63391.1,72060.35,C606432218,186085.15,177415.9,0,0
360,TRANSFER,889.15,C471236363,7982.32,7093.17,C692506339,1914.75,2803.9,0,0
660,TRANSFER,16564.75,C422133764,44996.1,28431.35,C576524355,12531.1,29095.85,0,0
265,CASH_IN,3139.58,C873072285,195619.6,198759.18,C469680785,15895.97,12756.39,0,0
485,CASH_OUT,17290.09,C361950967,22592.85,5302.76,C982472154,38324.58,55614.67,0,0
691,PAYMENT,11596.95,C303722428,14008.09,2411.14,M336209909,0.0,0.0,0,0
228,PAYMENT,3370.97,C569485496,9562.68,6191.71,M501754282,0.0,0.0,0,0
611,CASH_IN,10601.97,C513519519,84297.91,94899.88,C241182699,25639.54,15037.57,0,0
486,PAYMENT,686.56,C679886595,5557.99,4871.43,M694540387,0.0,0.0,0,0
94,CASH_OUT,69957.94,C924601607,73243.22,3285.28,C544297687,20472.33,90430.27,0,0
706,CASH_OUT,2482.96,C489722569,42617.95,40134.99,C803154815,7443.31,9926.27,0,0
592,CASH_OUT,13340.85,C842762533,21332.98,7992.13,C302833232,111352.43,124693.28,0,0
410,CASH_OUT,8468.68,C467021584,14153.51,5684.83,C315907326,162731.64,171200.32,0,0
216,PAYMENT,1831.11,C803618686,13192.03,11360.92,M504758333,0.0,0.0,0,0
107,CASH_OUT,201930.38,C966757051,223121.75,21191.37,C337385404,29525.9,231456.28,0,0
385,CASH_IN,33719.94,C910341339,67259.59,100979.53,C165201349,125568.16,91848.22,0,0
83,PAYMENT,1256.82,C925247254,1741.88,485.06,M544526090,0.0,0.0,0,0
309,CASH_IN,120532.77,C762380417,92390.06,212922.83,C137630228,139836.76,19303.99,0,0
79,PAYMENT,1973.48,C983561490,19903.65,17930.17,M571186909,0.0,0.0,0,0
631,CASH_IN,41553.49,C574153580,83783.73,125337.22,C994843879,63120.07,21566.58,0,0
52,PAYMENT,5241.98,C192519819,9027.95,3785.97,M609301053,0.0,0.0,0,0
295,PAYMENT,11256.31,C333684144,15219.62,3963.31,M111123843,0.0,0.0,0,0
80,CASH_IN,23774.5,C479340847,37617.78,61392.28,C285122454,129051.79,105277.29,0,0
368,PAYMENT,2386.13,C883768949,2814.65,428.52,M631407930,0.0,0.0,0,0
681,CASH_OUT,57558.35,C552314003,76186.95,18628.6,C791059829,17809.96,75368.31,0,0
268,CASH_OUT,58199.65,C544579751,65185.8,6986.15,C676744431,36934.04,95133.69,0,0
599,PAYMENT,7612.4,C977767814,12544.31,4931.91,M380716806,0.0,0.0,0,0
66,CASH_OUT,16135.91,C149638813,29482.37,13346.46,C838403020,4548.81,20684.72,0,0
399,PAYMENT,1959.05,C907385218,9844.36,7885.31,M182506582,0.0,0.0,0,0
386,PAYMENT,7333.84,C924063927,28006.57,20672.73,M472104740,0.0,0.0,0,0
57,PAYMENT,3810.22,C971604463,34366.37,30556.15,M317316308,0.0,0.0,0,0
630,PAYMENT,2431.97,C475611897,21682.04,19250.07,M626289978,0.0,0.0,0,0
603,CASH_OUT,27227.83,C836570914,66535.93,39308.1,C203611449,203503.28,230731.11,0,0
466,CASH_IN,84355.92,C346461819,10334.41,94690.33,C599168619,142742.87,58386.95,0,0
698,PAYMENT,3827.03,C741160680,19269.05,15442.02,M222134084,0.0,0.0,0,0
108,CASH_OUT,36808.28,C920209004,45613.08,8804.8,C253626252,13741.0,50549.28,0,0
314,CASH_OUT,19924.72,C694825234,34827.39,14902.67,C654280095,77026.01,96950.73,0,0
334,PAYMENT,2838.62,C323260636,10344.46,7505.84,M192172852,0.0,0.0,0,0
42,CASH_OUT,50327.03,C119007188,112362.24,62035.21,C386471255,3339.67,53666.7,0,0
146,TRANSFER,149213.76,C252337657,149213.76,0.0,C643535487,0.0,149213.76,1,0
150,CASH_IN,27635.62,C328219115,35117.12,62752.74,C312799326,119927.32,92291.7,0,0
521,CASH_OUT,503219.39,C590455009,503219.39,0.0,C825058605,34266.7,537486.09,1,0
646,CASH_OUT,12256.34,C276898804,25494.96,13238.62,C721570031,15612.07,27868.41,0,0
371,TRANSFER,79253.2,C331865421,80333.8,1080.6,C861820952,17083.51,96336.71,0,0
339,PAYMENT,2486.74,C911976632,8872.15,6385.41,M262153242,0.0,0.0,0,0
600,TRANSFER,46938.43,C407375219,46938.43,0.0,C938818071,0.0,0.0,1,0
399,CASH_OUT,7500.68,C207242623,10052.05,2551.37,C679452240,48157.56,55658.24,0,0
528,CASH_OUT,70277.66,C138176842,95853.72,25576.06,C108844905,6074.11,76351.77,0,0
678,CASH_OUT,41551.69,C865607483,53783.54,12231.85,C146703691,40908.33,82460.02,0,0
675,CASH_OUT,40812.48,C388178734,49780.21,8967.73,C529352497,36895.9,77708.38,0,0
66,CASH_OUT,14617.35,C319608538,18939.25,4321.9,C835890925,151581.63,166198.98,0,0
472,CASH_IN,103125.31,C386160627,15323.44,118448.75,C407041587,130535.93,27410.62,0,0
606,PAYMENT,679.82,C338343537,2430.0,1750.18,M558080033,0.0,0.0,0,0
463,PAYMENT,1848.23,C253745428,8567.42,6719.19,M191188610,0.0,0.0,0,0
440,TRANSFER,1026286.7,C223272921,1026286.7,0.0,C300319319,0.0,1026286.7,1,0
124,PAYMENT,24470.71,C980128974,24679.77,209.06,M527089656,0.0,0.0,0,0
218,TRANSFER,158985.04,C511178050,204652.31,45667.27,C538770756,65058.12,224043.16,0,0
102,PAYMENT,8281.47,C128388665,10735.92,2454.45,M358498501,0.0,0.0,0,0
284,PAYMENT,15727.54,C254067631,38903.46,23175.92,M102563808,0.0,0.0,0,0
711,CASH_OUT,36123.76,C916792082,38299.5,2175.74,C259964569,70347.47,106471.23,0,0
112,CASH_IN,11581.0,C915705865,38021.32,49602.32,C200668487,12920.63,1339.63,0,0
18,CASH_OUT,18339.56,C756184039,32746.49,14406.93,C792301213,30291.85,48631.41,0,0
443,CASH_OUT,37751.35,C474139439,40239.69,2488.34,C345880669,9859.35,47610.7,0,0
508,PAYMENT,1510.06,C856793748,16082.15,14572.09,M956540430,0.0,0.0,0,0
318,CASH_OUT,40655.8,C121390560,49702.7,9046.9,C186703136,1305.56,41961.36,0,0
452,TRANSFER,100864.57,C822125486,118590.45,17725.88,C247384942,82761.57,183626.14,0,0
677,CASH_IN,33262.31,C130825554,38074.57,71336.88,C704497702,42165.27,8902.96,0,0
26,CASH_OUT,85174.53,C673713697,119621.85,34447.32,C928352582,111068.07,196242.6,0,0
20,PAYMENT,5039.63,C330426181,11615.98,6576.35,M845386139,0.0,0.0,0,0
517,CASH_OUT,18313.8,C475314303,31273.15,12959.35,C518062665,1269.46,19583.26,0,0
721,PAYMENT,6477.04,C883745659,15559.69,9082.65,M366589198,0.0,0.0,0,0
615,TRANSFER,20887.4,C555122959,32065.11,11177.71,C651411015,34341.12,55228.52,0,0
49,CASH_OUT,91164.75,C658744938,97172.66,6007.91,C558835822,13658.34,104823.09,0,0
511,CASH_OUT,33930.2,C267722500,46668.78,12738.58,C539151680,6412.21,40342.41,0,0
554,CASH_IN,259445.95,C335326128,22182.47,281628.42,C391414720,450138.66,190692.71,0,0
470,CASH_IN,51452.16,C471465053,36463.09,87915.25,C261160652,81531.89,30079.73,0,0
493,CASH_OUT,29572.4,C601892692,84353.63,54781.23,C677988317,43056.67,72629.07,0,0
44,PAYMENT,2641.66,C159938558,5862.71,3221.05,M839798437,0.0,0.0,0,0
519,CASH_OUT,6478.29,C934261637,21189.36,14711.07,C471484954,43776.37,50254.66,0,0
140,PAYMENT,3161.83,C770465393,3866.58,704.75,M438942916,0.0,0.0,0,0
469,PAYMENT,2227.15,C626784390,69618.63,67391.48,M279804097,0.0,0.0,0,0
699,PAYMENT,16285.74,C899243076,20912.43,4626.69,M681836909,0.0,0.0,0,0
284,TRANSFER,4322.02,C811252870,76952.81,72630.79,C684300261,21261.9,25583.92,0,0
696,CASH_OUT,38140.73,C300785579,62709.2,24568.47,C820304181,84671.69,122812.42,0,0
543,PAYMENT,9537.01,C606892373,30533.07,20996.06,M682365321,0.0,0.0,0,0
429,PAYMENT,9505.57,C980954248,15198.44,5692.87,M206587123,0.0,0.0,0,0
530,PAYMENT,1321.37,C738130306,1683.19,361.82,M832362188,0.0,0.0,0,0
553,PAYMENT,2512.41,C853934972,3992.73,1480.32,M188395008,0.0,0.0,0,0
190,CASH_OUT,100457.32,C483944191,115231.11,14773.79,C961622929,104835.83,205293.15,0,0
338,CASH_OUT,76853.41,C530727104,90144.44,13291.03,C469833143,16347.41,93200.82,0,0
165,PAYMENT,987.76,C464960883,2721.39,1733.63,M383213973,0.0,0.0,0,0
24,CASH_OUT,17221.46,C262174244,27899.46,10678.0,C865071916,31963.79,49185.25,0,0
624,PAYMENT,72.22,C116388448,456.59,384.37,M462658736,0.0,0.0,0,0
283,TRANSFER,274364.84,C570934240,274364.84,0.0,C598909405,0.0,274364.84,1,0
218,PAYMENT,7935.86,C932000737,8069.43,133.57,M315723789,0.0,0.0,0,0
624,PAYMENT,1574.85,C675264586,12132.1,10557.25,M985391032,0.0,0.0,0,0
78,CASH_OUT,156006.93,C335037847,238196.61,82189.68,C642360631,40765.62,196772.55,0,0
473,CASH_OUT,134119.29,C108936259,150308.16,16188.87,C800203709,104659.33,238778.62,0,0
615,CASH_OUT,21581.38,C136855083,27446.49,5865.11,C373013813,9510.85,31092.23,0,0
125,PAYMENT,5393.97,C419867894,11666.78,6272.81,M814033174,0.0,0.0,0,0
237,TRANSFER,46557.09,C149423507,156190.14,109633.05,C598980372,56694.18,103251.27,0,0
655,PAYMENT,826.45,C127700136,6323.96,5497.51,M450416643,0.0,0.0,0,0
290,PAYMENT,15224.57,C408868114,32315.16,17090.59,M488124418,0.0,0.0,0,0
592,CASH_OUT,68449.43,C436420638,69307.05,857.62,C988309006,85338.0,153787.43,0,0
521,PAYMENT,344.88,C638000048,6107.59,5762.71,M813478192,0.0,0.0,0,0
136,PAYMENT,5767.99,C196860684,6564.78,796.79,M962887621,0.0,0.0,0,0
93,PAYMENT,466.37,C715302358,11526.64,11060.27,M177109596,0.0,0.0,0,0
636,PAYMENT,3682.76,C468869516,7530.97,3848.21,M344171471,0.0,0.0,0,0
609,CASH_OUT,7194.65,C678582120,16935.14,9740.49,C443784471,114556.91,121751.56,0,0
170,TRANSFER,40188.39,C548934209,41322.63,1134.24,C435423771,68538.97,108727.36,0,0
503,CASH_OUT,41290.46,C481140811,59274.84,17984.38,C930934025,18628.66,59919.12,0,0
625,PAYMENT,409.91,C373665363,16498.86,16088.95,M883029763,0.0,0.0,0,0
437,CASH_OUT,102843.58,C773496441,128203.13,25359.55,C645002493,976.31,103819.89,0,0
531,DEBIT,12643.9,C283619635,20172.23,7528.33,C471078348,12140.55,24784.45,0,0
731,TRANSFER,121385.98,C798996027,147612.62,26226.64,C313944489,18582.01,139967.99,0,0
411,PAYMENT,276.54,C128364628,18433.86,18157.32,M930757690,0.0,0.0,0,0
226,PAYMENT,10547.3,C789153623,11207.04,659.74,M638262589,0.0,0.0,0,0
466,PAYMENT,5184.82,C204330296,25622.35,20437.53,M336857048,0.0,0.0,0,0
610,PAYMENT,414.46,C518289356,19831.28,19416.82,M262723717,0.0,0.0,0,0
218,CASH_IN,97435.68,C602715637,67702.84,165138.52,C287087160,171814.57,74378.89,0,0
691,CASH_IN,24383.19,C641660417,7799.31,32182.5,C104953675,35486.51,11103.32,0,0
102,PAYMENT,1552.05,C543219006,18521.78,16969.73,M111713508,0.0,0.0,0,0
155,PAYMENT,11761.7,C209293490,26206.16,14444.46,M458637962,0.0,0.0,0,0
741,CASH_OUT,22281.06,C573703706,29961.0,7679.94,C363753048,73215.73,95496.79,0,0
309,PAYMENT,11899.08,C963624243,14963.88,3064.8,M168937728,0.0,0.0,0,0
127,TRANSFER,1890.4,C220407495,5962.48,4072.08,C706202136,59710.62,61601.02,0,0
165,PAYMENT,4542.08,C945230294,10711.1,6169.02,M163935558,0.0,0.0,0,0
15,PAYMENT,708.93,C933879458,37842.69,37133.76,M423045743,0.0,0.0,0,0
257,CASH_OUT,26954.69,C600079877,40939.77,13985.08,C564123990,47915.44,74870.13,0,0
444,CASH_OUT,83737.14,C356089689,90890.34,7153.2,C804665945,32006.43,115743.57,0,0
277,PAYMENT,1452.71,C178671804,4055.78,2603.07,M898004205,0.0,0.0,0,0
193,CASH_OUT,57181.2,C737531610,104381.2,47200.0,C167921168,14218.05,71399.25,0,0
729,PAYMENT,11556.34,C253164787,24693.83,13137.49,M783485145,0.0,0.0,0,0
519,CASH_IN,11751.67,C270757372,43889.96,55641.63,C192658683,112328.87,100577.2,0,0
705,PAYMENT,1416.09,C589168640,3263.34,1847.25,M354180901,0.0,0.0,0,0
459,PAYMENT,2619.87,C755129050,14941.4,12321.53,M695416579,0.0,0.0,0,0
274,CASH_OUT,27624.79,C509627387,76960.01,49335.22,C343875610,51522.08,79146.87,0,0
96,CASH_OUT,10976.95,C839571220,54101.46,43124.51,C163702275,20490.61,31467.56,0,0
155,PAYMENT,10978.34,C120423353,27433.06,16454.72,M465918032,0.0,0.0,0,0
2,CASH_IN,37411.62,C835913757,38314.38,75726.0,C750980070,344285.66,306874.04,0,0
539,CASH_OUT,50456.67,C444595376,97539.84,47083.17,C987716938,47889.96,98346.63,0,0
256,PAYMENT,921.95,C663444658,16042.13,15120.18,M901166932,0.0,0.0,0,0
45,CASH_IN,853.0,C240083006,36240.79,37093.79,C871666799,30881.71,30028.71,0,0
339,CASH_OUT,24344.97,C545739995,54277.57,29932.6,C560987815,22600.84,46945.81,0,0
191,PAYMENT,3989.14,C377036009,7126.45,3137.31,M612832961,0.0,0.0,0,0
240,CASH_OUT,122720.42,C234257615,169069.84,46349.42,C972629321,29255.73,151976.15,0,0
91,DEBIT,2529.4,C237454320,9829.48,7300.08,C872932299,4222.08,6751.48,0,0
110,CASH_IN,31734.69,C796847929,106704.58,138439.27,C967175895,67487.94,35753.25,0,0
622,CASH_OUT,36754.08,C444648219,46190.74,9436.66,C561337561,76307.41,113061.49,0,0
126,PAYMENT,4419.23,C254798591,6021.35,1602.12,M444467585,0.0,0.0,0,0
560,CASH_IN,60081.59,C513752989,5293.89,65375.48,C759918832,178705.63,118624.04,0,0
120,CASH_OUT,6377.7,C289845892,14920.43,8542.73,C681579038,1617.79,7995.49,0,0
390,PAYMENT,1878.76,C698907300,10739.81,8861.05,M441735509,0.0,0.0,0,0
192,TRANSFER,213008.65,C944556189,213008.65,0.0,C317079961,0.0,0.0,1,0
428,PAYMENT,6849.14,C288123855,18240.67,11391.53,M296802873,0.0,0.0,0,0
665,PAYMENT,627.35,C547401342,6243.48,5616.13,M386245491,0.0,0.0,0,0
17,PAYMENT,1532.18,C887423348,11889.44,10357.26,M672945366,0.0,0.0,0,0
692,CASH_OUT,100645.67,C416419048,146757.97,46112.3,C816824433,3200.81,103846.48,0,0
567,PAYMENT,14519.32,C714887727,57802.8,43283.48,M347779322,0.0,0.0,0,0
180,CASH_IN,91732.0,C795081636,15933.64,107665.64,C972165587,106688.18,14956.18,0,0
480,CASH_OUT,63156.72,C375775559,67285.74,4129.02,C489276784,3906.68,67063.4,0,0
215,CASH_IN,12804.44,C622366858,24398.8,37203.24,C627164527,23271.05,10466.61,0,0
370,PAYMENT,899.54,C404715717,16051.43,15151.89,M235996237,0.0,0.0,0,0
657,CASH_OUT,96444.94,C277979501,234790.18,138345.24,C577661907,15319.15,111764.09,0,0
368,CASH_OUT,1185.05,C364176377,41259.93,40074.88,C786846216,1165.54,2350.59,0,0
408,PAYMENT,1109.16,C880483148,14793.89,13684.73,M160275879,0.0,0.0,0,0
414,CASH_OUT,25088.24,C182006717,51238.64,26150.4,C897173832,9280.92,34369.16,0,0
611,PAYMENT,143.29,C754171605,9068.67,8925.38,M209754825,0.0,0.0,0,0
741,PAYMENT,814.04,C390160021,857.87,43.83,M132903197,0.0,0.0,0,0
683,PAYMENT,6203.25,C974155730,30148.62,23945.37,M839658123,0.0,0.0,0,0
335,PAYMENT,733.96,C861962807,25229.69,24495.73,M447407412,0.0,0.0,0,0
353,CASH_OUT,5440.58,C573146771,12126.21,6685.63,C876083138,8222.83,13663.41,0,0
93,CASH_OUT,6172.65,C667237733,23709.15,17536.5,C879872353,122771.92,128944.57,0,0
309,PAYMENT,3457.09,C436257077,17953.43,14496.34,M463953816,0.0,0.0,0,0
116,CASH_OUT,11932.56,C310491464,72886.12,60953.56,C710990235,21092.6,33025.16,0,0
218,CASH_IN,50079.73,C157745403,54313.03,104392.76,C475451528,50458.05,378.32,0,0
572,PAYMENT,1239.17,C383533039,10093.76,8854.59,M717646493,0.0,0.0,0,0
161,PAYMENT,18123.03,C649086440,21725.94,3602.91,M808016618,0.0,0.0,0,0
13,CASH_OUT,60714.62,C971947822,61572.89,858.27,C724472214,94951.57,155666.19,0,0
441,PAYMENT,5961.36,C274021233,14500.61,8539.25,M346759891,0.0,0.0,0,0
660,CASH_OUT,13155.59,C977571173,13274.29,118.7,C211447115,36540.15,49695.74,0,0
166,PAYMENT,1766.26,C296780035,8481.94,6715.68,M125089486,0.0,0.0,0,0
378,CASH_OUT,94611.09,C313265618,96111.28,1500.19,C197124511,54847.39,149458.48,0,0
162,CASH_OUT,21122.35,C863834184,62186.1,41063.75,C796529955,28146.05,49268.4,0,0
725,CASH_OUT,39676.45,C913081135,48203.45,8527.0,C398804764,72545.1,112221.55,0,0
665,PAYMENT,5540.65,C373886621,7804.93,2264.28,M148589312,0.0,0.0,0,0
642,CASH_OUT,5567.25,C354537933,40046.79,34479.54,C333029316,10314.23,15881.48,0,0
520,TRANSFER,69847.55,C999351486,145686.87,75839.32,C541460696,1224.8,71072.35,0,0
402,CASH_OUT,48431.18,C300954927,60494.78,12063.6,C664147903,40911.85,89343.03,0,0
235,CASH_OUT,63249.8,C182970878,77788.25,14538.45,C687071849,306.73,63556.53,0,0
500,PAYMENT,3579.3,C138721231,19310.75,15731.45,M733026802,0.0,0.0,0,0
562,CASH_OUT,7954.17,C490519430,52345.46,44391.29,C188001141,23878.67,31832.84,0,0
730,PAYMENT,5144.54,C621219697,9744.19,4599.65,M524263542,0.0,0.0,0,0
205,PAYMENT,10704.36,C714947456,15848.52,5144.16,M763400181,0.0,0.0,0,0
468,CASH_OUT,205172.47,C205263131,299398.23,94225.76,C163053238,64220.65,269393.12,0,0
14,DEBIT,1750.95,C572855936,27444.95,25694.0,C690494920,21984.33,23735.28,0,0
668,CASH_OUT,28247.13,C884048411,46364.02,18116.89,C694368570,91450.0,119697.13,0,0
209,PAYMENT,3276.62,C464817970,24418.49,21141.87,M623297055,0.0,0.0,0,0
522,PAYMENT,6037.03,C245235387,18544.03,12507.0,M340667204,0.0,0.0,0,0
199,CASH_OUT,26652.13,C385712173,35389.19,8737.06,C923456430,59609.8,86261.93,0,0
353,CASH_OUT,12179.34,C953202829,29909.61,17730.27,C208932308,86052.61,98231.95,0,0
388,PAYMENT,3328.32,C201044228,4078.01,749.69,M641411562,0.0,0.0,0,0
281,DEBIT,14390.39,C737770795,16455.91,2065.52,C789885870,4604.88,18995.27,0,0
169,PAYMENT,6793.82,C870655528,8230.78,1436.96,M791748784,0.0,0.0,0,0
452,CASH_IN,204750.06,C704952106,26963.85,231713.91,C946097625,207611.32,2861.26,0,0
373,CASH_IN,96580.1,C817417635,38657.35,135237.45,C778885932,122772.16,26192.06,0,0
736,PAYMENT,15195.3,C547405347,27203.94,12008.64,M432771169,0.0,0.0,0,0
189,CASH_OUT,9097.31,C876689126,12212.88,3115.57,C161140948,31185.64,40282.95,0,0
422,PAYMENT,9605.38,C664868094,9900.63,295.25,M714407970,0.0,0.0,0,0
578,CASH_OUT,113217.71,C656844231,136721.56,23503.85,C908353102,11989.97,125207.68,0,0
152,PAYMENT,6008.91,C903352834,13936.1,7927.19,M749252669,0.0,0.0,0,0
225,CASH_IN,50506.5,C549705219,17812.17,68318.67,C159948418,61423.91,10917.41,0,0
506,CASH_OUT,135718.49,C242206566,136123.04,404.55,C316409196,106364.7,242083.19,0,0
532,PAYMENT,7262.09,C896532426,29658.7,22396.61,M741623885,0.0,0.0,0,0
142,CASH_IN,732.18,C813473717,48122.45,48854.63,C582373325,4642.56,3910.38,0,0
685,CASH_OUT,24197.86,C861942979,27492.67,3294.81,C294171182,7920.63,32118.49,0,0
128,CASH_OUT,22814.27,C964371028,31874.53,9060.26,C309824440,41163.73,63978.0,0,0
464,PAYMENT,11032.47,C851605633,20414.96,9382.49,M152005468,0.0,0.0,0,0
204,PAYMENT,3883.98,C236003576,10006.75,6122.77,M518925845,0.0,0.0,0,0
329,CASH_OUT,32708.7,C231586280,45135.32,12426.62,C915601315,94378.71,127087.41,0,0
689,PAYMENT,5147.35,C752499258,17249.96,12102.61,M366564492,0.0,0.0,0,0
412,CASH_IN,1428.69,C653712263,69248.83,70677.52,C363639774,230068.54,228639.85,0,0
721,CASH_OUT,6875.07,C980993766,7555.16,680.09,C552137439,15228.66,22103.73,0,0
144,TRANSFER,20206.93,C223973537,100191.51,79984.58,C835047783,29529.15,49736.08,0,0
483,TRANSFER,51341.15,C769590750,89747.46,38406.31,C960309228,32940.69,84281.84,0,0
408,PAYMENT,4234.23,C218594784,7117.83,2883.6,M795198275,0.0,0.0,0,0
340,PAYMENT,2348.23,C205746838,22523.43,20175.2,M401547972,0.0,0.0,0,0
691,PAYMENT,6062.44,C208496650,41107.11,35044.67,M369303051,0.0,0.0,0,0
134,CASH_OUT,185788.01,C539956069,241331.18,55543.17,C196414344,22323.64,208111.65,0,0
718,PAYMENT,380.54,C675531877,2254.46,1873.92,M636481308,0.0,0.0,0,0
656,PAYMENT,15356.08,C301498973,36804.04,21447.96,M238688834,0.0,0.0,0,0
571,CASH_OUT,87443.47,C271487995,101096.46,13652.99,C740763098,17025.31,104468.78,0,0
2,CASH_OUT,123827.65,C488279044,159891.04,36063.39,C231176794,8050.03,131877.68,0,0
344,CASH_IN,578.82,C460958814,21883.53,22462.35,C130429701,82056.79,81477.97,0,0
159,CASH_IN,24990.86,C572050945,16147.02,41137.88,C389436020,36901.57,11910.71,0,0
11,PAYMENT,3589.08,C866389411,15800.58,12211.5,M667824608,0.0,0.0,0,0
60,CASH_OUT,80347.08,C834759838,120698.97,40351.89,C837508643,68553.18,148900.26,0,0
148,CASH_OUT,86024.82,C611785616,89948.34,3923.52,C213432393,48110.23,134135.05,0,0
573,PAYMENT,5382.12,C902908092,21530.93,16148.81,M263389995,0.0,0.0,0,0
660,CASH_OUT,82924.82,C900344242,93200.17,10275.35,C594126336,34486.97,117411.79,0,0
8,CASH_OUT,13759.25,C102267064,43847.72,30088.47,C612912083,55388.15,69147.4,0,0
328,CASH_OUT,6366.22,C808553564,12955.52,6589.3,C466176439,28156.66,34522.88,0,0
675,CASH_OUT,84689.8,C537561775,84689.8,0.0,C799273764,9161.5,93851.3,1,0
684,PAYMENT,11268.31,C169986426,40262.53,28994.22,M959372832,0.0,0.0,0,0
330,PAYMENT,3833.97,C166018436,4373.2,539.23,M540671846,0.0,0.0,0,0
610,CASH_OUT,35498.59,C733507152,58808.26,23309.67,C851912073,154585.28,190083.87,0,0
563,DEBIT,1940.32,C406297406,12589.58,10649.26,C574283087,5910.34,7850.66,0,0
84,CASH_OUT,537762.44,C925057991,537762.44,0.0,C237434768,20778.36,558540.8,1,1
30,DEBIT,494.69,C604129902,7667.08,7172.39,C295530553,5241.3,5735.99,0,0
687,TRANSFER,95067.73,C644413724,121854.88,26787.15,C472660402,40212.19,135279.92,0,0
300,CASH_OUT,50782.53,C670793543,59419.32,8636.79,C210639885,47295.43,98077.96,0,0
637,CASH_OUT,5810.66,C399794067,8339.14,2528.48,C712927203,14862.42,20673.08,0,0
516,CASH_OUT,1121504.16,C135061154,1121504.16,0.0,C366838099,19399.49,1140903.65,1,0
125,CASH_OUT,41568.56,C785597759,50917.05,9348.49,C304112077,59672.85,101241.41,0,0
454,PAYMENT,6259.42,C433426425,6295.26,35.84,M136868929,0.0,0.0,0,0
25,PAYMENT,1008.02,C434828531,30728.23,29720.21,M440013504,0.0,0.0,0,0
614,TRANSFER,55516.71,C399662817,200466.04,144949.33,C660867422,4281.32,59798.03,0,0
296,PAYMENT,6258.32,C846807533,18703.85,12445.53,M823099243,0.0,0.0,0,0
691,CASH_OUT,123667.88,C264776178,126287.51,2619.63,C898125709,40109.01,163776.89,0,0
623,CASH_OUT,30700.34,C208383012,32096.62,1396.28,C142092951,138723.16,169423.5,0,0
609,PAYMENT,2293.8,C233034032,40413.76,38119.96,M918356881,0.0,0.0,0,0
344,CASH_OUT,49657.18,C259232569,154286.15,104628.97,C211350874,221533.66,271190.84,0,0
510,DEBIT,457.85,C192020898,4526.26,4068.41,C974025263,11561.82,12019.67,0,0
39,CASH_IN,31702.61,C178578136,32614.73,64317.34,C575686020,165837.57,134134.96,0,0
88,CASH_OUT,17455.06,C936486284,20977.79,3522.73,C712988444,75760.52,93215.58,0,0
44,PAYMENT,10698.08,C755799176,20071.88,9373.8,M344050779,0.0,0.0,0,0
10,TRANSFER,2174.46,C546409297,60827.75,58653.29,C521289215,1534.04,3708.5,0,0
711,CASH_OUT,28551.11,C574364382,38085.12,9534.01,C910829076,183056.58,211607.69,0,0
507,CASH_IN,10656.35,C118611435,28951.06,39607.41,C714283355,60336.56,49680.21,0,0
458,CASH_OUT,24494.44,C626064910,67676.47,43182.03,C353315535,76917.31,101411.75,0,0
370,TRANSFER,44677.8,C241618688,48743.06,4065.26,C858804234,28391.52,73069.32,0,0
177,CASH_IN,104313.51,C114046464,84372.07,188685.58,C587918440,127735.37,23421.86,0,0
383,CASH_OUT,78784.34,C821868664,91875.68,13091.34,C201455574,14572.76,93357.1,0,0
476,CASH_OUT,23146.22,C770161793,58226.7,35080.48,C956325709,6799.15,29945.37,0,0
360,CASH_OUT,38870.81,C900106690,43273.39,4402.58,C336117260,22535.08,61405.89,0,0
485,PAYMENT,6284.24,C572646468,9315.61,3031.37,M906982136,0.0,0.0,0,0
410,CASH_OUT,5430.93,C856661731,23814.96,18384.03,C862847339,14391.58,19822.51,0,0
287,CASH_IN,43348.74,C508222002,16473.16,59821.9,C482556721,73629.82,30281.08,0,0
541,PAYMENT,990.91,C556303640,21478.85,20487.94,M103070038,0.0,0.0,0,0
441,PAYMENT,6451.97,C734236574,9170.43,2718.46,M733658579,0.0,0.0,0,0
567,PAYMENT,4732.87,C223881360,11994.07,7261.2,M767848791,0.0,0.0,0,0
494,PAYMENT,376.88,C753879474,36691.78,36314.9,M560056074,0.0,0.0,0,0
544,PAYMENT,391.23,C676118175,18092.88,17701.65,M834890438,0.0,0.0,0,0
181,PAYMENT,7649.02,C845617761,9643.0,1993.98,M833299041,0.0,0.0,0,0
601,CASH_OUT,119432.07,C480186456,134768.31,15336.24,C614225739,78021.09,197453.16,0,0
311,PAYMENT,2570.72,C973185921,17848.3,15277.58,M538370909,0.0,0.0,0,0
224,PAYMENT,2361.36,C517099330,2415.31,53.95,M152800258,0.0,0.0,0,0
144,PAYMENT,710.07,C845199336,26966.86,26256.79,M912898653,0.0,0.0,0,0
274,CASH_OUT,93119.0,C368377320,94130.51,1011.51,C375481713,27339.75,120458.75,0,0
574,CASH_IN,6751.96,C855736245,6220.2,12972.16,C273892506,125185.75,118433.79,0,0
635,PAYMENT,11285.55,C472959613,26874.72,15589.17,M353880279,0.0,0.0,0,0
723,CASH_OUT,65205.69,C811724652,97272.01,32066.32,C821547033,116155.13,181360.82,0,0
56,CASH_IN,20726.27,C825639144,126126.63,146852.9,C991613642,52247.03,31520.76,0,0
260,CASH_IN,12745.74,C410559961,7916.18,20661.92,C995276689,44435.8,31690.06,0,0
479,PAYMENT,2145.7,C187267761,5071.66,2925.96,M892894081,0.0,0.0,0,0
724,CASH_OUT,1480.58,C106945130,14275.71,12795.13,C504162000,91642.43,93123.01,0,0
667,CASH_OUT,35731.23,C561270649,36333.02,601.79,C882487157,35170.43,70901.66,0,0
596,PAYMENT,6011.61,C371719925,22177.77,16166.16,M318324629,0.0,0.0,0,0
91,TRANSFER,56776.21,C470196518,88464.92,31688.71,C574536835,21220.03,77996.24,0,0
547,PAYMENT,7833.67,C252946086,11610.04,3776.37,M961501833,0.0,0.0,0,0
455,CASH_OUT,101163.01,C898311112,109251.75,8088.74,C133905344,3536.95,104699.96,0,0
537,PAYMENT,537.49,C692173360,1990.55,1453.06,M487408883,0.0,0.0,0,0
661,CASH_OUT,269401.96,C341587692,271581.52,2179.56,C874773011,6832.91,276234.87,0,0
614,PAYMENT,3652.29,C715095163,6141.64,2489.35,M682943906,0.0,0.0,0,0
40,PAYMENT,373.04,C396912032,16035.99,15662.95,M203312062,0.0,0.0,0,0
318,DEBIT,299.65,C160501662,4210.79,3911.14,C396064199,30512.0,30811.65,0,0
110,PAYMENT,1420.67,C671942215,14470.48,13049.81,M817432052,0.0,0.0,0,0
3,DEBIT,1934.27,C805913839,12412.3,10478.03,C162498049,14658.15,16592.42,0,0
423,DEBIT,205.02,C634786214,525.36,320.34,C464724492,16601.85,16806.87,0,0
474,PAYMENT,6257.77,C920061627,22168.93,15911.16,M315340827,0.0,0.0,0,0
383,CASH_OUT,57427.35,C683861674,59708.65,2281.3,C169599104,20231.01,77658.36,0,0
235,TRANSFER,28111.57,C375586525,31098.34,2986.77,C752914808,40369.64,68481.21,0,0
140,CASH_OUT,13570.49,C171716605,22351.02,8780.53,C366039958,11859.4,25429.89,0,0
443,CASH_OUT,34992.52,C724266745,39125.2,4132.68,C606542483,46161.07,81153.59,0,0
653,PAYMENT,4544.13,C155943165,33083.22,28539.09,M229552706,0.0,0.0,0,0
141,CASH_OUT,10485.77,C213598648,18993.43,8507.66,C381749145,142269.29,152755.06,0,0
407,TRANSFER,28157.25,C207279717,107428.32,79271.07,C187866233,7003.97,35161.22,0,0
291,CASH_OUT,65846.47,C958108445,92584.9,26738.43,C761306107,9834.71,75681.18,0,0
678,CASH_OUT,36068.0,C467280027,39650.25,3582.25,C521317180,24905.89,60973.89,0,0
118,PAYMENT,6029.19,C275098225,23638.11,17608.92,M463612368,0.0,0.0,0,0
227,CASH_IN,62724.46,C206351784,56512.57,119237.03,C970141785,68484.27,5759.81,0,0
524,PAYMENT,1273.05,C826085892,3053.93,1780.88,M301831785,0.0,0.0,0,0
140,CASH_OUT,14559.93,C633209981,19392.17,4832.24,C650570742,67354.62,81914.55,0,0
387,CASH_OUT,31137.91,C276059024,93414.58,62276.67,C337526672,12228.23,43366.14,0,0
263,CASH_OUT,22881.54,C853722190,36021.56,13140.02,C812124792,33555.87,56437.41,0,0
369,CASH_OUT,21168.92,C295768845,23006.17,1837.25,C210084444,26101.41,47270.33,0,0
719,PAYMENT,2746.67,C824286580,29089.71,26343.04,M157095386,0.0,0.0,0,0
167,CASH_IN,728.89,C215657647,60914.89,61643.78,C364479553,28153.65,27424.76,0,0
249,TRANSFER,95654.04,C843000473,109270.81,13616.77,C946949766,8794.29,104448.33,0,0
344,CASH_IN,23734.13,C309076707,9205.18,32939.31,C968949636,70994.53,47260.4,0,0
98,TRANSFER,1914.41,C455862986,12977.75,11063.34,C676814920,34127.63,36042.04,0,0
553,CASH_IN,10634.99,C433561529,29134.18,39769.17,C646146519,45400.84,34765.85,0,0
231,DEBIT,380.58,C399537808,5600.46,5219.88,C651181014,19091.78,19472.36,0,0
52,CASH_OUT,60708.14,C426032976,165367.34,104659.2,C730722258,43041.93,103750.07,0,0
732,PAYMENT,5902.08,C508504677,10653.82,4751.74,M645352955,0.0,0.0,0,0
218,PAYMENT,4345.04,C768520298,13567.6,9222.56,M125528687,0.0,0.0,0,0
356,CASH_OUT,217614.53,C982278454,226278.87,8664.34,C344710319,11072.86,228687.39,0,0
300,CASH_OUT,72723.69,C825577613,88270.14,15546.45,C101274764,105003.09,177726.78,0,0
521,CASH_OUT,59489.16,C744303173,119802.77,60313.61,C270493099,4433.81,63922.97,0,0
181,PAYMENT,3627.76,C859311436,12359.16,8731.4,M519789173,0.0,0.0,0,0
528,PAYMENT,7270.67,C986594900,7494.69,224.02,M241347521,0.0,0.0,0,0
578,CASH_OUT,583.22,C151146554,41598.6,41015.38,C129748639,30658.3,31241.52,0,0
653,PAYMENT,8179.41,C548954549,14958.36,6778.95,M439613697,0.0,0.0,0,0
300,DEBIT,1208.99,C976661074,5398.21,4189.22,C564498990,22120.13,23329.12,0,0
227,TRANSFER,57053.7,C382892286,85724.57,28670.87,C902823482,37670.79,94724.49,0,0
119,CASH_OUT,5163.07,C881463910,24322.9,19159.83,C639119446,164419.31,169582.38,0,0
46,PAYMENT,1603.31,C781896010,26775.27,25171.96,M902429333,0.0,0.0,0,0
495,TRANSFER,1101.02,C523141435,5506.99,4405.97,C900737577,11650.45,12751.47,0,0
608,PAYMENT,9254.76,C316199302,18228.78,8974.02,M611607845,0.0,0.0,0,0
710,PAYMENT,6705.87,C492823706,12502.13,5796.26,M654405191,0.0,0.0,0,0
28,PAYMENT,3690.78,C144609049,18867.57,15176.79,M787351379,0.0,0.0,0,0
659,CASH_IN,5122.45,C696120493,4193.17,9315.62,C205180270,15334.73,10212.28,0,0
298,PAYMENT,17213.51,C841669471,35215.37,18001.86,M132136230,0.0,0.0,0,0
400,PAYMENT,729.81,C848035421,11574.78,10844.97,M245520900,0.0,0.0,0,0
271,CASH_OUT,8448.05,C535272033,12027.19,3579.14,C485852974,35069.61,43517.66,0,0
580,CASH_IN,50392.51,C146739706,64813.81,115206.32,C403974802,54042.05,3649.54,0,0
412,DEBIT,4654.17,C591780765,19978.43,15324.26,C752180550,19913.14,24567.31,0,0
553,PAYMENT,2811.79,C225651588,4114.16,1302.37,M954441356,0.0,0.0,0,0
324,CASH_OUT,154801.95,C508442010,158816.07,4014.12,C944587461,20675.78,175477.73,0,0
136,PAYMENT,5954.65,C140750734,8905.11,2950.46,M839592186,0.0,0.0,0,0
207,CASH_OUT,13809.34,C634364049,41099.12,27289.78,C250633587,7765.56,21574.9,0,0
380,CASH_OUT,20328.04,C723739394,28594.01,8265.97,C689660366,8756.14,29084.18,0,0
263,CASH_OUT,127023.96,C820624663,127023.96,0.0,C634013758,13250.83,140274.79,1,0
70,PAYMENT,324.49,C234591166,1994.28,1669.79,M346038177,0.0,0.0,0,0
412,PAYMENT,5764.98,C233236770,8045.51,2280.53,M981341681,0.0,0.0,0,0
18,TRANSFER,25735.34,C745705232,84164.63,58429.29,C653234556,78630.64,104365.98,0,0
129,PAYMENT,5841.58,C884950200,11578.27,5736.69,M752606586,0.0,0.0,0,0
451,CASH_OUT,32351.4,C249695804,51751.25,19399.85,C688463781,317.44,32668.84,0,0
172,PAYMENT,2467.32,C898226259,24835.49,22368.17,M522835867,0.0,0.0,0,0
32,CASH_IN,60191.56,C296482768,4722.6,64914.16,C279752826,72063.12,11871.56,0,0
595,CASH_OUT,24608.55,C399810539,26388.55,1780.0,C767056295,54401.81,79010.36,0,0
161,CASH_OUT,16799.54,C901898681,24447.76,7648.22,C551960974,14842.65,31642.19,0,0
524,CASH_OUT,7877.36,C687479993,10056.25,2178.89,C741044162,38315.42,46192.78,0,0
452,PAYMENT,1362.51,C533273127,17443.34,16080.83,M681498603,0.0,0.0,0,0
331,PAYMENT,5709.65,C484373424,6308.57,598.92,M955430785,0.0,0.0,0,0
465,CASH_OUT,100265.06,C735429978,107639.73,7374.67,C598875298,75049.78,175314.84,0,0
33,CASH_OUT,46145.87,C188825877,53681.23,7535.36,C189923890,40638.07,86783.94,0,0
564,CASH_IN,98027.28,C982983178,537.91,98565.19,C455277973,106622.2,8594.92,0,0
384,CASH_IN,28706.88,C529400884,9847.09,38553.97,C184417398,76160.71,47453.83,0,0
519,CASH_OUT,52920.94,C725818718,53184.05,263.11,C795083926,20899.81,73820.75,0,0
638,PAYMENT,1110.39,C372382162,1473.22,362.83,M639224012,0.0,0.0,0,0
500,DEBIT,3777.1,C218489101,9986.61,6209.51,C610450917,7252.62,11029.72,0,0
495,PAYMENT,490.0,C370349350,3497.69,3007.69,M418523369,0.0,0.0,0,0
208,CASH_OUT,99888.31,C985695088,105088.91,5200.6,C699759830,97934.87,197823.18,0,0
467,TRANSFER,20669.31,C334374538,22385.0,1715.69,C121044655,34904.21,55573.52,0,0
167,CASH_OUT,73620.3,C636026814,76484.77,2864.47,C894641726,15689.37,89309.67,0,0
189,CASH_IN,14966.9,C471195577,14973.71,29940.61,C851115262,44482.75,29515.85,0,0
667,CASH_IN,55228.85,C505850880,11986.6,67215.45,C336372135,86229.72,31000.87,0,0
364,CASH_IN,52135.89,C519528441,6386.62,58522.51,C443813267,148365.7,96229.81,0,0
566,PAYMENT,718.75,C678594185,2414.15,1695.4,M206523943,0.0,0.0,0,0
506,PAYMENT,1463.36,C616384129,2200.12,736.76,M419034308,0.0,0.0,0,0
71,TRANSFER,36155.4,C796667600,37142.74,987.34,C401452708,25140.64,61296.04,0,0
581,PAYMENT,7180.6,C586548276,15070.64,7890.04,M887506399,0.0,0.0,0,0
674,PAYMENT,2629.48,C106590069,3244.32,614.84,M428838218,0.0,0.0,0,0
379,PAYMENT,6244.51,C796076064,11739.87,5495.36,M978824910,0.0,0.0,0,0
143,CASH_OUT,5778.72,C562123576,8751.31,2972.59,C714552869,11288.53,17067.25,0,0
217,CASH_OUT,21512.74,C704871065,29888.51,8375.77,C695894462,41233.05,62745.79,0,0
607,PAYMENT,3658.15,C765116609,19990.61,16332.46,M500686740,0.0,0.0,0,0
507,PAYMENT,1265.21,C807807496,10796.72,9531.51,M821643629,0.0,0.0,0,0
27,DEBIT,930.34,C266750604,3817.73,2887.39,C706527416,12168.71,13099.05,0,0
328,PAYMENT,2980.12,C108916397,33053.4,30073.28,M802350498,0.0,0.0,0,0
676,CASH_OUT,14101.39,C266139461,46453.54,32352.15,C535274019,2035.47,16136.86,0,0
474,CASH_OUT,17597.19,C196925967,32784.83,15187.64,C817966808,15048.35,32645.54,0,0
147,CASH_OUT,1229419.82,C113733205,1229419.82,0.0,C680323171,9150.66,1238570.48,1,0
317,PAYMENT,5708.06,C312698590,33575.54,27867.48,M773546660,0.0,0.0,0,0
292,CASH_OUT,23553.49,C272433374,32753.73,9200.24,C816166753,8653.17,32206.66,0,0
62,CASH_IN,42619.71,C642459339,24002.4,66622.11,C775312565,199866.23,157246.52,0,0
623,CASH_OUT,25355.84,C804706745,41638.98,16283.14,C507134850,1674.33,27030.17,0,0
273,CASH_OUT,243510.63,C421443893,282041.38,38530.75,C823309740,72732.51,316243.14,0,0
572,CASH_OUT,19082.45,C712129495,25945.97,6863.52,C732453109,26970.6,46053.05,0,0
375,CASH_OUT,63960.21,C366796536,64985.87,1025.66,C531834734,9102.02,73062.23,0,0
597,CASH_OUT,5093.08,C325487281,27828.45,22735.37,C824838895,25014.19,30107.27,0,0
707,PAYMENT,2508.75,C214247104,7168.45,4659.7,M867601018,0.0,0.0,0,0
446,PAYMENT,3958.98,C286485469,12651.83,8692.85,M272196283,0.0,0.0,0,0
28,PAYMENT,181.1,C535432476,1474.36,1293.26,M387895377,0.0,0.0,0,0
670,CASH_IN,8445.95,C624216940,11882.44,20328.39,C364120840,57282.27,48836.32,0,0
572,CASH_OUT,35449.54,C715539274,40393.7,4944.16,C542051677,13119.41,48568.95,0,0
36,CASH_OUT,21557.87,C783231697,32129.12,10571.25,C610784059,29861.96,51419.83,0,0
96,CASH_OUT,42785.13,C785743232,46517.49,3732.36,C259084914,8984.73,51769.86,0,0
134,CASH_OUT,179233.82,C409292003,180470.78,1236.96,C768501217,77709.5,256943.32,0,0
334,CASH_OUT,45176.53,C293991861,48455.86,3279.33,C875865775,21239.85,66416.38,0,0
284,TRANSFER,40062.38,C233501275,69874.84,29812.46,C378935892,2090.79,42153.17,0,0
600,PAYMENT,13420.72,C887746092,21909.25,8488.53,M588200811,0.0,0.0,0,0
331,CASH_OUT,50184.23,C475077480,51214.58,1030.35,C108614291,37530.08,87714.31,0,0
273,CASH_OUT,1071.95,C490323957,26657.02,25585.07,C945616564,85038.87,86110.82,0,0
593,CASH_OUT,18081.69,C635835190,20913.51,2831.82,C290681778,68485.51,86567.2,0,0
238,PAYMENT,808.25,C238926770,7224.31,6416.06,M751311080,0.0,0.0,0,0
104,TRANSFER,159414.94,C201562216,170103.66,10688.72,C804836708,9809.41,169224.35,0,0
342,CASH_OUT,67871.35,C598769185,127380.4,59509.05,C263850807,112617.77,180489.12,0,0
323,CASH_OUT,36448.64,C315044959,127639.62,91190.98,C103696624,13864.85,50313.49,0,0
652,PAYMENT,3533.59,C977098563,15526.2,11992.61,M526208179,0.0,0.0,0,0
351,PAYMENT,6420.94,C155488962,8991.52,2570.58,M466351628,0.0,0.0,0,0
473,PAYMENT,1836.9,C227144276,2942.78,1105.88,M328432825,0.0,0.0,0,0
503,CASH_OUT,22630.04,C508742026,26279.39,3649.35,C990275017,48170.44,70800.48,0,0
491,CASH_OUT,29590.19,C542514523,31708.36,2118.17,C796619848,19598.26,49188.45,0,0
708,CASH_IN,7509.63,C887289622,36167.94,43677.57,C260018518,12821.05,5311.42,0,0
266,PAYMENT,10742.79,C476398010,17019.03,6276.24,M141991207,0.0,0.0,0,0
692,PAYMENT,4637.79,C347330053,56425.81,51788.02,M773191575,0.0,0.0,0,0
180,TRANSFER,9106.82,C924923554,10769.43,1662.61,C579127211,28846.98,37953.8,0,0
740,TRANSFER,8623.86,C686444509,108302.05,99678.19,C504589839,96114.9,104738.76,0,0
480,CASH_OUT,47588.96,C705228379,60541.57,12952.61,C760699407,11888.54,59477.5,0,0
647,CASH_OUT,5059.02,C851665188,9200.3,4141.28,C303271512,43561.54,48620.56,0,0
262,PAYMENT,1095.77,C728126296,4012.74,2916.97,M810529580,0.0,0.0,0,0
148,DEBIT,4525.57,C847114436,7585.02,3059.45,C364073577,5968.34,10493.91,0,0
357,CASH_IN,26987.69,C195196013,12675.7,39663.39,C517324005,79328.07,52340.38,0,0
346,PAYMENT,1057.22,C329883642,5340.14,4282.92,M191252563,0.0,0.0,0,0
120,DEBIT,838.85,C606609208,15270.78,14431.93,C364284743,9509.51,10348.36,0,0
53,PAYMENT,3376.05,C229778469,11114.69,7738.64,M328151347,0.0,0.0,0,0
451,PAYMENT,9684.57,C611987294,10010.81,326.24,M604444727,0.0,0.0,0,0
236,CASH_IN,29385.63,C666204393,29922.91,59308.54,C302427193,247129.47,217743.84,0,0
429,CASH_IN,10999.23,C563960767,92701.66,103700.89,C634799903,32080.38,21081.15,0,0
642,CASH_OUT,2949.95,C165985509,39075.16,36125.21,C772686994,33226.23,36176.18,0,0
27,CASH_OUT,20532.81,C244263394,28601.9,8069.09,C656429083,91110.44,111643.25,0,0
120,CASH_OUT,39634.59,C616316110,102039.14,62404.55,C138630197,206228.54,245863.13,0,0
619,PAYMENT,3518.2,C919920122,13577.02,10058.82,M732026474,0.0,0.0,0,0
549,PAYMENT,725.8,C166507182,39548.37,38822.57,M556332782,0.0,0.0,0,0
715,PAYMENT,887.08,C695163179,26038.35,25151.27,M925267518,0.0,0.0,0,0
530,CASH_OUT,489230.03,C622182277,489230.03,0.0,C283455434,427.36,489657.39,1,0
566,TRANSFER,6924.59,C271031630,26051.98,19127.39,C140697614,2124.34,9048.93,0,0
240,PAYMENT,1799.65,C845070394,4979.56,3179.91,M101355225,0.0,0.0,0,0
611,PAYMENT,1309.25,C814078789,3003.98,1694.73,M498447220,0.0,0.0,0,0
142,CASH_OUT,35084.33,C158733939,97390.8,62306.47,C446069242,6673.62,41757.95,0,0
413,PAYMENT,605.67,C562408013,3122.87,2517.2,M656206968,0.0,0.0,0,0
179,CASH_OUT,92675.15,C263865807,127113.89,34438.74,C555620561,72375.81,165050.96,0,0
701,CASH_OUT,22576.67,C533463450,43764.33,21187.66,C523794150,40412.46,62989.13,0,0
350,CASH_IN,64285.77,C809290265,18291.63,82577.4,C533314084,102380.75,38094.98,0,0
440,CASH_OUT,10737.91,C353646664,28348.21,17610.3,C942324167,63298.58,74036.49,0,0
245,CASH_OUT,17831.61,C477994544,54283.57,36451.96,C736399146,61239.01,79070.62,0,0
73,DEBIT,5485.45,C375099345,7142.51,1657.06,C899509302,58056.86,63542.31,0,0
392,PAYMENT,3239.38,C584948356,21714.15,18474.77,M178439436,0.0,0.0,0,0
313,PAYMENT,2290.28,C721948563,19921.22,17630.94,M957593069,0.0,0.0,0,0
487,PAYMENT,265.96,C633347974,8382.37,8116.41,M344019072,0.0,0.0,0,0
49,PAYMENT,2755.05,C116310733,18198.53,15443.48,M983137101,0.0,0.0,0,0
384,TRANSFER,93907.08,C605792155,115977.76,22070.68,C252572310,33991.2,127898.28,0,0
309,PAYMENT,16871.43,C605978133,19644.42,2772.99,M492958140,0.0,0.0,0,0
235,PAYMENT,4516.44,C766412531,6351.15,1834.71,M377785289,0.0,0.0,0,0
167,PAYMENT,6467.91,C459868140,36778.73,30310.82,M216649990,0.0,0.0,0,0
62,CASH_IN,17635.92,C180993652,52278.01,69913.93,C341325515,70322.07,52686.15,0,0
151,CASH_OUT,97622.0,C477339425,110842.96,13220.96,C963520379,72596.4,170218.4,0,0
47,CASH_OUT,8547.34,C760111593,22276.9,13729.56,C855926868,31097.87,39645.21,0,0
625,CASH_OUT,50433.79,C776884820,73831.56,23397.77,C636434241,61590.78,112024.57,0,0
181,CASH_OUT,6793.64,C671692472,47077.98,40284.34,C417751698,22656.48,29450.12,0,0
196,CASH_OUT,116908.95,C885728585,122165.64,5256.69,C568502118,3599.38,120508.33,0,0
359,CASH_OUT,15821.41,C787811183,18426.66,2605.25,C576545328,1736.07,17557.48,0,0
722,CASH_OUT,123200.36,C166291929,123200.36,0.0,C237437907,37852.36,161052.72,1,0
130,CASH_OUT,25670.97,C422732218,50917.37,25246.4,C593256175,6102.95,31773.92,0,0
559,CASH_OUT,60602.15,C788177365,84171.85,23569.7,C219805531,24595.96,85198.11,0,0
534,CASH_OUT,165525.19,C999890741,165525.19,0.0,C802000616,48855.35,214380.54,1,0
370,PAYMENT,2035.74,C277556106,4027.6,1991.86,M811664407,0.0,0.0,0,0
143,TRANSFER,32898.02,C795813341,93930.32,61032.3,C154600119,104440.83,137338.85,0,0
450,CASH_OUT,10420.84,C712448954,54848.17,44427.33,C418339437,297.24,10718.08,0,0
195,TRANSFER,6796.82,C408496792,24905.53,18108.71,C977699542,62122.12,68918.94,0,0
275,PAYMENT,1716.67,C941585759,13743.52,12026.85,M579641257,0.0,0.0,0,0
142,PAYMENT,11460.17,C236189097,11479.56,19.39,M400220060,0.0,0.0,0,0
378,CASH_OUT,17488.78,C561654360,42592.23,25103.45,C923407821,11732.33,29221.11,0,0
728,PAYMENT,12165.5,C804357507,18338.36,6172.86,M591674531,0.0,0.0,0,0
517,PAYMENT,43.09,C764793802,7223.17,7180.08,M468420163,0.0,0.0,0,0
702,PAYMENT,18696.44,C247190596,58994.22,40297.78,M525902142,0.0,0.0,0,0
293,CASH_OUT,51654.79,C711715760,66564.21,14909.42,C987391164,16102.36,67757.15,0,0
554,CASH_IN,12787.73,C971790443,115216.34,128004.07,C996062025,18366.33,5578.6,0,0
223,TRANSFER,454.84,C463014833,6790.67,6335.83,C606205331,84879.19,85334.03,0,0
196,PAYMENT,5778.07,C746460999,10454.21,4676.14,M115131829,0.0,0.0,0,0
695,PAYMENT,9103.93,C755747956,9375.38,271.45,M793976441,0.0,0.0,0,0
296,PAYMENT,6326.16,C663053225,14587.28,8261.12,M786089043,0.0,0.0,0,0
124,CASH_OUT,149236.09,C825114551,154102.81,4866.72,C136963491,10747.26,159983.35,0,0
318,PAYMENT,2160.28,C123528948,19255.38,17095.1,M152542812,0.0,0.0,0,0
206,CASH_OUT,59513.38,C636030860,71012.88,11499.5,C894704908,169766.48,229279.86,0,0
431,PAYMENT,3260.87,C738778995,17345.06,14084.19,M594991555,0.0,0.0,0,0
420,PAYMENT,2280.33,C378756805,7453.54,5173.21,M120850995,0.0,0.0,0,0
556,CASH_IN,6943.72,C137285529,106216.58,113160.3,C867286424,23399.99,16456.27,0,0
737,CASH_OUT,4286.24,C417794485,24388.65,20102.41,C942864269,25338.81,29625.05,0,0
639,PAYMENT,7239.71,C679833336,7949.78,710.07,M754224674,0.0,0.0,0,0
612,CASH_OUT,49440.24,C767744870,78821.42,29381.18,C571174595,31782.04,81222.28,0,0
437,PAYMENT,3929.26,C868103461,7257.47,3328.21,M282103669,0.0,0.0,0,0
94,CASH_OUT,1453.24,C668041727,11713.79,10260.55,C243511398,7326.29,8779.53,0,0
665,CASH_OUT,312266.24,C996262341,312266.24,0.0,C633837657,710.35,312976.59,1,0
511,CASH_OUT,50976.94,C468106174,55209.05,4232.11,C347573473,97609.9,148586.84,0,0
434,CASH_OUT,12059.07,C500853335,59986.85,47927.78,C551593410,88316.08,100375.15,0,0
606,CASH_OUT,13595.56,C173079883,30341.25,16745.69,C131028839,3291.7,16887.26,0,0
64,CASH_OUT,30263.37,C506851431,48442.8,18179.43,C589094045,20936.4,51199.77,0,0
199,PAYMENT,1647.58,C612263358,3332.91,1685.33,M678658432,0.0,0.0,0,0
535,CASH_OUT,129128.56,C938534182,151081.54,21952.98,C364306410,22613.1,151741.66,0,0
627,PAYMENT,9821.52,C579405587,37755.68,27934.16,M939795377,0.0,0.0,0,0
521,PAYMENT,2199.05,C272653296,15328.7,13129.65,M366238958,0.0,0.0,0,0
357,CASH_OUT,50777.25,C438443052,68363.79,17586.54,C815220938,125195.27,175972.52,0,0
309,PAYMENT,4051.6,C106203923,10252.09,6200.49,M887387208,0.0,0.0,0,0
294,CASH_OUT,143269.49,C167438891,151335.34,8065.85,C625391229,18249.49,161518.98,0,0
394,PAYMENT,4258.29,C534722678,11348.4,7090.11,M518545903,0.0,0.0,0,0
602,CASH_OUT,73399.01,C660819412,97944.59,24545.58,C886969942,1638.69,75037.7,0,0
718,CASH_IN,12721.93,C445358424,27683.86,40405.79,C612711000,26676.8,13954.87,0,0
598,TRANSFER,7474.43,C296656401,39332.17,31857.74,C397951846,39612.67,47087.1,0,0
140,TRANSFER,10591.59,C476531005,49972.15,39380.56,C991768983,15617.39,26208.98,0,0
243,TRANSFER,104333.28,C731563713,118618.74,14285.46,C546272126,5718.86,110052.14,0,0
695,CASH_OUT,60079.16,C515784609,61967.64,1888.48,C916206190,87689.94,147769.1,0,0
299,PAYMENT,7304.43,C877273625,41469.84,34165.41,M630379787,0.0,0.0,0,0
257,DEBIT,1071.44,C343519384,5440.77,4369.33,C254653635,18587.53,19658.97,0,0
727,DEBIT,157.42,C458783140,7801.04,7643.62,C211027310,1970.37,2127.79,0,0
126,PAYMENT,426.2,C379351803,5904.12,5477.92,M966601334,0.0,0.0,0,0
139,CASH_OUT,232357.6,C702415206,274627.79,42270.19,C825595377,1867.01,234224.61,0,0
394,CASH_IN,40955.07,C616003255,106328.04,147283.11,C738094037,73101.9,32146.83,0,0
669,PAYMENT,6754.48,C679365636,8502.06,1747.58,M787125030,0.0,0.0,0,0
101,CASH_IN,43626.34,C340163468,11219.79,54846.13,C352786666,79248.62,35622.28,0,0
264,CASH_OUT,2173.52,C454788839,8260.25,6086.73,C892074979,57599.16,59772.68,0,0
132,CASH_OUT,33520.59,C898468083,64097.22,30576.63,C222860906,70160.14,103680.73,0,0
708,PAYMENT,6016.96,C857201021,14921.27,8904.31,M459308330,0.0,0.0,0,0
485,CASH_IN,35771.2,C705745281,10234.69,46005.89,C119269679,73444.9,37673.7,0,0
247,CASH_OUT,111223.05,C562370609,113153.63,1930.58,C630352144,134345.03,245568.08,0,0
203,PAYMENT,4341.89,C468369913,8586.5,4244.61,M659034470,0.0,0.0,0,0
413,CASH_OUT,16259.49,C668513974,25863.72,9604.23,C586471980,16441.43,32700.92,0,0
692,PAYMENT,1660.65,C663776012,2582.07,921.42,M945266635,0.0,0.0,0,0
162,CASH_OUT,64526.17,C664931761,74971.86,10445.69,C525440699,6059.89,70586.06,0,0
739,CASH_OUT,1719.82,C218460312,174591.98,172872.16,C644571345,57431.78,59151.6,0,0
725,CASH_IN,67011.64,C796700880,59321.86,126333.5,C472759364,70584.87,3573.23,0,0
16,CASH_IN,2138.25,C965434259,9611.58,11749.83,C714817555,214453.73,212315.48,0,0
499,CASH_OUT,55470.82,C882825973,61482.33,6011.51,C560888804,40494.95,95965.77,0,0
633,PAYMENT,15929.28,C447896447,20908.43,4979.15,M709513917,0.0,0.0,0,0
20,DEBIT,829.16,C810609954,25435.33,24606.17,C773353568,15150.37,15979.53,0,0
208,CASH_IN,5657.24,C537257275,43677.47,49334.71,C224963180,11240.2,5582.96,0,0
589,CASH_OUT,183147.54,C285601439,183493.98,346.44,C409561480,117993.4,301140.94,0,0
95,TRANSFER,28486.1,C791082927,28839.25,353.15,C687447818,10742.09,39228.19,0,0
249,DEBIT,1138.3,C140513316,10172.31,9034.01,C930705094,5493.9,6632.2,0,0
87,CASH_IN,16075.34,C688077195,215844.63,231919.97,C712353355,42582.19,26506.85,0,0
726,PAYMENT,21519.27,C231246122,45146.9,23627.63,M352957769,0.0,0.0,0,0
224,CASH_OUT,39076.83,C137269194,49772.53,10695.7,C618270525,62813.57,101890.4,0,0
63,PAYMENT,4612.95,C724179639,16396.45,11783.5,M238841114,0.0,0.0,0,0
274,PAYMENT,2075.73,C623683022,11896.56,9820.83,M956265003,0.0,0.0,0,0
635,PAYMENT,114.21,C891585112,226.0,111.79,M807884173,0.0,0.0,0,0
351,CASH_IN,49933.73,C760023357,124927.34,174861.07,C872007053,115866.56,65932.83,0,0
126,PAYMENT,2850.58,C108152629,9701.92,6851.34,M632176666,0.0,0.0,0,0
397,PAYMENT,6920.48,C297187115,16043.24,9122.76,M513969044,0.0,0.0,0,0
31,CASH_IN,2608.86,C282536288,36900.67,39509.53,C535520192,52198.31,49589.45,0,0
93,PAYMENT,353.78,C720056841,3513.52,3159.74,M381967695,0.0,0.0,0,0
323,PAYMENT,7641.53,C743066418,16511.52,8869.99,M285628219,0.0,0.0,0,0
251,CASH_OUT,74059.98,C394476257,145200.92,71140.94,C121953226,114889.2,188949.18,0,0
432,PAYMENT,4573.8,C188305518,6461.16,1887.36,M125020726,0.0,0.0,0,0
570,PAYMENT,107.73,C194924824,13149.77,13042.04,M270940207,0.0,0.0,0,0
164,PAYMENT,4176.82,C862401927,29700.1,25523.28,M537764347,0.0,0.0,0,0
648,PAYMENT,4088.3,C184971517,7503.27,3414.97,M664808286,0.0,0.0,0,0
463,CASH_OUT,24188.08,C764834208,38946.66,14758.58,C359376626,37008.49,61196.57,0,0
24,PAYMENT,10216.57,C543650010,21427.6,11211.03,M280017476,0.0,0.0,0,0
95,CASH_IN,10862.57,C345327572,3146.36,14008.93,C379571701,49213.32,38350.75,0,0
489,PAYMENT,1794.43,C204466667,2673.71,879.28,M800816768,0.0,0.0,0,0
230,TRANSFER,274.8,C830780312,11881.06,11606.26,C975064218,2822.64,3097.44,0,0
222,PAYMENT,2557.32,C904824452,20606.37,18049.05,M245249609,0.0,0.0,0,0
521,CASH_IN,46206.04,C380212012,93058.67,139264.71,C532358820,101265.48,55059.44,0,0
291,CASH_OUT,2331.99,C502933706,8556.3,6224.31,C787883074,29351.78,31683.77,0,0
555,CASH_OUT,17957.96,C390115186,24669.98,6712.02,C561742429,2400.3,20358.26,0,0
588,CASH_OUT,32514.69,C217975818,40736.22,8221.53,C770863095,95772.07,128286.76,0,0
657,CASH_OUT,53720.99,C551352354,65119.18,11398.19,C993455359,17012.4,70733.39,0,0
323,PAYMENT,1444.68,C423089421,3303.88,1859.2,M370046583,0.0,0.0,0,0
491,TRANSFER,42580.74,C872536400,74684.04,32103.3,C287561414,8863.57,51444.31,0,0
390,DEBIT,688.31,C536834343,995.2,306.89,C789626970,1114.66,1802.97,0,0
426,PAYMENT,404.42,C361955533,2660.35,2255.93,M517908263,0.0,0.0,0,0
541,TRANSFER,17613.41,C510969135,26288.4,8674.99,C510322927,74136.05,91749.46,0,0
419,DEBIT,1794.13,C437020105,2615.69,821.56,C261495691,19523.92,21318.05,0,0
66,PAYMENT,9401.74,C295269067,13108.88,3707.14,M777861700,0.0,0.0,0,0
723,CASH_OUT,4424.23,C183199357,17058.75,12634.52,C903166218,110950.71,115374.94,0,0
647,PAYMENT,3448.27,C778327239,3861.06,412.79,M846227517,0.0,0.0,0,0
707,PAYMENT,1458.19,C797954323,3875.51,2417.32,M463134762,0.0,0.0,0,0
456,CASH_OUT,31280.86,C780730287,42319.22,11038.36,C139695426,75819.0,107099.86,0,0
108,PAYMENT,2740.19,C281803883,15005.59,12265.4,M932099568,0.0,0.0,0,0
203,DEBIT,117.82,C492386470,29545.12,29427.3,C328976570,15669.52,15787.34,0,0
234,CASH_OUT,503094.27,C313104684,503094.27,0.0,C931850655,17697.23,520791.5,1,0
671,CASH_OUT,17296.06,C945539013,22431.74,5135.68,C354181757,5530.8,22826.86,0,0
316,CASH_IN,5343.39,C371913067,7328.02,12671.41,C259578030,6636.77,1293.38,0,0
220,PAYMENT,4677.63,C432256840,14160.59,9482.96,M245032180,0.0,0.0,0,0
31,CASH_IN,13280.37,C882504917,35507.79,48788.16,C564143112,23081.98,9801.61,0,0
740,PAYMENT,1911.34,C663388900,3666.26,1754.92,M676802984,0.0,0.0,0,0
355,PAYMENT,720.56,C900147510,10732.93,10012.37,M329584183,0.0,0.0,0,0
538,CASH_OUT,32175.71,C517967919,48450.29,16274.58,C878585348,214239.9,246415.61,0,0
546,CASH_OUT,29796.66,C801189973,33829.23,4032.57,C826287823,308.83,30105.49,0,0
145,PAYMENT,13075.66,C533478051,33681.79,20606.13,M238452316,0.0,0.0,0,0
172,CASH_IN,60996.93,C161109746,83644.47,144641.4,C582773013,71602.77,10605.84,0,0
615,PAYMENT,8477.51,C748582238,20800.31,12322.8,M811319981,0.0,0.0,0,0
86,CASH_OUT,123584.21,C751346349,153563.63,29979.42,C134723396,10367.97,133952.18,0,0
321,PAYMENT,3192.35,C568929853,17247.41,14055.06,M816487895,0.0,0.0,0,0
414,PAYMENT,2674.8,C466815459,12256.68,9581.88,M192461192,0.0,0.0,0,0
524,CASH_IN,1242.24,C805499950,80882.77,82125.01,C167301097,30950.82,29708.58,0,0
25,PAYMENT,1735.5,C914712113,6751.4,5015.9,M636581553,0.0,0.0,0,0
135,TRANSFER,896086.26,C510814864,896086.26,0.0,C128966853,0.0,896086.26,1,0
24,CASH_OUT,128308.86,C481437846,129308.6,999.74,C426790202,23556.97,151865.83,0,0
439,DEBIT,1635.7,C882502973,8046.01,6410.31,C836947685,35459.61,37095.31,0,0
253,PAYMENT,593.69,C672897781,9156.51,8562.82,M892780694,0.0,0.0,0,0
705,CASH_OUT,15478.03,C343385874,78435.33,62957.3,C577468643,11205.27,26683.3,0,0
133,TRANSFER,16924.37,C479278984,50036.0,33111.63,C834486043,7770.03,24694.4,0,0
96,PAYMENT,18325.24,C861002657,41184.69,22859.45,M822587426,0.0,0.0,0,0
288,PAYMENT,2598.99,C254780540,5498.78,2899.79,M719699022,0.0,0.0,0,0
308,CASH_OUT,60967.83,C387606691,66796.52,5828.69,C993029275,56880.77,117848.6,0,0
287,DEBIT,247.09,C965697260,6404.02,6156.93,C879664276,15691.0,15938.09,0,0
642,PAYMENT,4752.56,C974766794,15077.21,10324.65,M421699959,0.0,0.0,0,0
62,CASH_OUT,3999.46,C187269646,13270.48,9271.02,C411253529,14592.07,18591.53,0,0
568,CASH_OUT,159265.89,C712347179,205278.17,46012.28,C912661440,23241.54,182507.43,0,0
144,CASH_OUT,62905.84,C693304311,64621.48,1715.64,C356742579,17389.57,80295.41,0,0
628,PAYMENT,271.61,C199484572,4944.14,4672.53,M145632602,0.0,0.0,0,0
37,CASH_IN,27955.33,C594450780,853.79,28809.12,C645142858,166168.55,138213.22,0,0
463,CASH_OUT,111038.1,C788173313,166684.67,55646.57,C825416407,96129.73,207167.83,0,0
252,CASH_IN,25694.26,C699156118,1072.95,26767.21,C371081421,126738.49,101044.23,0,0
696,CASH_OUT,61990.61,C378105850,65317.72,3327.11,C119909334,52223.73,114214.34,0,0
508,PAYMENT,3845.75,C689931643,12908.43,9062.68,M101928563,0.0,0.0,0,0
109,PAYMENT,6863.72,C913051364,9155.36,2291.64,M593186935,0.0,0.0,0,0
70,CASH_OUT,24542.29,C472879028,39590.75,15048.46,C775754826,22750.86,47293.15,0,0
137,PAYMENT,5468.35,C666233968,7877.0,2408.65,M352509830,0.0,0.0,0,0
266,PAYMENT,7454.93,C514443148,10499.23,3044.3,M713363947,0.0,0.0,0,0
710,CASH_IN,110656.8,C172643188,58596.14,169252.94,C402863852,269768.41,159111.61,0,0
131,CASH_OUT,144495.86,C759277606,186760.29,42264.43,C538243930,52485.33,196981.19,0,0
418,TRANSFER,30688.08,C292759433,32956.05,2267.97,C448289640,48572.33,79260.41,0,0
212,CASH_IN,15634.66,C888419637,34052.6,49687.26,C572739906,23864.65,8229.99,0,0
33,TRANSFER,11365.79,C670141543,23421.44,12055.65,C626142879,20695.34,32061.13,0,0
155,PAYMENT,855.41,C802006895,11158.32,10302.91,M470424417,0.0,0.0,0,0
663,TRANSFER,34282.75,C745585753,75008.53,40725.78,C392058987,25591.44,59874.19,0,0
20,PAYMENT,11234.16,C115362625,38776.58,27542.42,M743632098,0.0,0.0,0,0
686,PAYMENT,5558.11,C638022828,5869.4,311.29,M550366038,0.0,0.0,0,0
110,PAYMENT,1819.44,C864849960,17282.55,15463.11,M254521893,0.0,0.0,0,0
355,CASH_IN,6443.23,C694772489,6822.28,13265.51,C642983762,77201.81,70758.58,0,0
43,CASH_IN,90042.84,C720826786,40713.87,130756.71,C701420241,114105.38,24062.54,0,0
51,PAYMENT,7181.56,C368756412,25048.49,17866.93,M953024402,0.0,0.0,0,0
41,PAYMENT,1935.68,C843635201,10141.44,8205.76,M151876129,0.0,0.0,0,0
112,CASH_OUT,7321.34,C409863878,38985.16,31663.82,C251359775,3616.96,10938.3,0,0
576,PAYMENT,8431.58,C862933420,15714.02,7282.44,M301057536,0.0,0.0,0,0
132,PAYMENT,7465.28,C747916545,15224.17,7758.89,M260444530,0.0,0.0,0,0
270,TRANSFER,10299.84,C522767615,54004.54,43704.7,C907520524,28365.05,38664.89,0,0
598,TRANSFER,41732.64,C910198060,65525.59,23792.95,C267469339,19571.41,61304.05,0,0
557,PAYMENT,938.03,C356287837,16826.18,15888.15,M322062698,0.0,0.0,0,0
233,CASH_IN,19094.35,C706389213,55859.23,74953.58,C425270079,46029.08,26934.73,0,0
394,PAYMENT,707.59,C311398689,1805.02,1097.43,M677367022,0.0,0.0,0,0
664,TRANSFER,18673.01,C511095804,53386.34,34713.33,C299887938,11589.08,30262.09,0,0
242,CASH_OUT,8219.23,C479358455,28295.35,20076.12,C404124513,44842.65,53061.88,0,0
260,CASH_IN,53021.0,C991434871,16805.66,69826.66,C616540534,74222.28,21201.28,0,0
149,CASH_OUT,39762.46,C212903243,87457.87,47695.41,C227308757,14438.5,54200.96,0,0
364,TRANSFER,4091.82,C926780903,16339.59,12247.77,C726674981,3645.4,7737.22,0,0
736,DEBIT,6765.04,C802206992,9731.96,2966.92,C529797196,54011.31,60776.35,0,0
483,PAYMENT,911.55,C790967802,31895.48,30983.93,M817697700,0.0,0.0,0,0
223,CASH_OUT,142786.91,C942661967,165017.15,22230.24,C654840677,48323.27,191110.18,0,0
511,TRANSFER,547236.29,C254385410,547236.29,0.0,C501952197,0.0,0.0,1,0
31,PAYMENT,1759.32,C347664193,28541.63,26782.31,M445070168,0.0,0.0,0,0
434,CASH_OUT,24737.09,C549790586,61849.25,37112.16,C156413720,1509.26,26246.35,0,0
728,PAYMENT,8489.53,C560998794,50823.03,42333.5,M861219689,0.0,0.0,0,0
312,CASH_IN,150050.89,C748383277,116056.97,266107.86,C955814698,158225.65,8174.76,0,0
362,TRANSFER,45704.93,C253367715,47064.06,1359.13,C687733519,45705.58,91410.51,0,0
123,DEBIT,7224.17,C734301068,32214.14,24989.97,C722087349,1923.99,9148.16,0,0
36,CASH_IN,37368.09,C602066706,25099.15,62467.24,C779795967,158949.43,121581.34,0,0
155,CASH_OUT,48498.63,C129552959,48759.34,260.71,C343720492,42617.15,91115.78,0,0
65,DEBIT,357.36,C818874890,901.37,544.01,C443411086,51791.0,52148.36,0,0
180,CASH_OUT,36438.46,C242539791,40818.66,4380.2,C428581474,56727.3,93165.76,0,0
423,PAYMENT,1525.99,C634627017,3383.48,1857.49,M338043221,0.0,0.0,0,0
144,PAYMENT,123.22,C386283613,14958.46,14835.24,M455340103,0.0,0.0,0,0
287,DEBIT,931.5,C365646554,2045.32,1113.82,C645702505,10297.86,11229.36,0,0
324,PAYMENT,4050.49,C731052447,15041.7,10991.21,M619758529,0.0,0.0,0,0
192,TRANSFER,15851.13,C981384225,28062.74,12211.61,C703086102,76879.55,92730.68,0,0
373,DEBIT,1386.78,C820342750,21295.85,19909.07,C890262228,8257.51,9644.29,0,0
577,CASH_OUT,55994.25,C197444501,57530.37,1536.12,C631748159,67572.62,123566.87,0,0
33,CASH_OUT,222907.74,C937713095,245087.47,22179.73,C244472182,57049.02,279956.76,0,0
242,CASH_OUT,99796.07,C188162315,108652.92,8856.85,C177391825,8538.11,108334.18,0,0
51,PAYMENT,1374.39,C101981565,1968.78,594.39,M703047057,0.0,0.0,0,0
742,CASH_IN,9164.5,C659533537,22411.03,31575.53,C510967304,25476.62,16312.12,0,0
292,CASH_IN,190359.77,C272016508,84741.67,275101.44,C568669489,264215.85,73856.08,0,0
51,CASH_OUT,98004.38,C939278094,110166.29,12161.91,C882450815,72093.12,170097.5,0,0
519,PAYMENT,14610.2,C491742336,22551.18,7940.98,M700776936,0.0,0.0,0,0
426,PAYMENT,193.64,C335558510,5282.18,5088.54,M813093261,0.0,0.0,0,0
593,PAYMENT,184.07,C777642737,22423.92,22239.85,M987490646,0.0,0.0,0,0
491,PAYMENT,4698.09,C359741278,13410.19,8712.1,M363436615,0.0,0.0,0,0
356,PAYMENT,3477.96,C831325348,13875.47,10397.51,M102563164,0.0,0.0,0,0
28,PAYMENT,1803.84,C385206390,26405.84,24602.0,M536449889,0.0,0.0,0,0
448,PAYMENT,8626.96,C731043566,9471.81,844.85,M395574187,0.0,0.0,0,0
46,PAYMENT,1456.28,C643173053,5856.5,4400.22,M795283587,0.0,0.0,0,0
166,CASH_IN,562.36,C482852599,115958.18,116520.54,C363910229,47894.76,47332.4,0,0
320,DEBIT,555.39,C614349713,9328.87,8773.48,C762347308,14305.02,14860.41,0,0
490,CASH_OUT,31268.37,C368178790,32081.83,813.46,C966741937,89852.47,121120.84,0,0
358,CASH_OUT,17513.04,C671685986,64369.55,46856.51,C126179199,21204.46,38717.5,0,0
380,PAYMENT,386.2,C957539358,4664.99,4278.79,M558220462,0.0,0.0,0,0
203,DEBIT,2199.9,C772095644,12225.3,10025.4,C618498293,6626.52,8826.42,0,0
540,PAYMENT,6407.98,C389541606,11657.2,5249.22,M394298513,0.0,0.0,0,0
715,PAYMENT,7692.18,C478137519,7810.4,118.22,M393709439,0.0,0.0,0,0
536,PAYMENT,1087.35,C184082478,4504.98,3417.63,M808597019,0.0,0.0,0,0
205,PAYMENT,628.01,C718375104,6692.09,6064.08,M573916283,0.0,0.0,0,0
442,CASH_OUT,875.18,C656173919,1411.07,535.89,C342652441,32373.62,33248.8,0,0
351,PAYMENT,4860.38,C329956476,10412.62,5552.24,M213621246,0.0,0.0,0,0
262,PAYMENT,2454.25,C369113989,12885.34,10431.09,M369981671,0.0,0.0,0,0
675,CASH_IN,43281.79,C479097192,73271.83,116553.62,C252227505,69685.05,26403.26,0,0
312,CASH_OUT,24422.81,C268628237,42042.82,17620.01,C604493225,27725.48,52148.29,0,0
128,CASH_OUT,59521.44,C318556105,69890.16,10368.72,C671437331,52593.46,112114.9,0,0
468,CASH_OUT,1033811.98,C428249965,1033811.98,0.0,C150210663,30827.98,1064639.96,1,0
118,DEBIT,2755.71,C242521073,7255.38,4499.67,C512550948,99.18,2854.89,0,0
157,CASH_OUT,12073.45,C149343104,26724.13,14650.68,C940337977,6068.48,18141.93,0,0
570,CASH_IN,11755.65,C126110593,22575.33,34330.98,C833479085,226559.56,214803.91,0,0
313,PAYMENT,3568.56,C706871714,4713.92,1145.36,M640427768,0.0,0.0,0,0
722,CASH_OUT,64359.67,C576391676,78027.27,13667.6,C360360324,22620.67,86980.34,0,0
104,DEBIT,876.77,C603548367,9574.73,8697.96,C244269135,6349.78,7226.55,0,0
337,PAYMENT,187.85,C429612953,7970.18,7782.33,M879073297,0.0,0.0,0,0
89,CASH_OUT,23931.67,C863174162,52911.83,28980.16,C578063212,81125.49,105057.16,0,0
662,CASH_IN,58077.46,C352865517,144833.59,202911.05,C278631022,282072.56,223995.1,0,0
534,PAYMENT,7968.72,C206519173,22262.26,14293.54,M455466749,0.0,0.0,0,0
92,PAYMENT,338.06,C520291462,2392.71,2054.65,M106446400,0.0,0.0,0,0
532,CASH_OUT,25605.38,C601686501,79696.95,54091.57,C152755843,10107.14,35712.52,0,0
411,PAYMENT,2059.08,C527372617,2530.42,471.34,M600553014,0.0,0.0,0,0
123,PAYMENT,15198.86,C500287289,30810.55,15611.69,M273006674,0.0,0.0,0,0
197,CASH_OUT,72471.99,C995618951,131570.35,59098.36,C891929357,50469.33,122941.32,0,0
258,PAYMENT,991.01,C669218000,15210.47,14219.46,M409683710,0.0,0.0,0,0
249,CASH_OUT,226700.52,C820608327,238756.78,12056.26,C992680638,5377.9,232078.42,0,0
4,TRANSFER,22508.52,C690952914,27441.55,4933.03,C333241296,16842.18,39350.7,0,0
489,TRANSFER,21307.92,C191541351,27402.48,6094.56,C859722584,85116.34,106424.26,0,0
130,CASH_OUT,50890.23,C746033765,94279.6,43389.37,C839372975,22016.52,72906.75,0,0
135,CASH_OUT,37923.27,C695703788,82769.53,44846.26,C392952588,11868.25,49791.52,0,0
258,TRANSFER,8711.99,C343544633,15722.34,7010.35,C374033479,32479.57,41191.56,0,0
65,PAYMENT,2280.31,C172676632,5478.37,3198.06,M205537306,0.0,0.0,0,0
54,PAYMENT,1882.51,C367358908,12307.75,10425.24,M115873757,0.0,0.0,0,0
657,CASH_IN,9849.15,C785268864,88894.84,98743.99,C154201888,83885.62,74036.47,0,0
409,PAYMENT,660.54,C272125113,18704.37,18043.83,M930114533,0.0,0.0,0,0
219,PAYMENT,2464.4,C994823634,12704.17,10239.77,M264377392,0.0,0.0,0,0
110,CASH_OUT,67455.46,C597602783,73331.74,5876.28,C837294559,14232.72,81688.18,0,0
140,TRANSFER,135724.38,C758979517,175045.85,39321.47,C351808351,10720.78,146445.16,0,0
334,TRANSFER,97293.01,C547693322,131916.15,34623.14,C135459159,37381.75,134674.76,0,0
491,CASH_OUT,118978.36,C473888932,227198.11,108219.75,C794747383,115477.32,234455.68,0,0
396,CASH_OUT,42104.39,C345126517,51547.19,9442.8,C866381117,49347.07,91451.46,0,0
550,CASH_IN,58669.23,C965375015,35190.49,93859.72,C790520119,95411.74,36742.51,0,0
81,PAYMENT,15565.03,C144771511,29990.59,14425.56,M914520786,0.0,0.0,0,0
29,CASH_OUT,16423.48,C347593353,29053.09,12629.61,C897229082,97615.93,114039.41,0,0
415,CASH_OUT,20648.49,C722822504,43711.21,23062.72,C702519932,71077.66,91726.15,0,0
385,PAYMENT,9335.96,C773927665,10198.68,862.72,M907613323,0.0,0.0,0,0
64,PAYMENT,4762.57,C883729881,10072.17,5309.6,M417459527,0.0,0.0,0,0
362,PAYMENT,101.91,C797402243,4667.84,4565.93,M852781512,0.0,0.0,0,0
630,PAYMENT,17.11,C598391040,8678.6,8661.49,M197158864,0.0,0.0,0,0
328,PAYMENT,11010.77,C736604879,15263.36,4252.59,M370530172,0.0,0.0,0,0
45,CASH_IN,35933.93,C221448485,157154.13,193088.06,C386753443,131046.77,95112.84,0,0
298,PAYMENT,2680.09,C660110751,41413.88,38733.79,M449572103,0.0,0.0,0,0
111,CASH_OUT,9893.17,C416868701,47183.14,37289.97,C415153260,42823.05,52716.22,0,0
163,CASH_OUT,18583.67,C783419235,23228.53,4644.86,C870910906,17941.85,36525.52,0,0
597,TRANSFER,18491.02,C647213000,26706.78,8215.76,C666349679,43829.3,62320.32,0,0
150,CASH_IN,11873.41,C203831903,64267.55,76140.96,C653308554,30737.13,18863.72,0,0
25,DEBIT,1930.42,C565653299,19993.35,18062.93,C352723761,340.44,2270.86,0,0
376,CASH_IN,26715.4,C102746455,99436.52,126151.92,C275915118,62424.99,35709.59,0,0
302,CASH_IN,44915.31,C448840088,342.17,45257.48,C437849880,104226.32,59311.01,0,0
289,DEBIT,49.51,C824018929,468.41,418.9,C824893948,16570.78,16620.29,0,0
255,PAYMENT,12155.16,C173804705,18421.4,6266.24,M699116452,0.0,0.0,0,0
370,CASH_OUT,8740.91,C227198155,39421.8,30680.89,C136371748,191898.29,200639.2,0,0
395,CASH_OUT,19995.9,C894610811,22920.95,2925.05,C362474637,59479.73,79475.63,0,0
667,TRANSFER,1655.34,C279279661,6225.78,4570.44,C785388501,30329.42,31984.76,0,0
50,PAYMENT,791.91,C428918775,17052.12,16260.21,M700882408,0.0,0.0,0,0
698,PAYMENT,6150.68,C948288192,24197.54,18046.86,M526317114,0.0,0.0,0,0
402,PAYMENT,3644.99,C242425673,28443.14,24798.15,M320642175,0.0,0.0,0,0
651,CASH_OUT,3064.43,C978243274,18857.89,15793.46,C227310678,48199.68,51264.11,0,0
45,PAYMENT,3649.23,C811015024,6220.82,2571.59,M671286408,0.0,0.0,0,0
131,TRANSFER,50700.94,C689738507,99148.87,48447.93,C515601099,41985.73,92686.67,0,0
676,PAYMENT,10996.08,C961181827,14885.01,3888.93,M930486090,0.0,0.0,0,0
681,CASH_OUT,13914.19,C807009382,38924.27,25010.08,C732977800,36432.52,50346.71,0,0
580,PAYMENT,991.27,C568963180,1413.13,421.86,M185383568,0.0,0.0,0,0
542,CASH_OUT,12753.1,C665633816,39842.93,27089.83,C885223288,6094.46,18847.56,0,0
68,PAYMENT,3812.1,C594650444,7298.61,3486.51,M147262347,0.0,0.0,0,0
100,CASH_OUT,98942.14,C870271375,102209.76,3267.62,C818211064,13075.64,112017.78,0,0
11,CASH_OUT,118190.64,C461970939,166698.96,48508.32,C140399703,61131.44,179322.08,0,0
456,CASH_OUT,47033.89,C509683813,65840.52,18806.63,C687187842,14069.45,61103.34,0,0
618,PAYMENT,1759.25,C124795748,14662.25,12903.0,M640750446,0.0,0.0,0,0
721,CASH_OUT,13158.93,C721924315,24920.1,11761.17,C851634192,20733.77,33892.7,0,0
106,CASH_OUT,292469.69,C252506413,298880.11,6410.42,C838107136,24125.04,316594.73,0,0
424,CASH_OUT,20299.69,C896660544,31515.17,11215.48,C883820164,34976.97,55276.66,0,0
152,PAYMENT,2382.54,C449785864,53663.46,51280.92,M865789575,0.0,0.0,0,0
678,DEBIT,2108.51,C428172607,2973.6,865.09,C458974733,4301.53,6410.04,0,0
203,PAYMENT,20705.27,C571880369,30178.86,9473.59,M922924047,0.0,0.0,0,0
97,CASH_IN,11455.64,C683952017,217.57,11673.21,C760998536,13070.63,1614.99,0,0
500,PAYMENT,4083.25,C316788004,18047.32,13964.07,M922283884,0.0,0.0,0,0
638,DEBIT,1608.33,C735739947,3704.42,2096.09,C593152613,10651.74,12260.07,0,0
572,PAYMENT,6289.7,C602702624,7066.97,777.27,M259348148,0.0,0.0,0,0
320,CASH_OUT,56223.75,C723211417,75141.09,18917.34,C945148432,50899.38,107123.13,0,0
454,CASH_OUT,35491.2,C853285386,55154.03,19662.83,C636171661,48226.57,83717.77,0,0
433,PAYMENT,860.51,C748180250,2057.25,1196.74,M842193574,0.0,0.0,0,0
48,TRANSFER,26054.87,C495519423,200561.09,174506.22,C674036724,15746.71,41801.58,0,0
394,CASH_OUT,2683.95,C543025857,3414.53,730.58,C703851680,4808.28,7492.23,0,0
556,PAYMENT,14837.05,C478729971,26873.03,12035.98,M941268996,0.0,0.0,0,0
613,CASH_OUT,60789.59,C836398105,66606.31,5816.72,C939099042,96776.33,157565.92,0,0
430,PAYMENT,24859.47,C323545313,47678.08,22818.61,M304697650,0.0,0.0,0,0
57,PAYMENT,664.44,C195475717,11812.69,11148.25,M257022157,0.0,0.0,0,0
56,PAYMENT,10676.59,C603001900,11872.44,1195.85,M866008635,0.0,0.0,0,0
257,PAYMENT,14737.52,C102135945,18876.53,4139.01,M648739535,0.0,0.0,0,0
75,CASH_OUT,376220.78,C986119772,376220.78,0.0,C381320105,18701.25,394922.03,1,0
358,PAYMENT,5020.65,C248812160,6884.94,1864.29,M354697725,0.0,0.0,0,0
401,CASH_OUT,235450.99,C655695785,244881.35,9430.36,C475150126,118508.4,353959.39,0,0
351,PAYMENT,455.41,C441326246,6282.52,5827.11,M634844807,0.0,0.0,0,0
304,CASH_IN,77483.47,C867302937,69322.23,146805.7,C604816310,128566.62,51083.15,0,0
327,CASH_OUT,6252.6,C748677326,21687.17,15434.57,C207997019,34490.06,40742.66,0,0
556,CASH_IN,3869.37,C377654262,7727.96,11597.33,C380884372,78646.65,74777.28,0,0
80,CASH_OUT,33899.69,C785165004,47231.72,13332.03,C866114805,39592.89,73492.58,0,0
147,CASH_IN,7964.41,C225498089,3789.28,11753.69,C665752848,61072.83,53108.42,0,0
30,CASH_IN,57210.8,C503785812,43885.11,101095.91,C422181908,59541.03,2330.23,0,0
370,CASH_OUT,6101.03,C111305889,20772.71,14671.68,C559546395,28235.47,34336.5,0,0
742,CASH_IN,78493.44,C754053305,22139.04,100632.48,C751989153,143369.02,64875.58,0,0
209,CASH_IN,9771.2,C459736955,155864.08,165635.28,C103964965,67798.87,58027.67,0,0
322,CASH_OUT,69068.03,C570672414,77778.52,8710.49,C133213367,55497.96,124565.99,0,0
700,DEBIT,2437.34,C618990800,2669.23,231.89,C594907331,9293.83,11731.17,0,0
107,TRANSFER,1208939.97,C320257487,1208939.97,0.0,C145259683,0.0,0.0,1,0
182,TRANSFER,107174.23,C832000127,144010.32,36836.09,C450140853,11900.76,119074.99,0,0
146,CASH_IN,4794.13,C627255315,18794.91,23589.04,C411261060,37246.55,32452.42,0,0
266,DEBIT,2581.7,C388209889,30671.49,28089.79,C682447388,233.37,2815.07,0,0
323,PAYMENT,1828.37,C477362752,8528.73,6700.36,M845941033,0.0,0.0,0,0
568,CASH_IN,28616.38,C718246482,32873.92,61490.3,C640595014,72252.18,43635.8,0,0
32,CASH_OUT,51643.97,C132900326,64059.27,12415.3,C946729406,121326.93,172970.9,0,0
219,CASH_OUT,5077.98,C525956113,14733.0,9655.02,C877047922,115456.23,120534.21,0,0
35,TRANSFER,16606.29,C912968947,119637.43,103031.14,C740726509,3210.99,19817.28,0,0
350,CASH_OUT,20999.03,C482444643,35950.16,14951.13,C503865883,12115.26,33114.29,0,0
686,CASH_OUT,18812.25,C513897661,33625.68,14813.43,C902549061,340.64,19152.89,0,0
702,DEBIT,3663.67,C233112115,3878.37,214.7,C806596146,19605.46,23269.13,0,0
422,CASH_OUT,83869.34,C856466622,131603.69,47734.35,C854743958,3436.58,87305.92,0,0
175,CASH_OUT,346295.54,C327894113,346295.54,0.0,C805424223,37956.3,384251.84,1,0
92,PAYMENT,4735.64,C885846183,5864.38,1128.74,M339220458,0.0,0.0,0,0
213,PAYMENT,5285.67,C208061442,11780.89,6495.22,M302694722,0.0,0.0,0,0
393,PAYMENT,3513.77,C201217297,13715.27,10201.5,M216471310,0.0,0.0,0,0
55,CASH_OUT,15120.05,C739409644,34938.89,19818.84,C517398801,1730.43,16850.48,0,0
290,CASH_OUT,53687.6,C321514579,71547.45,17859.85,C211639104,123531.03,177218.63,0,0
601,PAYMENT,14724.98,C331984846,15752.93,1027.95,M201533671,0.0,0.0,0,0
7,TRANSFER,65610.32,C843061015,88752.47,23142.15,C777870472,47379.0,112989.32,0,0
59,PAYMENT,696.03,C771220100,3229.61,2533.58,M319754324,0.0,0.0,0,0
485,CASH_OUT,83919.0,C967897621,100810.61,16891.61,C927130253,8401.14,92320.14,0,0
540,PAYMENT,8069.54,C826886898,10687.34,2617.8,M555784453,0.0,0.0,0,0
302,PAYMENT,3616.92,C511817091,3966.39,349.47,M101330295,0.0,0.0,0,0
621,CASH_OUT,89156.64,C411148166,93909.26,4752.62,C131592790,40890.41,130047.05,0,0
101,CASH_OUT,11368.89,C836344716,20021.17,8652.28,C408287574,86551.1,97919.99,0,0
130,PAYMENT,188.84,C758538409,13256.35,13067.51,M223085375,0.0,0.0,0,0
277,PAYMENT,1151.24,C811332759,12973.19,11821.95,M466181297,0.0,0.0,0,0
319,PAYMENT,1416.17,C688710148,6496.3,5080.13,M770223640,0.0,0.0,0,0
567,PAYMENT,1145.48,C462433178,2690.43,1544.95,M228260998,0.0,0.0,0,0
83,CASH_OUT,3560.52,C147560484,12886.41,9325.89,C824705507,33913.97,37474.49,0,0
107,CASH_OUT,12058.85,C656738234,30680.18,18621.33,C726140892,19322.2,31381.05,0,0
49,CASH_IN,43136.39,C302649805,163390.94,206527.33,C422966745,76020.07,32883.68,0,0
594,CASH_OUT,35219.88,C797751151,62456.17,27236.29,C532192358,10306.9,45526.78,0,0
393,CASH_OUT,92010.46,C617984565,118221.47,26211.01,C647101602,24859.62,116870.08,0,0
487,PAYMENT,11579.81,C831519126,11740.55,160.74,M179963494,0.0,0.0,0,0
49,PAYMENT,3255.86,C277892005,29696.02,26440.16,M866609310,0.0,0.0,0,0
553,CASH_OUT,18957.9,C680122755,27841.09,8883.19,C501720930,134357.32,153315.22,0,0
720,PAYMENT,4503.33,C905291971,6570.5,2067.17,M987887501,0.0,0.0,0,0
554,TRANSFER,26069.55,C481919065,28002.58,1933.03,C744036089,29844.62,55914.17,0,0
106,CASH_OUT,160056.96,C947261817,181560.27,21503.31,C974793914,12884.89,172941.85,0,0
541,CASH_OUT,13134.77,C768490923,31291.77,18157.0,C193426035,20591.09,33725.86,0,0
103,CASH_OUT,65952.49,C337192976,76970.28,11017.79,C569360101,1654.22,67606.71,0,0
335,PAYMENT,5610.31,C689020411,14095.35,8485.04,M311503095,0.0,0.0,0,0
216,PAYMENT,8199.44,C548372438,11392.03,3192.59,M135197106,0.0,0.0,0,0
354,CASH_OUT,826.75,C575575529,3095.41,2268.66,C812027454,3885.82,4712.57,0,0
219,TRANSFER,32524.16,C187441386,111925.99,79401.83,C469460222,37456.23,69980.39,0,0
521,CASH_IN,90020.58,C150530689,10183.29,100203.87,C477466167,104396.82,14376.24,0,0
723,PAYMENT,6012.98,C662703231,12105.45,6092.47,M447944132,0.0,0.0,0,0
546,TRANSFER,41794.3,C541362217,63974.43,22180.13,C949557773,22103.82,63898.12,0,0
212,PAYMENT,1529.81,C375387500,11282.94,9753.13,M369295521,0.0,0.0,0,0
432,CASH_IN,55141.86,C552847091,14539.95,69681.81,C106498450,87279.51,32137.65,0,0
39,PAYMENT,18893.5,C417111494,19714.43,820.93,M461637995,0.0,0.0,0,0
282,PAYMENT,5387.06,C832901773,20464.36,15077.3,M926952919,0.0,0.0,0,0
447,CASH_OUT,78013.87,C725644483,82358.76,4344.89,C142120337,36620.27,114634.14,0,0
665,CASH_OUT,48853.85,C182699709,81231.49,32377.64,C957359591,2885.96,51739.81,0,0
105,PAYMENT,1048.52,C494678793,17158.84,16110.32,M608901105,0.0,0.0,0,0
594,CASH_OUT,19265.77,C857445250,23161.16,3895.39,C803502464,40626.13,59891.9,0,0
110,TRANSFER,6196.94,C828482373,44734.12,38537.18,C622289947,24842.34,31039.28,0,0
126,PAYMENT,177.19,C266232626,3297.4,3120.21,M395753676,0.0,0.0,0,0
668,CASH_OUT,24970.79,C885120139,27764.06,2793.27,C335420634,15456.51,40427.3,0,0
247,CASH_OUT,6596.86,C670643660,19427.04,12830.18,C602078883,30836.85,37433.71,0,0
194,CASH_OUT,18743.26,C433781108,24069.14,5325.88,C477772810,22011.1,40754.36,0,0
664,PAYMENT,1160.16,C115002709,15039.55,13879.39,M140009785,0.0,0.0,0,0
554,PAYMENT,1443.32,C529337290,5199.98,3756.66,M781490100,0.0,0.0,0,0
94,CASH_OUT,115253.74,C432583346,122739.32,7485.58,C788776974,12795.85,128049.59,0,0
716,CASH_OUT,42978.53,C724938523,67097.14,24118.61,C956732335,50168.4,93146.93,0,0
339,PAYMENT,1457.21,C925086408,25500.83,24043.62,M233660002,0.0,0.0,0,0
410,CASH_OUT,169828.35,C347656747,190037.64,20209.29,C340643266,60948.99,230777.34,0,0
92,CASH_OUT,37817.58,C295017855,57944.77,20127.19,C657020601,52564.4,90381.98,0,0
339,CASH_OUT,12277.5,C202402824,13539.95,1262.45,C664029085,6780.27,19057.77,0,0
178,PAYMENT,9914.35,C669078681,19433.75,9519.4,M625842974,0.0,0.0,0,0
94,PAYMENT,3121.22,C686094451,6691.65,3570.43,M275408368,0.0,0.0,0,0
160,CASH_IN,37085.18,C484761574,17263.86,54349.04,C386701581,189091.1,152005.92,0,0
153,CASH_OUT,26555.41,C279753517,34745.16,8189.75,C749092445,33959.56,60514.97,0,0
291,CASH_IN,91125.4,C743948158,3730.24,94855.64,C304377506,141228.45,50103.05,0,0
104,CASH_OUT,1244755.74,C178961705,1244755.74,0.0,C983870360,26142.2,1270897.94,1,0
520,CASH_OUT,24594.68,C531676252,87659.58,63064.9,C707323891,20685.86,45280.54,0,0
445,DEBIT,1336.59,C846752069,14881.99,13545.4,C737310279,10690.67,12027.26,0,0
111,PAYMENT,3307.99,C850782239,10286.19,6978.2,M404631333,0.0,0.0,0,0
656,CASH_OUT,113381.93,C275462036,141083.35,27701.42,C822614443,70519.31,183901.24,0,0
251,TRANSFER,13873.53,C204165545,75974.1,62100.57,C732522639,3171.83,17045.36,0,0
188,PAYMENT,3277.16,C121001137,13639.01,10361.85,M403978592,0.0,0.0,0,0
487,CASH_OUT,69156.3,C122729107,76134.68,6978.38,C843735903,49041.05,118197.35,0,0
447,CASH_OUT,159175.52,C181748464,165364.53,6189.01,C840795734,14068.73,173244.25,0,0
236,PAYMENT,16147.32,C643456578,16817.78,670.46,M398538527,0.0,0.0,0,0
664,PAYMENT,8132.35,C505813523,8788.16,655.81,M212763377,0.0,0.0,0,0
635,CASH_OUT,151932.16,C234094233,180854.59,28922.43,C886318615,6609.97,158542.13,0,0
376,PAYMENT,5180.17,C654188100,9829.15,4648.98,M549338818,0.0,0.0,0,0
201,PAYMENT,6933.41,C659532909,21108.0,14174.59,M452995712,0.0,0.0,0,0
433,TRANSFER,81014.45,C104180987,82671.09,1656.64,C153975917,82220.4,163234.85,0,0
127,PAYMENT,12199.71,C893493245,17291.26,5091.55,M114253123,0.0,0.0,0,0
20,PAYMENT,3171.01,C565142435,8702.57,5531.56,M468689760,0.0,0.0,0,0
439,CASH_OUT,55037.61,C502407589,81118.44,26080.83,C491754807,5225.27,60262.88,0,0
60,CASH_OUT,108290.82,C254343923,114098.26,5807.44,C534683187,19195.54,127486.36,0,0
82,CASH_IN,53634.2,C816203219,15896.64,69530.84,C630923638,87988.46,34354.26,0,0
135,CASH_IN,400.78,C600369497,76361.58,76762.36,C491412199,182658.87,182258.09,0,0
519,CASH_OUT,49927.8,C843452262,80125.84,30198.04,C682583602,54955.29,104883.09,0,0
164,PAYMENT,6037.51,C219017577,11343.53,5306.02,M803010023,0.0,0.0,0,0
494,PAYMENT,2322.72,C107681356,2527.16,204.44,M722138165,0.0,0.0,0,0
167,TRANSFER,74525.44,C430493562,99784.71,25259.27,C394653513,14455.71,88981.15,0,0
649,CASH_IN,60083.71,C275422284,114723.92,174807.63,C502469414,137552.38,77468.67,0,0
436,PAYMENT,3637.48,C735003527,10209.74,6572.26,M446034097,0.0,0.0,0,0
245,CASH_OUT,224854.4,C399861741,230627.49,5773.09,C242650385,2797.96,227652.36,0,0
525,CASH_IN,26823.65,C923978701,6120.62,32944.27,C224746781,66684.21,39860.56,0,0
256,CASH_OUT,13422.38,C703883635,19889.11,6466.73,C893135894,15040.96,28463.34,0,0
399,PAYMENT,6555.29,C443579390,13931.64,7376.35,M143701301,0.0,0.0,0,0
53,TRANSFER,150142.43,C697135123,248047.16,97904.73,C544716243,116018.73,266161.16,0,0
403,PAYMENT,2231.02,C867523996,6924.68,4693.66,M454969631,0.0,0.0,0,0
446,CASH_OUT,73460.91,C826141968,79599.17,6138.26,C952122251,51962.95,125423.86,0,0
471,CASH_OUT,39568.52,C118756965,84778.17,45209.65,C690520777,14316.09,53884.61,0,0
216,PAYMENT,3717.88,C337376260,3966.77,248.89,M668860604,0.0,0.0,0,0
120,CASH_OUT,14455.21,C552004875,15206.23,751.02,C942878698,30325.94,44781.15,0,0
506,PAYMENT,3464.32,C348306432,7314.41,3850.09,M527489013,0.0,0.0,0,0
203,PAYMENT,15609.64,C667077908,20874.31,5264.67,M519329221,0.0,0.0,0,0
199,DEBIT,50.2,C647903328,2456.19,2405.99,C462833032,9461.37,9511.57,0,0
359,CASH_OUT,58969.5,C405734781,67259.48,8289.98,C926856395,11459.13,70428.63,0,0
72,PAYMENT,13028.39,C457711514,28311.79,15283.4,M457398905,0.0,0.0,0,0
57,DEBIT,2143.48,C876201504,9163.28,7019.8,C754986388,14961.75,17105.23,0,0
194,CASH_OUT,23289.7,C286543159,54509.97,31220.27,C331074052,23461.11,46750.81,0,0
250,PAYMENT,2645.23,C649193215,8069.99,5424.76,M482876243,0.0,0.0,0,0
733,PAYMENT,5339.66,C810803333,45622.81,40283.15,M609896432,0.0,0.0,0,0
72,TRANSFER,66779.17,C744730529,98675.39,31896.22,C120940298,30427.05,97206.22,0,0
225,CASH_OUT,138714.76,C378977451,156754.24,18039.48,C988698926,197659.82,336374.58,0,0
343,CASH_OUT,27647.92,C675953777,38807.96,11160.04,C601597915,31642.49,59290.41,0,0
579,PAYMENT,4638.03,C219185287,51608.02,46969.99,M765131844,0.0,0.0,0,0
468,CASH_OUT,67003.62,C461471896,74603.97,7600.35,C557061204,26458.46,93462.08,0,0
331,CASH_OUT,78220.03,C743633050,102116.41,23896.38,C801451022,58723.06,136943.09,0,0
391,PAYMENT,1984.42,C688850527,5578.28,3593.86,M339676403,0.0,0.0,0,0
740,CASH_IN,14441.2,C622563990,69472.6,83913.8,C402331921,128711.41,114270.21,0,0
248,TRANSFER,2722.04,C219965284,47142.78,44420.74,C906337110,54203.67,56925.71,0,0
424,PAYMENT,3226.29,C483613718,23126.41,19900.12,M633418192,0.0,0.0,0,0
553,PAYMENT,90.25,C166796410,615.95,525.7,M615051211,0.0,0.0,0,0
518,PAYMENT,3553.88,C989500598,6661.87,3107.99,M677570859,0.0,0.0,0,0
383,PAYMENT,2456.63,C349157157,20396.08,17939.45,M114785428,0.0,0.0,0,0
554,CASH_OUT,72245.55,C866010113,168629.21,96383.66,C198022595,16949.03,89194.58,0,0
672,CASH_IN,11431.94,C927056049,10228.34,21660.28,C897425192,27142.48,15710.54,0,0
253,PAYMENT,5610.88,C456377465,14320.44,8709.56,M136619194,0.0,0.0,0,0
695,CASH_OUT,52940.82,C816705767,85927.14,32986.32,C234998576,57487.35,110428.17,0,0
285,CASH_IN,13445.4,C236530348,90983.78,104429.18,C793564972,43301.1,29855.7,0,0
155,CASH_OUT,75957.59,C444733782,79477.38,3519.79,C740763361,4709.45,80667.04,0,0
724,TRANSFER,4047.04,C957732285,33159.48,29112.44,C468997153,74532.66,78579.7,0,0
603,PAYMENT,470.74,C751925482,2099.39,1628.65,M947969760,0.0,0.0,0,0
587,CASH_OUT,16213.26,C994782794,41089.83,24876.57,C314143212,37283.2,53496.46,0,0
686,TRANSFER,35128.57,C442058086,123749.11,88620.54,C960639352,19911.84,55040.41,0,0
149,TRANSFER,802.73,C677385744,15279.14,14476.41,C765475935,49633.23,50435.96,0,0
377,CASH_OUT,9507.36,C668598100,40118.15,30610.79,C798653837,28456.38,37963.74,0,0
10,PAYMENT,6386.92,C233329197,17053.24,10666.32,M877301350,0.0,0.0,0,0
222,TRANSFER,23564.84,C658163366,28694.29,5129.45,C472284436,26133.6,49698.44,0,0
275,TRANSFER,30069.02,C343837557,51455.7,21386.68,C765406528,21854.93,51923.95,0,0
525,PAYMENT,4691.31,C287312825,9363.46,4672.15,M994004697,0.0,0.0,0,0
392,TRANSFER,500291.38,C372821366,500291.38,0.0,C616013643,0.0,0.0,1,0
73,PAYMENT,15170.47,C583634249,21071.07,5900.6,M923618170,0.0,0.0,0,0
688,CASH_OUT,20752.23,C879686904,37697.39,16945.16,C230826793,23723.37,44475.6,0,0
68,CASH_OUT,32738.39,C544853241,43896.53,11158.14,C714582369,57253.06,89991.45,0,0
395,PAYMENT,13755.78,C941506731,21633.91,7878.13,M742639135,0.0,0.0,0,0
159,PAYMENT,783.21,C543739370,8818.85,8035.64,M114445343,0.0,0.0,0,0
73,CASH_IN,15483.86,C184250838,91783.22,107267.08,C128357507,122649.13,107165.27,0,0
291,CASH_OUT,6790.04,C726008029,20213.58,13423.54,C633706529,29518.74,36308.78,0,0
296,CASH_IN,46393.52,C586342272,38125.6,84519.12,C844458764,79224.24,32830.72,0,0
396,CASH_OUT,46903.67,C560377040,149408.4,102504.73,C578697472,3930.44,50834.11,0,0
316,CASH_IN,30196.98,C417847244,52113.52,82310.5,C151501998,49540.22,19343.24,0,0
144,CASH_IN,10752.15,C142609906,105022.35,115774.5,C934657037,22170.41,11418.26,0,0
114,CASH_OUT,20085.11,C703485561,33917.51,13832.4,C529844171,86423.21,106508.32,0,0
635,CASH_IN,7288.86,C534899159,65718.03,73006.89,C721177121,51885.78,44596.92,0,0
627,CASH_OUT,42301.89,C632444492,65954.13,23652.24,C560314065,73.53,42375.42,0,0
52,PAYMENT,2481.8,C776180971,19076.16,16594.36,M617409341,0.0,0.0,0,0
108,CASH_OUT,66059.28,C203558853,66483.34,424.06,C124097525,20151.2,86210.48,0,0
396,CASH_OUT,94679.42,C720038112,155888.19,61208.77,C470670561,58298.04,152977.46,0,0
588,CASH_IN,1055.92,C860879409,3412.92,4468.84,C506234307,63812.11,62756.19,0,0
681,PAYMENT,1420.7,C125285388,11119.94,9699.24,M899625343,0.0,0.0,0,0
337,TRANSFER,3423.9,C954343563,57848.13,54424.23,C331491420,2465.66,5889.56,0,0
543,CASH_OUT,24563.09,C162403858,26970.0,2406.91,C753274070,62133.32,86696.41,0,0
249,PAYMENT,10207.57,C223552477,37875.74,27668.17,M423098436,0.0,0.0,0,0
61,CASH_OUT,10871.07,C345182928,13518.47,2647.4,C351426609,52769.6,63640.67,0,0
473,CASH_OUT,1628.04,C878369579,7360.0,5731.96,C723332797,16319.91,17947.95,0,0
678,TRANSFER,1210514.92,C689934615,1210514.92,0.0,C246197461,0.0,0.0,1,0
529,PAYMENT,7010.95,C850744929,9831.98,2821.03,M716898163,0.0,0.0,0,0
303,PAYMENT,3168.12,C711820295,8834.81,5666.69,M436245732,0.0,0.0,0,0
540,CASH_OUT,614882.9,C304764085,614882.9,0.0,C866619399,23311.89,638194.79,1,0
124,TRANSFER,106467.08,C265551405,145213.97,38746.89,C825007003,9218.55,115685.63,0,0
479,CASH_IN,10266.45,C832746398,13743.08,24009.53,C806089657,61565.38,51298.93,0,0
96,CASH_OUT,45243.13,C755359416,70729.16,25486.03,C190041346,75882.63,121125.76,0,0
520,CASH_OUT,63204.57,C579241529,67154.74,3950.17,C549736300,4709.24,67913.81,0,0
260,TRANSFER,34438.37,C767227041,59492.9,25054.53,C757494278,9110.68,43549.05,0,0
464,PAYMENT,2511.31,C416013262,6717.67,4206.36,M402364993,0.0,0.0,0,0
70,CASH_IN,2097.03,C366135352,13909.65,16006.68,C788208459,90433.48,88336.45,0,0
114,CASH_IN,138432.82,C542983171,75126.4,213559.22,C776739228,216143.33,77710.51,0,0
28,PAYMENT,1281.11,C947646461,1990.2,709.09,M456056427,0.0,0.0,0,0
105,PAYMENT,3166.13,C137109522,5819.47,2653.34,M876717633,0.0,0.0,0,0
620,CASH_OUT,59125.23,C211947863,115039.45,55914.22,C794412678,7878.83,67004.06,0,0
138,PAYMENT,23731.63,C842042615,25855.93,2124.3,M271541555,0.0,0.0,0,0
263,TRANSFER,197527.4,C395716265,231563.29,34035.89,C590305701,39288.35,236815.75,0,0
647,PAYMENT,1924.71,C445533067,15603.23,13678.52,M112268598,0.0,0.0,0,0
40,PAYMENT,5416.29,C399409133,5546.5,130.21,M620311197,0.0,0.0,0,0
373,PAYMENT,2403.67,C521202218,5781.7,3378.03,M372512672,0.0,0.0,0,0
314,PAYMENT,624.18,C203696042,8791.78,8167.6,M260668838,0.0,0.0,0,0
262,PAYMENT,2029.53,C731593136,19285.02,17255.49,M356152790,0.0,0.0,0,0
21,TRANSFER,90107.4,C354896053,172937.67,82830.27,C809521584,28869.94,118977.34,0,0
280,CASH_OUT,43555.49,C815071951,48846.0,5290.51,C649192069,108967.61,152523.1,0,0
410,PAYMENT,205.22,C477007899,2602.33,2397.11,M520951123,0.0,0.0,0,0
201,CASH_IN,51801.68,C108297530,53510.74,105312.42,C730915958,130875.92,79074.24,0,0
64,CASH_OUT,15833.31,C530420723,34249.82,18416.51,C432754996,106349.59,122182.9,0,0
335,PAYMENT,10704.06,C290988946,11314.81,610.75,M631847269,0.0,0.0,0,0
605,PAYMENT,3579.38,C447685832,4974.46,1395.08,M699584932,0.0,0.0,0,0
200,PAYMENT,3275.74,C201109501,83510.06,80234.32,M431875730,0.0,0.0,0,0
559,PAYMENT,1874.12,C555818018,23087.78,21213.66,M937912562,0.0,0.0,0,0
587,DEBIT,2721.37,C975543045,31900.38,29179.01,C415468820,5952.35,8673.72,0,0
226,TRANSFER,15153.06,C973968453,34286.57,19133.51,C940182451,6102.63,21255.69,0,0
464,PAYMENT,2079.79,C162785833,19750.68,17670.89,M598174544,0.0,0.0,0,0
86,TRANSFER,14875.4,C392978227,15429.76,554.36,C511369258,187176.79,202052.19,0,0
82,PAYMENT,11581.18,C549264307,12899.31,1318.13,M903567864,0.0,0.0,0,0
717,PAYMENT,1498.02,C876273707,23400.74,21902.72,M322126578,0.0,0.0,0,0
630,CASH_OUT,39493.02,C744893656,92914.54,53421.52,C514117769,82179.34,121672.36,0,0
33,CASH_IN,112742.86,C673416883,59030.58,171773.44,C894190080,234067.07,121324.21,0,0
537,TRANSFER,11330.53,C456397275,23698.75,12368.22,C786892235,1337.48,12668.01,0,0
103,CASH_OUT,26764.06,C859072498,56891.25,30127.19,C509927174,13269.39,40033.45,0,0
237,PAYMENT,7159.5,C645986124,13548.83,6389.33,M444547550,0.0,0.0,0,0
691,TRANSFER,30023.48,C722790317,68351.97,38328.49,C103623886,7451.67,37475.15,0,0
541,PAYMENT,958.87,C146054090,18274.99,17316.12,M336704845,0.0,0.0,0,0
122,PAYMENT,2516.14,C591465067,5419.43,2903.29,M986342659,0.0,0.0,0,0
3,PAYMENT,9514.41,C569725959,10060.79,546.38,M914898584,0.0,0.0,0,0
499,CASH_IN,72010.15,C788042501,40288.71,112298.86,C701403000,101252.83,29242.68,0,0
710,CASH_OUT,22216.48,C138668610,84952.63,62736.15,C319256841,211873.74,234090.22,0,0
132,CASH_OUT,17832.1,C880133100,24971.33,7139.23,C597631755,192986.83,210818.93,0,0
629,CASH_IN,29755.5,C643492266,124681.69,154437.19,C768166448,100055.53,70300.03,0,0
335,CASH_OUT,25302.57,C875868310,110795.9,85493.33,C719339616,17138.39,42440.96,0,0
103,CASH_OUT,182869.66,C817575878,202660.69,19791.03,C375814087,23962.03,206831.69,0,0
527,CASH_IN,4358.54,C323816476,56134.12,60492.66,C654367178,8773.31,4414.77,0,0
665,PAYMENT,5351.52,C692138504,6561.6,1210.08,M615294771,0.0,0.0,0,0
503,TRANSFER,665442.81,C184431102,665442.81,0.0,C686518476,0.0,0.0,1,1
319,PAYMENT,3289.96,C324778060,7883.31,4593.35,M875134454,0.0,0.0,0,0
117,CASH_OUT,138411.36,C190215663,163626.23,25214.87,C632969977,23334.39,161745.75,0,0
433,PAYMENT,1770.41,C347939687,21594.72,19824.31,M586796680,0.0,0.0,0,0
292,PAYMENT,6818.16,C115664082,8879.11,2060.95,M945387093,0.0,0.0,0,0
303,DEBIT,1658.05,C739867329,5145.62,3487.57,C179649311,24693.96,26352.01,0,0
541,PAYMENT,8650.14,C506899174,11058.64,2408.5,M324569201,0.0,0.0,0,0
245,PAYMENT,231.54,C664867843,10557.06,10325.52,M324824737,0.0,0.0,0,0
601,PAYMENT,3057.85,C786204243,3134.79,76.94,M527211925,0.0,0.0,0,0
216,CASH_OUT,17544.19,C129398150,38241.49,20697.3,C304114683,77373.04,94917.23,0,0
356,PAYMENT,3994.82,C988763239,10132.55,6137.73,M100618299,0.0,0.0,0,0
375,PAYMENT,5089.66,C694179608,13433.48,8343.82,M560894092,0.0,0.0,0,0
707,PAYMENT,16478.49,C297089573,57562.39,41083.9,M889254952,0.0,0.0,0,0
107,TRANSFER,66666.38,C291416228,104282.35,37615.97,C858393310,2619.12,69285.5,0,0
570,CASH_IN,3902.47,C271878731,63949.84,67852.31,C299362039,44633.66,40731.19,0,0
743,CASH_OUT,13898.78,C245723809,27476.98,13578.2,C147591166,70866.3,84765.08,0,0
635,TRANSFER,800008.24,C329912119,800008.24,0.0,C413395143,0.0,0.0,1,0
651,PAYMENT,7839.16,C770709837,12222.94,4383.78,M578490191,0.0,0.0,0,0
208,CASH_OUT,82099.96,C691403481,165192.7,83092.74,C900542933,5080.3,87180.26,0,0
30,PAYMENT,8481.79,C799483034,10531.06,2049.27,M781306410,0.0,0.0,0,0
96,CASH_IN,440.32,C725706991,194801.74,195242.06,C583281719,2247.83,1807.51,0,0
555,CASH_IN,17242.67,C786773925,35714.39,52957.06,C556851610,66210.95,48968.28,0,0
190,PAYMENT,241.1,C457314024,10832.84,10591.74,M214546552,0.0,0.0,0,0
141,PAYMENT,647.67,C573495887,1559.5,911.83,M224523353,0.0,0.0,0,0
223,PAYMENT,2580.96,C356072984,5956.09,3375.13,M721472546,0.0,0.0,0,0
500,CASH_OUT,247892.89,C497830799,257018.0,9125.11,C883173556,24181.27,272074.16,0,0
18,CASH_OUT,7231.04,C328517618,14796.95,7565.91,C318047092,24916.48,32147.52,0,0
240,PAYMENT,1043.24,C345167096,19280.55,18237.31,M283839803,0.0,0.0,0,0
17,PAYMENT,8495.0,C883605449,10680.13,2185.13,M468554459,0.0,0.0,0,0
48,TRANSFER,697364.45,C939653706,697364.45,0.0,C437036025,0.0,0.0,1,0
682,CASH_OUT,68516.32,C822416509,90967.84,22451.52,C891409922,26191.32,94707.64,0,0
366,PAYMENT,1348.81,C282498207,7866.03,6517.22,M186406920,0.0,0.0,0,0
333,TRANSFER,102858.32,C423072561,119063.27,16204.95,C760379598,98793.71,201652.03,0,0
295,CASH_IN,177191.06,C131148937,53769.41,230960.47,C790099211,204477.26,27286.2,0,0
512,TRANSFER,33940.32,C165991837,35740.82,1800.5,C766965194,768.76,34709.08,0,0
245,CASH_OUT,83240.2,C676685913,110989.08,27748.88,C285115363,40119.56,123359.76,0,0
704,CASH_OUT,196330.27,C822320610,198328.52,1998.25,C172438325,23439.48,219769.75,0,0
139,PAYMENT,1496.57,C450578226,7881.93,6385.36,M308645778,0.0,0.0,0,0
376,PAYMENT,7323.03,C804842329,11315.54,3992.51,M852619847,0.0,0.0,0,0
572,CASH_OUT,93312.9,C737255766,145129.77,51816.87,C739159791,44276.95,137589.85,0,0
256,CASH_OUT,24772.72,C828538412,40455.73,15683.01,C697177273,78020.6,102793.32,0,0
388,PAYMENT,4069.86,C473608032,53575.45,49505.59,M981026626,0.0,0.0,0,0
153,PAYMENT,463.43,C802257143,10777.78,10314.35,M818298925,0.0,0.0,0,0
1,CASH_OUT,25951.84,C206150035,39593.3,13641.46,C942810219,17647.71,43599.55,0,0
535,PAYMENT,19305.81,C998669977,26891.84,7586.03,M864876386,0.0,0.0,0,0
488,CASH_OUT,46701.62,C375525803,96381.93,49680.31,C447484080,120000.54,166702.16,0,0
59,PAYMENT,4392.56,C971015005,18554.56,14162.0,M825299010,0.0,0.0,0,0
543,PAYMENT,10787.95,C545050797,17463.07,6675.12,M425671201,0.0,0.0,0,0
566,CASH_OUT,142068.0,C498548100,168244.28,26176.28,C253148412,92062.44,234130.44,0,0
474,PAYMENT,15122.62,C743249212,17248.69,2126.07,M222644741,0.0,0.0,0,0
116,CASH_IN,19918.83,C412352543,33450.86,53369.69,C714946325,32217.08,12298.25,0,0
422,CASH_OUT,74987.53,C269132866,82737.31,7749.78,C512002497,17626.02,92613.55,0,0
399,PAYMENT,9123.07,C923530093,13991.99,4868.92,M696068494,0.0,0.0,0,0
681,CASH_OUT,5595.66,C631151622,12920.55,7324.89,C656096734,16549.98,22145.64,0,0
248,PAYMENT,55.36,C497193381,11124.72,11069.36,M146018987,0.0,0.0,0,0
668,CASH_OUT,6679.06,C272661222,9579.27,2900.21,C169506720,4762.42,11441.48,0,0
714,CASH_OUT,1355822.55,C403782108,1355822.55,0.0,C718465328,20533.08,1376355.63,1,0
232,CASH_IN,3109.15,C254635205,51494.13,54603.28,C664080297,14610.65,11501.5,0,0
638,PAYMENT,2053.54,C442581288,6562.44,4508.9,M752492244,0.0,0.0,0,0
269,DEBIT,2470.08,C946097034,15134.34,12664.26,C445659432,15525.31,17995.39,0,0
562,CASH_OUT,51126.26,C901421219,87465.49,36339.23,C412991008,38744.51,89870.77,0,0
656,PAYMENT,4410.91,C992966548,19193.22,14782.31,M746566875,0.0,0.0,0,0
169,CASH_IN,24805.82,C364866894,7402.34,32208.16,C603705670,87359.05,62553.23,0,0
3,CASH_IN,110947.96,C540103456,40952.7,151900.66,C683731677,111283.91,335.95,0,0
520,CASH_OUT,5515.8,C416187957,39300.78,33784.98,C121442181,14088.42,19604.22,0,0
30,TRANSFER,514175.17,C642601282,514175.17,0.0,C828023824,0.0,0.0,1,0
89,CASH_IN,26727.98,C450137454,19363.17,46091.15,C628683558,52710.04,25982.06,0,0
510,CASH_IN,12210.99,C126929593,105001.48,117212.47,C469562884,34605.34,22394.35,0,0
719,CASH_OUT,947.76,C458277579,28633.33,27685.57,C651409623,40942.93,41890.69,0,0
284,PAYMENT,3693.4,C656665303,4811.31,1117.91,M405529824,0.0,0.0,0,0
271,PAYMENT,4455.08,C528197822,7927.94,3472.86,M488226358,0.0,0.0,0,0
304,PAYMENT,1250.72,C949224615,38655.58,37404.86,M873410238,0.0,0.0,0,0
169,CASH_OUT,27573.97,C744082424,47253.56,19679.59,C734405655,13519.5,41093.47,0,0
619,CASH_OUT,127373.42,C206465058,143600.35,16226.93,C559135384,4742.23,132115.65,0,0
440,PAYMENT,11323.49,C288994622,14647.8,3324.31,M742463592,0.0,0.0,0,0
606,CASH_IN,10751.46,C236614339,96284.42,107035.88,C866779852,87354.88,76603.42,0,0
1,PAYMENT,2366.07,C872250495,3784.47,1418.4,M466378419,0.0,0.0,0,0
142,CASH_OUT,11098.85,C277891608,31698.8,20599.95,C238226630,20178.23,31277.08,0,0
258,CASH_OUT,37392.46,C976500355,75402.52,38010.06,C867092495,107299.68,144692.14,0,0
154,PAYMENT,23853.09,C541530927,26565.95,2712.86,M910317690,0.0,0.0,0,0
451,CASH_OUT,16826.53,C480321685,19491.67,2665.14,C261952086,51078.79,67905.32,0,0
593,CASH_OUT,57038.86,C879648355,79156.43,22117.57,C332986124,114123.84,171162.7,0,0
568,CASH_OUT,257150.53,C955997094,265627.35,8476.82,C280478078,33641.01,290791.54,0,0
365,CASH_OUT,7456.8,C651420805,13488.05,6031.25,C605313465,26897.7,34354.5,0,0
419,TRANSFER,1141841.46,C350382233,1141841.46,0.0,C234275039,0.0,1141841.46,1,1
68,DEBIT,4736.15,C736160186,11062.51,6326.36,C306674111,8226.75,12962.9,0,0
124,CASH_OUT,70943.21,C497648271,86506.12,15562.91,C462281867,125613.58,196556.79,0,0
589,TRANSFER,37087.53,C912963719,38042.21,954.68,C466656122,3795.45,40882.98,0,0
219,CASH_IN,87309.54,C915540183,41882.41,129191.95,C685670768,138552.6,51243.06,0,0
612,TRANSFER,26438.57,C168644551,55923.01,29484.44,C195495112,15451.17,41889.74,0,0
239,CASH_IN,42896.38,C916157703,17146.31,60042.69,C300790527,54286.79,11390.41,0,0
328,PAYMENT,25344.47,C512138741,39314.14,13969.67,M574402382,0.0,0.0,0,0
158,TRANSFER,6415.45,C145816166,37416.53,31001.08,C646157395,24787.82,31203.27,0,0
252,CASH_IN,85276.15,C922818663,52752.52,138028.67,C254020492,156037.97,70761.82,0,0
281,TRANSFER,30401.44,C589008072,36062.7,5661.26,C987568916,12269.63,42671.07,0,0
581,CASH_OUT,41705.27,C627378611,48002.11,6296.84,C765409547,19929.48,61634.75,0,0
384,CASH_OUT,31051.81,C713108439,54899.59,23847.78,C269793276,44322.73,75374.54,0,0
139,CASH_IN,73426.21,C309516311,99346.42,172772.63,C790001931,84996.24,11570.03,0,0
70,PAYMENT,3470.46,C666299145,6067.97,2597.51,M355155413,0.0,0.0,0,0
73,PAYMENT,3109.2,C736481305,9450.34,6341.14,M666753879,0.0,0.0,0,0
92,CASH_IN,30406.21,C271349842,80776.37,111182.58,C317227024,69039.64,38633.43,0,0
687,CASH_OUT,168294.83,C204149333,181794.16,13499.33,C901377152,32826.4,201121.23,0,0
173,TRANSFER,15840.6,C182033599,27612.11,11771.51,C459105964,29977.5,45818.1,0,0
585,CASH_OUT,2692.39,C641241765,9855.04,7162.65,C350747522,33664.57,36356.96,0,0
674,PAYMENT,13437.03,C547997703,16015.93,2578.9,M926838552,0.0,0.0,0,0
311,DEBIT,952.64,C314409349,13293.17,12340.53,C806423168,4714.85,5667.49,0,0
252,TRANSFER,7274.59,C732271607,12648.23,5373.64,C606835719,17940.37,25214.96,0,0
117,PAYMENT,10972.99,C848961024,14262.46,3289.47,M142580574,0.0,0.0,0,0
9,TRANSFER,46258.96,C533349509,47903.66,1644.7,C595230021,8147.12,54406.08,0,0
285,PAYMENT,3668.46,C212559496,12378.69,8710.23,M844608693,0.0,0.0,0,0
306,PAYMENT,11467.52,C441278523,12173.19,705.67,M232396940,0.0,0.0,0,0
255,CASH_OUT,118068.65,C733995333,135306.31,17237.66,C684481222,46373.93,164442.58,0,0
722,CASH_IN,23251.86,C561972663,6579.85,29831.71,C632342184,63235.94,39984.08,0,0
502,PAYMENT,8039.32,C919985810,14838.2,6798.88,M295996471,0.0,0.0,0,0
5,PAYMENT,1347.04,C255232903,7067.1,5720.06,M785639659,0.0,0.0,0,0
286,CASH_OUT,128604.51,C899884469,165558.97,36954.46,C197176371,17162.77,145767.28,0,0
663,CASH_OUT,24713.8,C364624503,30183.88,5470.08,C825445754,32544.77,57258.57,0,0
358,PAYMENT,5621.37,C201005829,9109.24,3487.87,M824371833,0.0,0.0,0,0
591,CASH_OUT,85873.51,C170438693,96485.47,10611.96,C402610749,7716.16,93589.67,0,0
694,CASH_IN,31021.0,C500452982,54391.61,85412.61,C754582750,111952.74,80931.74,0,0
508,CASH_OUT,48775.93,C389283608,69930.7,21154.77,C410734466,58682.09,107458.02,0,0
152,PAYMENT,6451.69,C861783671,9875.79,3424.1,M884181502,0.0,0.0,0,0
430,PAYMENT,3080.91,C598247082,6911.52,3830.61,M390743817,0.0,0.0,0,0
141,PAYMENT,5397.39,C413458381,17985.68,12588.29,M763402207,0.0,0.0,0,0
205,CASH_OUT,8269.87,C327855606,67690.31,59420.44,C357795120,11338.71,19608.58,0,0
600,CASH_IN,124692.54,C898331226,97108.06,221800.6,C329712927,236115.86,111423.32,0,0
337,DEBIT,4372.25,C756755623,9806.3,5434.05,C500466887,50483.32,54855.57,0,0
200,CASH_IN,26813.74,C875418436,161053.61,187867.35,C730474783,80589.98,53776.24,0,0
294,CASH_IN,20385.03,C986803462,32853.42,53238.45,C839961046,76013.4,55628.37,0,0
664,PAYMENT,14508.95,C606524616,24905.7,10396.75,M837200714,0.0,0.0,0,0
588,PAYMENT,1766.24,C624464661,4765.31,2999.07,M856458153,0.0,0.0,0,0
309,CASH_OUT,11927.91,C255465352,40869.59,28941.68,C833146726,34888.4,46816.31,0,0
656,CASH_OUT,33428.29,C907510824,84264.11,50835.82,C598418611,38411.06,71839.35,0,0
704,CASH_OUT,66958.03,C646754168,69068.0,2109.97,C709384938,25002.42,91960.45,0,0
113,PAYMENT,1472.77,C107593245,4472.19,2999.42,M573912147,0.0,0.0,0,0
391,CASH_OUT,83098.4,C887790862,95878.98,12780.58,C274447190,6653.12,89751.52,0,0
742,PAYMENT,2023.96,C960031019,11730.93,9706.97,M362007979,0.0,0.0,0,0
177,PAYMENT,4646.13,C266657732,14952.63,10306.5,M356094752,0.0,0.0,0,0
79,PAYMENT,5985.54,C657083664,8732.08,2746.54,M571694705,0.0,0.0,0,0
94,CASH_IN,17739.75,C298750396,9597.26,27337.01,C850457478,36241.83,18502.08,0,0
274,PAYMENT,4390.55,C482942218,4760.26,369.71,M662821990,0.0,0.0,0,0
276,TRANSFER,14887.81,C433742576,55859.6,40971.79,C312153092,1469.14,16356.95,0,0
32,CASH_IN,174373.18,C267458291,51760.45,226133.63,C503902109,249767.21,75394.03,0,0
28,PAYMENT,732.39,C633849635,2629.35,1896.96,M792500851,0.0,0.0,0,0
648,PAYMENT,700.33,C532490538,14838.2,14137.87,M938478952,0.0,0.0,0,0
169,CASH_IN,13112.63,C209119557,80813.19,93925.82,C565246420,89183.28,76070.65,0,0
40,PAYMENT,4602.34,C450942288,16348.34,11746.0,M202662450,0.0,0.0,0,0
632,CASH_OUT,6790.39,C887752178,18290.42,11500.03,C948890753,52685.4,59475.79,0,0
223,CASH_OUT,13235.41,C510211537,17156.64,3921.23,C306454103,15045.75,28281.16,0,0
451,CASH_OUT,543874.74,C621429809,543874.74,0.0,C631601655,34531.48,578406.22,1,0
263,PAYMENT,454.31,C517575711,683.57,229.26,M699557040,0.0,0.0,0,0
9,PAYMENT,1909.05,C167608192,1959.52,50.47,M324153911,0.0,0.0,0,0
71,CASH_OUT,20824.34,C989345467,45839.22,25014.88,C164170132,56100.22,76924.56,0,0
449,PAYMENT,856.1,C681446643,10810.03,9953.93,M428306708,0.0,0.0,0,0
27,PAYMENT,1965.58,C108684291,12927.08,10961.5,M544749183,0.0,0.0,0,0
24,PAYMENT,6128.1,C216089365,10797.18,4669.08,M915503192,0.0,0.0,0,0
506,CASH_IN,226872.36,C227371066,8539.56,235411.92,C702597874,300924.65,74052.29,0,0
686,PAYMENT,747.07,C212454312,9251.01,8503.94,M250022391,0.0,0.0,0,0
23,CASH_IN,44127.98,C982691827,3058.58,47186.56,C611500957,108428.96,64300.98,0,0
164,PAYMENT,2850.59,C235386755,15039.15,12188.56,M501646794,0.0,0.0,0,0
270,PAYMENT,5214.42,C335189834,20629.45,15415.03,M381188575,0.0,0.0,0,0
558,CASH_OUT,3514.89,C363921505,47693.47,44178.58,C602409724,88350.42,91865.31,0,0
396,PAYMENT,2423.25,C547292793,3832.76,1409.51,M429742909,0.0,0.0,0,0
98,PAYMENT,4469.31,C863555749,4949.73,480.42,M750733750,0.0,0.0,0,0
145,TRANSFER,16075.89,C446032714,70941.67,54865.78,C564191162,43117.48,59193.37,0,0
94,PAYMENT,2352.25,C493448774,9409.07,7056.82,M282806223,0.0,0.0,0,0
106,CASH_OUT,72015.54,C483469305,74541.68,2526.14,C546936950,11270.88,83286.42,0,0
464,PAYMENT,1428.54,C791151815,13867.34,12438.8,M323218628,0.0,0.0,0,0
610,TRANSFER,422.57,C630313231,20745.61,20323.04,C862025305,22737.67,23160.24,0,0
407,PAYMENT,2256.83,C488546554,2451.83,195.0,M351457867,0.0,0.0,0,0
90,PAYMENT,601.14,C971893324,1882.8,1281.66,M187199983,0.0,0.0,0,0
130,CASH_OUT,1235.69,C319854148,11779.46,10543.77,C335928235,55800.67,57036.36,0,0
294,PAYMENT,9230.3,C588350359,28427.68,19197.38,M991455524,0.0,0.0,0,0
200,CASH_OUT,43749.74,C779822518,68233.41,24483.67,C205980313,66417.67,110167.41,0,0
716,CASH_IN,44668.23,C761000410,267.67,44935.9,C968773886,296138.99,251470.76,0,0
31,PAYMENT,770.22,C580920253,17978.31,17208.09,M942566518,0.0,0.0,0,0
330,PAYMENT,9098.86,C764125154,12431.14,3332.28,M684088262,0.0,0.0,0,0
463,PAYMENT,7630.78,C327512036,17197.19,9566.41,M162351782,0.0,0.0,0,0
273,TRANSFER,7966.54,C578053562,22121.77,14155.23,C585499906,18924.22,26890.76,0,0
560,PAYMENT,3632.66,C808814469,6281.55,2648.89,M148297771,0.0,0.0,0,0
87,PAYMENT,18627.79,C285918282,23201.63,4573.84,M706103475,0.0,0.0,0,0
566,PAYMENT,2843.57,C496401708,12244.08,9400.51,M403047904,0.0,0.0,0,0
295,CASH_OUT,8206.76,C140916176,18317.6,10110.84,C530733141,1229.61,9436.37,0,0
7,TRANSFER,42447.28,C698126909,73813.46,31366.18,C287922262,89809.02,132256.3,0,0
450,CASH_IN,11703.83,C939267297,18655.15,30358.98,C179950964,19447.6,7743.77,0,0
170,PAYMENT,3810.78,C489451914,11276.72,7465.94,M263759269,0.0,0.0,0,0
342,PAYMENT,5555.93,C916836113,11638.83,6082.9,M698139267,0.0,0.0,0,0
319,CASH_IN,48229.39,C934518727,50517.83,98747.22,C982547548,55705.8,7476.41,0,0
541,CASH_IN,34768.59,C428324538,7412.56,42181.15,C961220775,37325.81,2557.22,0,0
472,PAYMENT,12735.28,C806147725,49276.16,36540.88,M540240284,0.0,0.0,0,0
691,PAYMENT,6846.78,C697494916,17238.81,10392.03,M731660896,0.0,0.0,0,0
354,CASH_OUT,74571.32,C157629087,96852.3,22280.98,C269327666,13807.34,88378.66,0,0
232,CASH_IN,22796.64,C845854799,19594.67,42391.31,C691466055,104466.45,81669.81,0,0
628,DEBIT,5025.65,C828268169,11931.03,6905.38,C875961813,951.89,5977.54,0,0
694,PAYMENT,338.31,C105338118,10100.19,9761.88,M522648053,0.0,0.0,0,0
181,CASH_OUT,36500.56,C276963141,61811.03,25310.47,C846270984,7542.16,44042.72,0,0
738,PAYMENT,109.1,C273169406,28246.52,28137.42,M829429756,0.0,0.0,0,0
533,TRANSFER,1823.94,C815875835,8573.76,6749.82,C462176485,36360.99,38184.93,0,0
147,TRANSFER,23840.1,C234537386,35369.96,11529.86,C668652085,24083.36,47923.46,0,0
397,TRANSFER,265.43,C619226281,902.9,637.47,C960887550,18813.55,19078.98,0,0
637,PAYMENT,12935.57,C570417908,30437.39,17501.82,M105891709,0.0,0.0,0,0
49,PAYMENT,2683.11,C960369925,12202.16,9519.05,M154477178,0.0,0.0,0,0
629,PAYMENT,3412.65,C634308356,16127.99,12715.34,M805670008,0.0,0.0,0,0
148,PAYMENT,88.67,C848886772,3920.29,3831.62,M367501321,0.0,0.0,0,0
578,TRANSFER,21503.58,C767310612,51259.33,29755.75,C840421966,45729.34,67232.92,0,0
240,CASH_IN,50799.59,C275287417,12763.25,63562.84,C440533667,61710.64,10911.05,0,0
318,CASH_IN,32447.63,C620193861,132897.03,165344.66,C918022807,90328.62,57880.99,0,0
477,PAYMENT,7743.95,C215453020,17518.22,9774.27,M860456994,0.0,0.0,0,0
201,TRANSFER,30337.35,C887248793,48241.81,17904.46,C999527189,77888.33,108225.68,0,0
30,PAYMENT,3999.18,C427150523,11757.56,7758.38,M870475686,0.0,0.0,0,0
447,PAYMENT,3196.29,C821047425,3214.61,18.32,M563377708,0.0,0.0,0,0
247,TRANSFER,112465.81,C645855269,141853.52,29387.71,C441293367,24811.44,137277.25,0,0
662,PAYMENT,12183.66,C103842252,25306.48,13122.82,M596710585,0.0,0.0,0,0
742,CASH_OUT,45231.64,C448964290,56086.26,10854.62,C111329469,3630.11,48861.75,0,0
205,CASH_IN,89893.56,C927691654,499.19,90392.75,C497198892,153478.86,63585.3,0,0
240,PAYMENT,10134.54,C394316877,25864.98,15730.44,M590588056,0.0,0.0,0,0
44,TRANSFER,126247.54,C694967612,129588.76,3341.22,C630842986,20725.05,146972.59,0,0
392,PAYMENT,22.78,C756681655,7180.94,7158.16,M244969416,0.0,0.0,0,0
515,CASH_IN,23772.55,C517659669,103412.89,127185.44,C652722193,67440.08,43667.53,0,0
665,CASH_OUT,48897.37,C886441232,88094.98,39197.61,C547823910,15408.76,64306.13,0,0
171,CASH_IN,938.46,C259320895,1723.06,2661.52,C717396102,25248.74,24310.28,0,0
151,CASH_OUT,44311.85,C523254645,51755.21,7443.36,C874008523,282790.59,327102.44,0,0
728,CASH_IN,33302.17,C498030387,127412.32,160714.49,C809935753,51935.33,18633.16,0,0
97,TRANSFER,908817.87,C255508326,908817.87,0.0,C341768887,0.0,0.0,1,1
371,CASH_OUT,4116.16,C313392250,61467.53,57351.37,C907419783,4187.0,8303.16,0,0
12,PAYMENT,7529.99,C634665681,26692.02,19162.03,M692768194,0.0,0.0,0,0
26,CASH_OUT,4166.54,C696213099,21943.43,17776.89,C955542360,8262.35,12428.89,0,0
12,CASH_OUT,69345.97,C526609434,116382.88,47036.91,C863041152,9506.09,78852.06,0,0
372,PAYMENT,15184.27,C863317174,21474.28,6290.01,M336877215,0.0,0.0,0,0
211,PAYMENT,9778.34,C640725014,12663.32,2884.98,M209503394,0.0,0.0,0,0
638,PAYMENT,891.99,C371018249,16369.77,15477.78,M874055044,0.0,0.0,0,0
463,TRANSFER,319.13,C753979321,10941.97,10622.84,C834532175,4313.49,4632.62,0,0
536,CASH_OUT,8548.78,C776570817,15461.41,6912.63,C553456991,30252.43,38801.21,0,0
386,CASH_IN,14917.91,C661752336,13098.54,28016.45,C174510259,93612.32,78694.41,0,0
586,DEBIT,3144.48,C139638529,8620.06,5475.58,C206676466,9041.92,12186.4,0,0
742,TRANSFER,2422.72,C153477913,18899.73,16477.01,C778018617,18001.19,20423.91,0,0
471,PAYMENT,56.98,C133040462,10439.22,10382.24,M737412056,0.0,0.0,0,0
434,TRANSFER,19322.77,C688941636,148997.45,129674.68,C413272476,5267.32,24590.09,0,0
722,CASH_IN,14893.35,C836213642,58124.37,73017.72,C260743962,49446.15,34552.8,0,0
103,CASH_IN,10173.51,C170350888,14203.54,24377.05,C810932914,56567.38,46393.87,0,0
5,CASH_OUT,111016.4,C170752044,130709.43,19693.03,C147576777,16049.4,127065.8,0,0
621,TRANSFER,14097.09,C411051456,20550.24,6453.15,C266070515,24212.35,38309.44,0,0
369,CASH_OUT,21899.77,C516282884,29888.05,7988.28,C234410135,18428.22,40327.99,0,0
362,CASH_OUT,7909.89,C372242534,15059.64,7149.75,C579577746,8874.41,16784.3,0,0
59,PAYMENT,13848.17,C720528393,14989.54,1141.37,M713943814,0.0,0.0,0,0
180,TRANSFER,22794.34,C279730190,23502.8,708.46,C276429657,1859.08,24653.42,0,0
492,CASH_IN,3632.4,C632260543,9899.03,13531.43,C211875679,20181.38,16548.98,0,0
169,CASH_OUT,92475.08,C134585738,154387.76,61912.68,C439254788,50370.27,142845.35,0,0
320,TRANSFER,66385.8,C266072764,68507.68,2121.88,C136888673,9867.29,76253.09,0,0
416,CASH_OUT,46152.58,C893733716,55924.06,9771.48,C589834308,13150.63,59303.21,0,0
425,CASH_IN,88070.37,C105666562,83328.84,171399.21,C452359396,98535.31,10464.94,0,0
485,PAYMENT,9535.66,C780415246,13327.77,3792.11,M603215949,0.0,0.0,0,0
631,CASH_IN,8528.86,C490039927,59039.25,67568.11,C913465341,58212.24,49683.38,0,0
525,PAYMENT,2568.2,C157694407,7688.85,5120.65,M675317175,0.0,0.0,0,0
75,PAYMENT,6345.42,C726683627,15819.76,9474.34,M723770425,0.0,0.0,0,0
199,CASH_IN,7666.5,C813167392,32447.43,40113.93,C226751538,52441.3,44774.8,0,0
146,CASH_IN,2265.8,C687151891,132192.49,134458.29,C677885802,19286.49,17020.69,0,0
281,PAYMENT,775.02,C373186480,800.25,25.23,M271467830,0.0,0.0,0,0
503,PAYMENT,3586.63,C696368619,6746.94,3160.31,M924070944,0.0,0.0,0,0
232,TRANSFER,68827.67,C892632768,70254.07,1426.4,C624252539,3751.07,72578.74,0,0
158,CASH_OUT,56699.3,C751423595,82758.21,26058.91,C506525129,17957.39,74656.69,0,0
506,CASH_IN,25361.39,C341604687,3224.86,28586.25,C410000670,177407.98,152046.59,0,0
237,DEBIT,4288.8,C785651221,6001.89,1713.09,C421572940,2926.69,7215.49,0,0
13,CASH_OUT,45622.11,C885013562,46897.99,1275.88,C553380262,38443.85,84065.96,0,0
469,CASH_IN,64940.45,C648324007,41681.64,106622.09,C910590694,204054.55,139114.1,0,0
149,CASH_IN,3620.64,C883618589,49242.31,52862.95,C617976698,23393.58,19772.94,0,0
221,CASH_OUT,20593.41,C166677473,82870.94,62277.53,C536374376,39165.29,59758.7,0,0
169,PAYMENT,13874.38,C362055036,34268.01,20393.63,M964461099,0.0,0.0,0,0
743,PAYMENT,2610.24,C944080417,4186.46,1576.22,M774253397,0.0,0.0,0,0
86,CASH_OUT,4769.59,C353340358,118223.52,113453.93,C842277596,32076.6,36846.19,0,0
513,PAYMENT,2522.22,C727307528,15345.16,12822.94,M238523210,0.0,0.0,0,0
329,CASH_OUT,8290.94,C548345448,8796.38,505.44,C610175215,27303.38,35594.32,0,0
140,CASH_IN,30205.38,C352563549,2301.21,32506.59,C892796340,31982.9,1777.52,0,0
676,CASH_IN,755.11,C655243159,135482.6,136237.71,C788596252,15532.42,14777.31,0,0
646,PAYMENT,2840.56,C630684453,8163.83,5323.27,M484888003,0.0,0.0,0,0
68,PAYMENT,85.67,C410228360,17398.06,17312.39,M589919760,0.0,0.0,0,0
366,CASH_OUT,1516.9,C547237665,81372.6,79855.7,C854977420,39211.83,40728.73,0,0
471,CASH_OUT,115183.34,C800789355,135533.05,20349.71,C687676196,62107.51,177290.85,0,0
477,CASH_OUT,53039.66,C663069542,63906.63,10866.97,C973873274,120820.47,173860.13,0,0
392,CASH_OUT,72307.06,C817210587,82356.77,10049.71,C892874107,42013.37,114320.43,0,0
322,PAYMENT,550.9,C837420070,10033.69,9482.79,M825650672,0.0,0.0,0,0
64,CASH_OUT,34118.91,C441328201,43062.94,8944.03,C878958693,82371.64,116490.55,0,0
295,CASH_IN,13864.82,C455157431,243949.89,257814.71,C197732144,94001.96,80137.14,0,0
602,PAYMENT,578.24,C309685132,2424.11,1845.87,M269744084,0.0,0.0,0,0
575,PAYMENT,1854.89,C737525977,13567.04,11712.15,M883684107,0.0,0.0,0,0
549,CASH_OUT,15344.86,C399959906,59437.07,44092.21,C203358180,32614.77,47959.63,0,0
489,CASH_IN,6335.23,C800509451,3080.4,9415.63,C835516280,52227.72,45892.49,0,0
661,PAYMENT,5559.61,C847658486,32334.81,26775.2,M193730045,0.0,0.0,0,0
661,PAYMENT,24860.85,C627874960,26011.21,1150.36,M580398442,0.0,0.0,0,0
317,PAYMENT,8594.98,C742255177,15629.78,7034.8,M131875267,0.0,0.0,0,0
630,CASH_OUT,12323.67,C882043590,15263.42,2939.75,C507060761,32058.75,44382.42,0,0
699,CASH_OUT,546.85,C250619549,33240.79,32693.94,C494215455,29143.86,29690.71,0,0
360,PAYMENT,60.02,C888820314,6439.85,6379.83,M986002811,0.0,0.0,0,0
377,TRANSFER,17323.51,C659913513,64309.07,46985.56,C553923889,29534.22,46857.73,0,0
722,PAYMENT,14539.45,C237282834,18537.48,3998.03,M478565728,0.0,0.0,0,0
330,PAYMENT,2113.27,C563972822,6316.52,4203.25,M540931125,0.0,0.0,0,0
42,PAYMENT,3549.92,C535814684,10105.88,6555.96,M923573459,0.0,0.0,0,0
401,CASH_OUT,17712.26,C765322848,46075.51,28363.25,C732513083,20797.76,38510.02,0,0
254,PAYMENT,1361.2,C669037545,2833.22,1472.02,M590936458,0.0,0.0,0,0
380,DEBIT,412.6,C317663355,3016.61,2604.01,C770356414,17491.09,17903.69,0,0
275,CASH_IN,22830.66,C731238494,67009.54,89840.2,C570815526,113409.34,90578.68,0,0
173,PAYMENT,922.94,C224041167,6811.55,5888.61,M629150885,0.0,0.0,0,0
430,CASH_OUT,78204.38,C416269258,122582.47,44378.09,C559916973,54282.04,132486.42,0,0
533,PAYMENT,6854.51,C414647474,21683.97,14829.46,M422674191,0.0,0.0,0,0
84,CASH_OUT,20642.96,C523055769,28611.03,7968.07,C561247643,120222.9,140865.86,0,0
735,PAYMENT,5681.88,C552483338,25754.14,20072.26,M212986064,0.0,0.0,0,0
79,PAYMENT,3754.3,C464787573,7711.34,3957.04,M816214336,0.0,0.0,0,0
590,PAYMENT,16384.81,C500716411,18848.71,2463.9,M247922421,0.0,0.0,0,0
688,DEBIT,1601.92,C210020464,8357.92,6756.0,C641260898,1284.11,2886.03,0,0
636,PAYMENT,1341.14,C758126283,4429.95,3088.81,M636114084,0.0,0.0,0,0
270,TRANSFER,29714.36,C615121666,56591.42,26877.06,C244084225,96161.37,125875.73,0,0
128,PAYMENT,1811.42,C290612172,7336.17,5524.75,M900675541,0.0,0.0,0,0
142,PAYMENT,17522.14,C160072596,25820.42,8298.28,M749416055,0.0,0.0,0,0
260,TRANSFER,491977.72,C634331662,491977.72,0.0,C963116324,0.0,491977.72,1,0
123,TRANSFER,1355.47,C813083474,9563.08,8207.61,C644364756,50189.6,51545.07,0,0
676,PAYMENT,528.52,C807054239,11096.55,10568.03,M982396991,0.0,0.0,0,0
389,PAYMENT,773.02,C793007671,1914.73,1141.71,M396279375,0.0,0.0,0,0
343,CASH_IN,75494.21,C686554945,161657.1,237151.31,C150726287,126048.16,50553.95,0,0
7,CASH_OUT,64415.32,C899861235,73129.35,8714.03,C760924890,179293.81,243709.13,0,0
682,PAYMENT,8969.45,C293499457,12302.42,3332.97,M253292403,0.0,0.0,0,0
296,PAYMENT,450.49,C421510543,31580.04,31129.55,M738151386,0.0,0.0,0,0
447,PAYMENT,7450.38,C253513362,11844.66,4394.28,M426795360,0.0,0.0,0,0
375,CASH_OUT,99008.06,C455397801,103577.24,4569.18,C491266359,50886.94,149895.0,0,0
205,CASH_OUT,20901.26,C236356034,44073.51,23172.25,C965770666,25989.51,46890.77,0,0
579,CASH_OUT,122267.79,C199076102,122720.19,452.4,C455906792,40606.15,162873.94,0,0
388,PAYMENT,4052.29,C294093126,14047.19,9994.9,M774034619,0.0,0.0,0,0
523,CASH_OUT,7539.33,C894216238,23493.67,15954.34,C836571728,28463.01,36002.34,0,0
214,DEBIT,1741.72,C743993083,3507.22,1765.5,C568917275,7493.13,9234.85,0,0
261,PAYMENT,8609.09,C539818842,12807.73,4198.64,M204099652,0.0,0.0,0,0
111,CASH_IN,56961.54,C695675739,38474.86,95436.4,C756124123,195212.55,138251.01,0,0
539,CASH_IN,10997.22,C315805209,38856.45,49853.67,C891414038,297068.72,286071.5,0,0
156,PAYMENT,3939.0,C601578260,4337.39,398.39,M556001696,0.0,0.0,0,0
430,PAYMENT,9312.57,C833644203,15141.05,5828.48,M567752129,0.0,0.0,0,0
248,PAYMENT,7478.18,C786409513,27922.35,20444.17,M736902955,0.0,0.0,0,0
242,PAYMENT,2173.87,C169252571,12120.87,9947.0,M508727494,0.0,0.0,0,0
178,CASH_OUT,101023.13,C111449428,122349.77,21326.64,C931454412,85930.51,186953.64,0,0
662,DEBIT,653.91,C611506248,15206.08,14552.17,C810164567,982.52,1636.43,0,0
398,CASH_OUT,39083.7,C190984984,45512.32,6428.62,C414114095,32089.52,71173.22,0,0
685,DEBIT,5997.55,C415617673,6777.42,779.87,C886882680,2875.26,8872.81,0,0
646,CASH_IN,16886.13,C593266219,253078.08,269964.21,C831813183,41473.81,24587.68,0,0
673,TRANSFER,20841.8,C988065553,100756.98,79915.18,C552096062,10982.77,31824.57,0,0
74,CASH_OUT,15026.73,C363839378,36622.68,21595.95,C645873640,4334.93,19361.66,0,0
716,PAYMENT,2767.14,C933295092,10588.48,7821.34,M441655582,0.0,0.0,0,0
187,TRANSFER,35429.29,C506273031,182755.83,147326.54,C420537199,10768.66,46197.95,0,0
52,CASH_OUT,87023.77,C690332449,102663.69,15639.92,C199871020,155388.23,242412.0,0,0
326,CASH_IN,3074.3,C236535486,18047.98,21122.28,C534951912,65179.8,62105.5,0,0
215,PAYMENT,533.42,C774446303,15910.04,15376.62,M271954685,0.0,0.0,0,0
739,PAYMENT,5029.52,C984763740,19990.59,14961.07,M731733225,0.0,0.0,0,0
702,CASH_IN,28573.72,C130042249,83252.96,111826.68,C141843501,63050.58,34476.86,0,0
541,DEBIT,7085.21,C328696105,33686.98,26601.77,C445230454,5351.21,12436.42,0,0
363,CASH_OUT,155689.13,C110399641,188052.58,32363.45,C344788154,42571.34,198260.47,0,0
607,TRANSFER,13198.42,C264827856,20839.44,7641.02,C121049279,51902.31,65100.73,0,0
26,TRANSFER,2294.11,C235441961,37285.96,34991.85,C896872113,2306.07,4600.18,0,0
462,CASH_IN,63888.3,C738249590,45455.1,109343.4,C662110864,127218.66,63330.36,0,0
393,CASH_OUT,59907.8,C917675420,62698.18,2790.38,C804441166,43755.71,103663.51,0,0
596,PAYMENT,2442.7,C352523093,8599.21,6156.51,M360245660,0.0,0.0,0,0
84,PAYMENT,1466.22,C184672229,67711.21,66244.99,M451709089,0.0,0.0,0,0
738,TRANSFER,49012.06,C334907591,55363.69,6351.63,C445044212,24145.28,73157.34,0,0
246,CASH_IN,2940.13,C157527095,12641.79,15581.92,C558764521,37719.65,34779.52,0,0
273,TRANSFER,139224.56,C751566491,152867.72,13643.16,C692584739,125026.97,264251.53,0,0
162,PAYMENT,2983.11,C282403661,13088.63,10105.52,M858452345,0.0,0.0,0,0
177,CASH_OUT,179363.64,C113629960,183582.67,4219.03,C822013458,5246.59,184610.23,0,0
94,PAYMENT,1100.76,C526116437,4391.02,3290.26,M268293070,0.0,0.0,0,0
583,PAYMENT,1565.67,C248746817,3674.51,2108.84,M764629191,0.0,0.0,0,0
711,TRANSFER,130628.33,C176165456,139966.51,9338.18,C727592983,3881.82,134510.15,0,0
633,CASH_OUT,124263.34,C502975326,158559.48,34296.14,C578905771,35577.64,159840.98,0,0
214,PAYMENT,1991.13,C470475799,22662.18,20671.05,M537172203,0.0,0.0,0,0
253,CASH_OUT,1394232.26,C458853512,1394232.26,0.0,C926076457,15020.2,1409252.46,1,1
324,CASH_OUT,23434.2,C199905864,54058.05,30623.85,C769962945,23682.55,47116.75,0,0
609,PAYMENT,1557.29,C112045910,11503.14,9945.85,M841509962,0.0,0.0,0,0
377,PAYMENT,8725.38,C538566914,11646.65,2921.27,M221619115,0.0,0.0,0,0
183,PAYMENT,16659.24,C180600350,16824.21,164.97,M546671994,0.0,0.0,0,0
74,CASH_IN,36817.29,C136027875,205582.92,242400.21,C183215444,59632.26,22814.97,0,0
626,PAYMENT,18675.14,C386165066,50138.78,31463.64,M391319497,0.0,0.0,0,0
539,CASH_IN,17702.09,C112496398,15493.82,33195.91,C545147294,235360.82,217658.73,0,0
623,CASH_OUT,909888.16,C488706853,909888.16,0.0,C562408403,35614.68,945502.84,1,0
709,PAYMENT,3469.79,C594647771,9908.18,6438.39,M873964682,0.0,0.0,0,0
183,PAYMENT,3451.99,C686109892,22433.23,18981.24,M169745537,0.0,0.0,0,0
249,PAYMENT,1637.02,C786940532,5639.05,4002.03,M564656190,0.0,0.0,0,0
225,CASH_IN,51882.56,C290602086,114136.81,166019.37,C521083170,112110.11,60227.55,0,0
565,TRANSFER,11471.17,C253755822,97888.63,86417.46,C739700744,69348.43,80819.6,0,0
144,DEBIT,2533.45,C504815974,3524.8,991.35,C724782123,12659.11,15192.56,0,0
462,DEBIT,4961.99,C479183715,6025.72,1063.73,C536147493,52901.44,57863.43,0,0
294,CASH_IN,19717.58,C881867511,160924.93,180642.51,C780660112,107401.91,87684.33,0,0
3,CASH_OUT,25465.41,C497762815,26837.96,1372.55,C197958165,10412.27,35877.68,0,0
95,TRANSFER,962.11,C750151401,6015.89,5053.78,C853198982,29375.0,30337.11,0,0
299,CASH_OUT,13543.3,C637841120,36205.97,22662.67,C942873879,34390.85,47934.15,0,0
498,TRANSFER,104324.78,C411150164,151577.06,47252.28,C112506080,76699.41,181024.19,0,0
340,DEBIT,5487.79,C137045778,7208.37,1720.58,C454947023,24788.93,30276.72,0,0
161,CASH_OUT,59798.67,C702399120,67552.24,7753.57,C253482617,64929.36,124728.03,0,0
361,CASH_OUT,713.39,C559100202,56757.25,56043.86,C454902926,79479.4,80192.79,0,0
516,CASH_OUT,16707.7,C596109253,25849.77,9142.07,C796955199,37499.31,54207.01,0,0
104,PAYMENT,12229.85,C131354256,26868.87,14639.02,M652527093,0.0,0.0,0,0
718,PAYMENT,2694.1,C744997840,3396.93,702.83,M421916689,0.0,0.0,0,0
301,PAYMENT,3097.07,C675975754,4455.88,1358.81,M104161679,0.0,0.0,0,0
682,PAYMENT,11631.03,C907005006,55898.07,44267.04,M961618273,0.0,0.0,0,0
67,CASH_OUT,15018.84,C511099761,52994.87,37976.03,C595734242,55363.38,70382.22,0,0
428,CASH_OUT,8687.68,C948455651,23867.31,15179.63,C786384560,13224.65,21912.33,0,0
115,CASH_OUT,39091.35,C246537803,71455.6,32364.25,C287898586,86950.29,126041.64,0,0
295,TRANSFER,50701.27,C521526334,118642.95,67941.68,C694705025,2590.36,53291.63,0,0
168,CASH_OUT,36460.09,C196788125,41128.64,4668.55,C616166273,59978.05,96438.14,0,0
630,PAYMENT,1217.86,C355998689,9139.32,7921.46,M108527870,0.0,0.0,0,0
689,CASH_OUT,13033.94,C663381263,34469.08,21435.14,C829128433,83695.38,96729.32,0,0
649,CASH_OUT,84067.87,C364114457,107582.21,23514.34,C418483174,103032.82,187100.69,0,0
547,CASH_OUT,26197.25,C772393106,41703.17,15505.92,C715662800,21113.77,47311.02,0,0
529,PAYMENT,9210.19,C944677982,19672.07,10461.88,M478466243,0.0,0.0,0,0
288,PAYMENT,1661.49,C437640893,8476.27,6814.78,M763952785,0.0,0.0,0,0
416,CASH_OUT,97644.73,C243186115,124337.77,26693.04,C257556587,9713.91,107358.64,0,0
224,DEBIT,1167.19,C998798084,11166.27,9999.08,C476817504,10624.94,11792.13,0,0
374,CASH_OUT,27673.81,C137540504,38930.12,11256.31,C510093947,26718.72,54392.53,0,0
111,CASH_IN,34567.95,C592273686,32146.11,66714.06,C395105963,152447.89,117879.94,0,0
420,PAYMENT,2222.44,C290146338,13942.51,11720.07,M389107010,0.0,0.0,0,0
357,CASH_OUT,46983.62,C836299724,129284.78,82301.16,C622386655,8433.23,55416.85,0,0
560,CASH_OUT,109383.18,C917586574,115202.2,5819.02,C733309766,18720.44,128103.62,0,0
497,PAYMENT,3216.08,C689934150,4279.78,1063.7,M833177290,0.0,0.0,0,0
703,CASH_IN,47625.52,C763274403,16533.53,64159.05,C285059295,65314.34,17688.82,0,0
15,TRANSFER,34995.12,C410422578,133898.2,98903.08,C956629354,47625.08,82620.2,0,0
90,CASH_OUT,5248.79,C372057514,6691.43,1442.64,C995031933,6672.02,11920.81,0,0
316,CASH_IN,20961.97,C971730892,221113.24,242075.21,C884531827,112787.38,91825.41,0,0
89,DEBIT,1076.76,C506367433,10081.48,9004.72,C166846646,12023.11,13099.87,0,0
66,CASH_IN,31373.97,C529189775,24185.0,55558.97,C165152975,31459.57,85.6,0,0
66,CASH_IN,84800.58,C595378342,130824.14,215624.72,C791581190,86284.66,1484.08,0,0
374,PAYMENT,10015.05,C398143567,10999.98,984.93,M131869963,0.0,0.0,0,0
148,CASH_OUT,89440.51,C404102235,146896.28,57455.77,C783796270,133853.6,223294.11,0,0
674,PAYMENT,11394.93,C885238770,15438.19,4043.26,M398851472,0.0,0.0,0,0
495,PAYMENT,1481.75,C241858497,3727.91,2246.16,M995031912,0.0,0.0,0,0
354,CASH_IN,26856.1,C286229843,7664.96,34521.06,C436980522,156366.27,129510.17,0,0
683,CASH_IN,9834.79,C388506270,6550.15,16384.94,C699466347,53651.71,43816.92,0,0
184,PAYMENT,3416.81,C931445906,13033.12,9616.31,M675171670,0.0,0.0,0,0
404,CASH_IN,92199.22,C435837492,17035.27,109234.49,C180578376,115429.62,23230.4,0,0
606,CASH_IN,3014.76,C611619979,53359.51,56374.27,C804192216,10211.22,7196.46,0,0
360,PAYMENT,2554.79,C188085061,20573.09,18018.3,M494794003,0.0,0.0,0,0
239,CASH_OUT,4574.1,C249133579,5746.78,1172.68,C918686064,18757.0,23331.1,0,0
201,CASH_OUT,27220.62,C190168851,34105.09,6884.47,C769742754,65908.77,93129.39,0,0
275,CASH_OUT,58047.05,C176328305,74788.55,16741.5,C204627049,20248.97,78296.02,0,0
240,CASH_OUT,11013.27,C321372374,12497.32,1484.05,C720861588,1871.53,12884.8,0,0
83,CASH_IN,24064.69,C383663401,41131.81,65196.5,C680226716,76748.72,52684.03,0,0
182,CASH_OUT,35468.49,C100297381,40137.79,4669.3,C917928644,91754.44,127222.93,0,0
703,PAYMENT,791.71,C524732913,4451.14,3659.43,M582918165,0.0,0.0,0,0
473,PAYMENT,10387.46,C860756780,24219.14,13831.68,M455344463,0.0,0.0,0,0
217,PAYMENT,6652.58,C111111508,8603.52,1950.94,M822635544,0.0,0.0,0,0
317,PAYMENT,8515.91,C290676195,54460.35,45944.44,M521512664,0.0,0.0,0,0
396,CASH_IN,68383.42,C246868343,11173.82,79557.24,C513861984,120322.3,51938.88,0,0
687,PAYMENT,479.55,C898904690,21099.98,20620.43,M240488091,0.0,0.0,0,0
196,TRANSFER,16437.78,C733043487,44413.32,27975.54,C420689224,14035.36,30473.14,0,0
517,CASH_IN,17132.45,C736582014,188575.17,205707.62,C722708144,335417.75,318285.3,0,0
708,TRANSFER,2254.61,C927958903,31676.16,29421.55,C737459697,26256.69,28511.3,0,0
105,CASH_OUT,176020.57,C208038456,177153.48,1132.91,C979323221,116660.13,292680.7,0,0
734,CASH_OUT,3243.88,C642196886,15362.54,12118.66,C884869137,13562.36,16806.24,0,0
660,CASH_OUT,10301.85,C493934565,14230.14,3928.29,C999816238,35210.68,45512.53,0,0
632,PAYMENT,543.25,C626061018,8177.08,7633.83,M576510938,0.0,0.0,0,0
412,TRANSFER,14132.83,C338568705,34154.98,20022.15,C878780224,666.65,14799.48,0,0
581,CASH_OUT,39335.06,C616593591,66260.88,26925.82,C348260616,48958.4,88293.46,0,0
397,PAYMENT,26065.1,C544986529,31905.82,5840.72,M378784379,0.0,0.0,0,0
245,PAYMENT,7102.8,C179072697,16722.46,9619.66,M177359806,0.0,0.0,0,0
681,CASH_OUT,10543.42,C193218476,47926.36,37382.94,C898118614,28976.58,39520.0,0,0
115,PAYMENT,4508.88,C780770257,10627.95,6119.07,M689681885,0.0,0.0,0,0
348,PAYMENT,10986.22,C964079306,17303.08,6316.86,M199720614,0.0,0.0,0,0
145,PAYMENT,4995.6,C691763397,19146.49,14150.89,M600564202,0.0,0.0,0,0
12,PAYMENT,3251.58,C654978680,32193.48,28941.9,M575315950,0.0,0.0,0,0
709,CASH_OUT,3837.92,C134548262,30081.13,26243.21,C881171653,14214.47,18052.39,0,0
504,CASH_OUT,71358.07,C367472556,83950.37,12592.3,C298165816,36557.99,107916.06,0,0
715,CASH_OUT,6939.45,C663177464,11699.94,4760.49,C636685608,25562.2,32501.65,0,0
198,PAYMENT,238.62,C462185889,16178.49,15939.87,M977267360,0.0,0.0,0,0
33,PAYMENT,1873.12,C645948228,4377.24,2504.12,M789858553,0.0,0.0,0,0
687,PAYMENT,2798.22,C289304945,5600.17,2801.95,M574289881,0.0,0.0,0,0
498,CASH_IN,52813.35,C952144561,47610.81,100424.16,C865684469,66679.27,13865.92,0,0
576,PAYMENT,8346.47,C770802701,21070.46,12723.99,M475656100,0.0,0.0,0,0
143,TRANSFER,39018.97,C387771793,59273.95,20254.98,C364515975,61133.01,100151.98,0,0
205,CASH_OUT,2127.7,C848244286,5407.28,3279.58,C439565650,98622.96,100750.66,0,0
276,CASH_OUT,62785.76,C652653458,71916.21,9130.45,C577637505,10338.42,73124.18,0,0
574,TRANSFER,83016.83,C683787726,92189.88,9173.05,C519237649,6895.22,89912.05,0,0
69,PAYMENT,9454.2,C312375133,9554.3,100.1,M557525104,0.0,0.0,0,0
520,TRANSFER,2699.36,C799900833,31923.59,29224.23,C971911953,73535.79,76235.15,0,0
105,CASH_IN,23471.07,C761822985,26757.33,50228.4,C962104335,91009.43,67538.36,0,0
113,CASH_OUT,5188.54,C107408040,7330.37,2141.83,C979553429,48817.22,54005.76,0,0
660,CASH_OUT,47367.7,C469076103,53727.37,6359.67,C822670322,910.88,48278.58,0,0
66,CASH_OUT,40195.22,C558265381,41153.35,958.13,C485771168,146407.39,186602.61,0,0
114,CASH_OUT,20624.7,C695672865,53041.19,32416.49,C804663135,8981.33,29606.03,0,0
631,CASH_OUT,14928.21,C193828247,28876.86,13948.65,C469135406,46453.94,61382.15,0,0
113,TRANSFER,969642.66,C586354638,969642.66,0.0,C394398426,0.0,0.0,1,1
149,CASH_OUT,108170.75,C355436956,121205.41,13034.66,C312867675,53473.05,161643.8,0,0
143,DEBIT,5644.43,C150983538,13299.09,7654.66,C545014856,12131.8,17776.23,0,0
474,CASH_IN,51928.19,C251351802,12011.74,63939.93,C798758414,52733.86,805.67,0,0
321,DEBIT,2311.23,C444521771,3490.91,1179.68,C194434835,11598.32,13909.55,0,0
255,CASH_OUT,89850.55,C362644013,102328.17,12477.62,C740227547,2487.68,92338.23,0,0
126,CASH_IN,85680.64,C466002464,116751.29,202431.93,C256863016,115714.58,30033.94,0,0
194,PAYMENT,3903.49,C440666023,11407.42,7503.93,M919148599,0.0,0.0,0,0
77,PAYMENT,4828.84,C419476298,13202.14,8373.3,M954877133,0.0,0.0,0,0
76,PAYMENT,837.72,C842705556,1053.37,215.65,M257740954,0.0,0.0,0,0
173,CASH_IN,38620.75,C420978568,136052.55,174673.3,C807337394,49412.57,10791.82,0,0
134,CASH_OUT,123371.28,C191511610,149233.25,25861.97,C612473680,37830.3,161201.58,0,0
489,TRANSFER,22953.04,C775857594,79665.72,56712.68,C738635070,3417.24,26370.28,0,0
359,PAYMENT,6856.96,C951376677,9154.51,2297.55,M533902819,0.0,0.0,0,0
575,PAYMENT,234.97,C356062896,7631.11,7396.14,M424171613,0.0,0.0,0,0
725,PAYMENT,12168.67,C889965514,20391.5,8222.83,M579604108,0.0,0.0,0,0
714,PAYMENT,428.94,C915110700,3127.63,2698.69,M837043007,0.0,0.0,0,0
258,CASH_OUT,70486.6,C403715812,71527.53,1040.93,C771179157,27104.94,97591.54,0,0
564,CASH_IN,73329.25,C761686056,3298.52,76627.77,C995023795,93864.77,20535.52,0,0
389,CASH_OUT,16932.64,C178233367,17875.18,942.54,C710558178,13478.76,30411.4,0,0
21,PAYMENT,4964.99,C784213691,16623.51,11658.52,M214066966,0.0,0.0,0,0
294,PAYMENT,5854.23,C215365344,9588.41,3734.18,M177328517,0.0,0.0,0,0
386,TRANSFER,32986.07,C730254469,48414.54,15428.47,C286946824,8261.34,41247.41,0,0
170,CASH_OUT,127740.27,C321709527,127740.27,0.0,C647143796,3664.49,131404.76,1,0
515,CASH_OUT,50711.78,C364246135,122571.94,71860.16,C587234533,2828.31,53540.09,0,0
599,PAYMENT,8236.4,C454795169,20901.02,12664.62,M719372400,0.0,0.0,0,0
727,PAYMENT,10832.12,C328377529,20847.47,10015.35,M439172118,0.0,0.0,0,0
98,DEBIT,6373.41,C314974745,28275.79,21902.38,C482902901,37147.54,43520.95,0,0
547,CASH_OUT,56209.72,C777192169,66279.37,10069.65,C771195140,25897.87,82107.59,0,0
44,PAYMENT,6864.12,C878760045,9925.48,3061.36,M143696192,0.0,0.0,0,0
534,CASH_OUT,27951.51,C540059938,31003.43,3051.92,C660461339,30220.87,58172.38,0,0
426,CASH_OUT,47428.57,C882676154,68009.94,20581.37,C483655295,67171.97,114600.54,0,0
641,TRANSFER,29180.18,C140522555,43428.8,14248.62,C801797216,1707.34,30887.52,0,0
241,PAYMENT,3546.27,C250341636,14728.23,11181.96,M692021058,0.0,0.0,0,0
73,PAYMENT,2980.51,C740558528,22037.56,19057.05,M753591627,0.0,0.0,0,0
194,CASH_OUT,40719.16,C334879241,42790.36,2071.2,C123040082,63054.63,103773.79,0,0
195,PAYMENT,652.42,C941840328,936.91,284.49,M505388708,0.0,0.0,0,0
503,CASH_OUT,8067.12,C116322334,17590.11,9522.99,C701024610,6196.79,14263.91,0,0
159,CASH_OUT,4593.61,C405076821,61466.1,56872.49,C519039021,364989.32,369582.93,0,0
545,PAYMENT,93.87,C871691189,21591.27,21497.4,M175472964,0.0,0.0,0,0
595,CASH_OUT,1400.34,C341494516,22790.86,21390.52,C941471259,3281.8,4682.14,0,0
265,CASH_OUT,56226.45,C469586408,76568.22,20341.77,C829188611,19175.4,75401.85,0,0
624,PAYMENT,4464.3,C309790959,5409.09,944.79,M394698917,0.0,0.0,0,0
346,PAYMENT,3602.07,C306019081,16054.12,12452.05,M667142644,0.0,0.0,0,0
597,TRANSFER,403385.3,C945092390,403385.3,0.0,C978902276,0.0,0.0,1,1
442,PAYMENT,4807.31,C912646468,19920.4,15113.09,M354611077,0.0,0.0,0,0
520,CASH_OUT,60165.96,C178964021,62482.23,2316.27,C299596121,32855.72,93021.68,0,0
536,CASH_OUT,33537.11,C781161098,38709.76,5172.65,C705010369,57295.92,90833.03,0,0
403,CASH_IN,79062.9,C805317362,186731.48,265794.38,C835237061,202164.86,123101.96,0,0
370,DEBIT,3088.48,C769058400,4969.06,1880.58,C183507119,463.03,3551.51,0,0
363,CASH_OUT,102416.4,C298317166,102786.32,369.92,C519980408,31520.6,133937.0,0,0
453,PAYMENT,2280.46,C144543276,8708.91,6428.45,M975629197,0.0,0.0,0,0
286,CASH_OUT,94444.39,C531341641,102255.53,7811.14,C808863414,23143.93,117588.32,0,0
288,CASH_OUT,116378.14,C810503147,125897.51,9519.37,C872458342,1178.58,117556.72,0,0
433,DEBIT,408.93,C891252275,22913.99,22505.06,C797878078,11820.51,12229.44,0,0
147,CASH_OUT,82970.86,C535563978,109567.39,26596.53,C241491266,46768.31,129739.17,0,0
282,CASH_IN,14292.31,C675994524,7363.17,21655.48,C233257435,25390.12,11097.81,0,0
125,PAYMENT,2735.71,C645542200,6796.43,4060.72,M431674925,0.0,0.0,0,0
431,CASH_OUT,23558.8,C179784066,51261.83,27703.03,C237860505,10605.76,34164.56,0,0
503,CASH_IN,3882.66,C857505286,26723.79,30606.45,C794052772,154985.33,151102.67,0,0
418,DEBIT,4251.79,C398816665,8332.69,4080.9,C629603951,8186.15,12437.94,0,0
688,CASH_OUT,66016.51,C912155229,68360.71,2344.2,C795678539,9536.89,75553.4,0,0
259,CASH_OUT,44066.67,C732560372,67502.15,23435.48,C940857585,1199.5,45266.17,0,0
739,TRANSFER,71880.24,C247958525,98882.25,27002.01,C834650594,7264.63,79144.87,0,0
143,PAYMENT,9243.44,C262625727,28834.0,19590.56,M675384070,0.0,0.0,0,0
601,TRANSFER,20084.26,C134675447,72607.94,52523.68,C176040002,9330.37,29414.63,0,0
579,PAYMENT,1816.93,C868702919,16435.4,14618.47,M586931731,0.0,0.0,0,0
440,CASH_OUT,67346.78,C966014665,85242.24,17895.46,C511304164,129974.52,197321.3,0,0
719,PAYMENT,4001.24,C198014284,7698.78,3697.54,M245574567,0.0,0.0,0,0
581,TRANSFER,5442.7,C496347505,32933.48,27490.78,C346560871,14147.51,19590.21,0,0
428,CASH_OUT,16584.2,C621153308,16584.2,0.0,C315166883,1989.21,18573.41,1,0
626,PAYMENT,12928.27,C625614597,17693.0,4764.73,M616851477,0.0,0.0,0,0
609,CASH_OUT,2529.5,C336093065,3274.72,745.22,C508348636,2670.11,5199.61,0,0
530,CASH_OUT,684211.01,C389179838,684211.01,0.0,C656095420,26199.33,710410.34,1,1
559,PAYMENT,1003.17,C484708545,7707.6,6704.43,M513204824,0.0,0.0,0,0
698,CASH_IN,4367.74,C677628520,33032.91,37400.65,C522299883,15995.19,11627.45,0,0
411,TRANSFER,43146.99,C700337228,52795.44,9648.45,C928762038,32218.36,75365.35,0,0
258,CASH_IN,60409.06,C393516013,4216.5,64625.56,C713972595,71693.0,11283.94,0,0
32,CASH_IN,14744.54,C250960982,57657.24,72401.78,C162002072,59982.69,45238.15,0,0
714,PAYMENT,3428.87,C204641898,11131.0,7702.13,M665564289,0.0,0.0,0,0
571,CASH_OUT,39716.82,C406396268,44641.93,4925.11,C812629288,1019.82,40736.64,0,0
83,PAYMENT,2606.83,C458799980,35306.92,32700.09,M287958315,0.0,0.0,0,0
573,CASH_IN,60794.83,C389667060,37138.17,97933.0,C875252080,235590.67,174795.84,0,0
88,CASH_OUT,1571.36,C577060115,19526.3,17954.94,C627312302,61034.15,62605.51,0,0
649,TRANSFER,39131.58,C271475299,52874.65,13743.07,C879231197,48487.85,87619.43,0,0
265,CASH_IN,81785.44,C851387406,22271.02,104056.46,C513972216,238583.26,156797.82,0,0
343,CASH_OUT,137063.95,C598295689,152298.33,15234.38,C497870173,55440.36,192504.31,0,0
385,PAYMENT,5500.77,C988542595,10799.44,5298.67,M141555758,0.0,0.0,0,0
166,CASH_OUT,59527.24,C419667898,111151.1,51623.86,C689135017,49846.56,109373.8,0,0
106,CASH_IN,4972.79,C823564895,10909.01,15881.8,C602760830,47639.5,42666.71,0,0
735,TRANSFER,56850.06,C803956391,72214.92,15364.86,C843616835,12081.82,68931.88,0,0
676,CASH_OUT,5830.84,C754030631,54475.73,48644.89,C687006681,16043.85,21874.69,0,0
464,DEBIT,2657.05,C334793961,7688.62,5031.57,C990114236,5149.79,7806.84,0,0
636,TRANSFER,26131.2,C456463635,34008.47,7877.27,C923116706,13809.08,39940.28,0,0
557,PAYMENT,334.06,C843442478,15844.21,15510.15,M889885455,0.0,0.0,0,0
88,CASH_OUT,18593.29,C295717749,32922.42,14329.13,C670005271,22557.09,41150.38,0,0
209,PAYMENT,19275.01,C718240948,24955.17,5680.16,M490714590,0.0,0.0,0,0
171,CASH_OUT,114942.58,C397309836,136716.29,21773.71,C369953443,9367.11,124309.69,0,0
315,PAYMENT,1192.29,C147129184,5405.13,4212.84,M579039317,0.0,0.0,0,0
673,PAYMENT,624.88,C573152660,8099.88,7475.0,M739233191,0.0,0.0,0,0
153,CASH_IN,1376.73,C903812563,145782.48,147159.21,C447234395,157388.21,156011.48,0,0
619,PAYMENT,14476.62,C369362728,22408.05,7931.43,M200036281,0.0,0.0,0,0
650,CASH_OUT,622.16,C120331935,20653.05,20030.89,C622127296,24051.11,24673.27,0,0
179,CASH_OUT,113945.36,C335890411,115959.73,2014.37,C346976186,6677.88,120623.24,0,0
58,CASH_OUT,1373111.37,C473201579,1373111.37,0.0,C672004153,2102.5,1375213.87,1,0
680,PAYMENT,3332.51,C685105081,19375.86,16043.35,M701967246,0.0,0.0,0,0
267,TRANSFER,38018.51,C834055466,39761.14,1742.63,C262002188,24587.32,62605.83,0,0
384,PAYMENT,11893.2,C579277649,22665.58,10772.38,M527495927,0.0,0.0,0,0
43,CASH_OUT,13275.55,C274398095,57252.84,43977.29,C685858325,68144.31,81419.86,0,0
136,CASH_IN,51790.73,C913195970,29104.99,80895.72,C565501232,160357.43,108566.7,0,0
245,PAYMENT,625.39,C951453798,4700.04,4074.65,M843392588,0.0,0.0,0,0
313,TRANSFER,26660.39,C282661718,102829.57,76169.18,C228894074,24118.32,50778.71,0,0
100,CASH_IN,9506.3,C722758554,98329.33,107835.63,C146078755,130072.78,120566.48,0,0
637,PAYMENT,2812.12,C127161677,3827.71,1015.59,M765426194,0.0,0.0,0,0
524,CASH_OUT,20275.96,C891433487,39118.46,18842.5,C180008928,51212.0,71487.96,0,0
97,CASH_OUT,3617.41,C901095670,7908.61,4291.2,C517428834,37453.91,41071.32,0,0
277,PAYMENT,113.62,C118392487,2982.12,2868.5,M145209051,0.0,0.0,0,0
730,CASH_OUT,35997.51,C908676484,48909.47,12911.96,C847422858,41436.48,77433.99,0,0
369,CASH_IN,2931.6,C465788722,18010.75,20942.35,C789873067,7059.21,4127.61,0,0
446,PAYMENT,2497.07,C920472094,7234.9,4737.83,M343823514,0.0,0.0,0,0
517,CASH_OUT,10228.3,C572920756,21948.68,11720.38,C597985525,21223.96,31452.26,0,0
571,CASH_OUT,9410.29,C299769037,22304.14,12893.85,C789846041,63778.31,73188.6,0,0
180,PAYMENT,3888.24,C894578813,18055.29,14167.05,M341362608,0.0,0.0,0,0
452,PAYMENT,7643.18,C679302848,9394.03,1750.85,M287937695,0.0,0.0,0,0
101,CASH_OUT,28458.93,C371633815,45303.42,16844.49,C309382958,21939.8,50398.73,0,0
390,CASH_OUT,20635.19,C800523721,27464.73,6829.54,C562573110,36762.01,57397.2,0,0
711,PAYMENT,518.61,C170076612,14135.12,13616.51,M973604729,0.0,0.0,0,0
581,PAYMENT,7209.53,C504784179,9466.79,2257.26,M825766096,0.0,0.0,0,0
650,PAYMENT,2818.32,C138482133,40841.08,38022.76,M409352174,0.0,0.0,0,0
736,PAYMENT,1209.63,C882786559,26379.96,25170.33,M801198548,0.0,0.0,0,0
680,TRANSFER,37865.31,C430821149,149675.65,111810.34,C223382081,39044.07,76909.38,0,0
116,PAYMENT,9372.42,C435132485,18487.07,9114.65,M663447733,0.0,0.0,0,0
65,PAYMENT,10032.91,C376191647,17464.33,7431.42,M772842750,0.0,0.0,0,0
110,PAYMENT,402.79,C378640157,10111.1,9708.31,M175303018,0.0,0.0,0,0
496,CASH_IN,123833.66,C382628388,22306.14,146139.8,C961760111,169275.77,45442.11,0,0
732,CASH_OUT,21486.62,C693396940,31030.54,9543.92,C980764434,59158.54,80645.16,0,0
319,PAYMENT,14719.54,C645994069,15466.99,747.45,M479432314,0.0,0.0,0,0
234,CASH_OUT,1932.22,C988593013,2769.49,837.27,C834885635,42887.17,44819.39,0,0
433,DEBIT,1205.32,C198891732,4665.33,3460.01,C251841213,29168.81,30374.13,0,0
558,PAYMENT,2605.51,C242947912,2861.68,256.17,M663887942,0.0,0.0,0,0
677,CASH_IN,1144.68,C593919223,56914.77,58059.45,C913282152,69858.55,68713.87,0,0
595,PAYMENT,7721.59,C451945265,9575.82,1854.23,M688207384,0.0,0.0,0,0
299,CASH_OUT,11286.02,C249296935,17826.09,6540.07,C939027057,23252.63,34538.65,0,0
17,CASH_OUT,48189.58,C830750656,79288.1,31098.52,C698523091,66502.69,114692.27,0,0
530,PAYMENT,5136.61,C572988088,18047.38,12910.77,M690588888,0.0,0.0,0,0
741,CASH_OUT,11819.6,C466005344,19778.73,7959.13,C552229400,81623.6,93443.2,0,0
73,CASH_OUT,43175.58,C826146782,69178.06,26002.48,C181385985,84667.58,127843.16,0,0
417,PAYMENT,9341.87,C868060450,22391.49,13049.62,M811333301,0.0,0.0,0,0
391,CASH_OUT,116570.71,C846350646,156688.21,40117.5,C810346934,8379.59,124950.3,0,0
338,PAYMENT,669.07,C230508529,11098.12,10429.05,M764029513,0.0,0.0,0,0
299,CASH_OUT,16648.92,C280099118,23464.26,6815.34,C552353620,79840.47,96489.39,0,0
453,CASH_OUT,21397.5,C267221940,24881.07,3483.57,C697242764,62581.33,83978.83,0,0
165,CASH_OUT,82766.98,C435001309,93305.22,10538.24,C400816260,7991.7,90758.68,0,0
278,CASH_IN,13674.41,C110858106,120009.2,133683.61,C696311477,19281.97,5607.56,0,0
589,CASH_OUT,4156.92,C733381434,49594.02,45437.1,C248892604,96962.24,101119.16,0,0
273,CASH_OUT,19857.76,C742874284,70870.52,51012.76,C839256450,8430.47,28288.23,0,0
83,PAYMENT,3461.21,C702137118,24308.03,20846.82,M954888769,0.0,0.0,0,0
677,PAYMENT,5480.97,C339380771,12407.59,6926.62,M147774931,0.0,0.0,0,0
726,CASH_OUT,23589.98,C200942129,25937.48,2347.5,C285417267,17383.94,40973.92,0,0
113,TRANSFER,697703.19,C450290045,697703.19,0.0,C468797961,0.0,697703.19,1,0
641,PAYMENT,2974.15,C675581155,40533.36,37559.21,M147920703,0.0,0.0,0,0
255,PAYMENT,7208.6,C903202325,27283.45,20074.85,M358781829,0.0,0.0,0,0
337,PAYMENT,1402.84,C103306061,58210.21,56807.37,M462185138,0.0,0.0,0,0
607,PAYMENT,3555.14,C804771732,14016.0,10460.86,M987465728,0.0,0.0,0,0
474,DEBIT,5030.25,C679000245,19550.91,14520.66,C378992336,229.34,5259.59,0,0
291,PAYMENT,3914.05,C229794590,16216.94,12302.89,M561449847,0.0,0.0,0,0
501,CASH_OUT,65845.39,C488736137,68738.74,2893.35,C468173154,28802.11,94647.5,0,0
90,DEBIT,670.87,C554845453,4273.16,3602.29,C834543890,5782.44,6453.31,0,0
448,PAYMENT,722.16,C758828834,1614.11,891.95,M526070141,0.0,0.0,0,0
208,CASH_OUT,96891.69,C244177396,113926.9,17035.21,C724418034,124518.46,221410.15,0,0
735,PAYMENT,731.99,C577300755,4148.52,3416.53,M820275387,0.0,0.0,0,0
647,DEBIT,4908.46,C765366524,9950.9,5042.44,C165783142,27678.88,32587.34,0,0
578,TRANSFER,16425.88,C754279608,50325.83,33899.95,C972746281,20499.33,36925.21,0,0
580,PAYMENT,1248.04,C668589304,3988.23,2740.19,M250377157,0.0,0.0,0,0
288,PAYMENT,6872.57,C913356684,8470.35,1597.78,M476356364,0.0,0.0,0,0
231,CASH_IN,10302.95,C409928603,63357.01,73659.96,C324210816,78720.44,68417.49,0,0
434,PAYMENT,3250.93,C167605435,4255.1,1004.17,M363785917,0.0,0.0,0,0
514,CASH_IN,2535.97,C200801874,80689.86,83225.83,C728818440,10353.64,7817.67,0,0
88,PAYMENT,6665.46,C708087279,17039.87,10374.41,M662377014,0.0,0.0,0,0
370,PAYMENT,1649.54,C695874803,37350.57,35701.03,M921736799,0.0,0.0,0,0
308,CASH_OUT,766720.97,C316246892,766720.97,0.0,C408945945,41991.74,808712.71,1,0
397,CASH_OUT,101305.21,C901210466,130715.1,29409.89,C455108322,9400.26,110705.47,0,0
297,CASH_IN,11340.76,C235449521,89531.26,100872.02,C646421128,58996.68,47655.92,0,0
415,CASH_IN,3168.9,C155650579,102576.53,105745.43,C435982917,133271.5,130102.6,0,0
695,PAYMENT,4318.75,C983658346,7216.01,2897.26,M946579353,0.0,0.0,0,0
50,CASH_OUT,54773.25,C882013961,65881.28,11108.03,C487808880,74585.78,129359.03,0,0
456,DEBIT,1740.63,C348239328,7234.75,5494.12,C270578560,24367.42,26108.05,0,0
364,PAYMENT,1385.72,C154932534,3549.34,2163.62,M231972251,0.0,0.0,0,0
146,CASH_OUT,54157.7,C484177310,74286.47,20128.77,C860906687,58694.5,112852.2,0,0
607,CASH_OUT,170126.5,C208487070,176770.47,6643.97,C565407372,6696.57,176823.07,0,0
328,CASH_IN,57179.89,C296382662,13746.45,70926.34,C692283404,126296.63,69116.74,0,0
150,PAYMENT,1093.43,C914919239,16577.92,15484.49,M536166503,0.0,0.0,0,0
332,PAYMENT,10017.54,C502063641,16617.2,6599.66,M885154704,0.0,0.0,0,0
130,CASH_IN,19595.56,C622531998,12222.26,31817.82,C231937047,175505.28,155909.72,0,0
193,PAYMENT,1718.63,C223425778,3101.9,1383.27,M481150822,0.0,0.0,0,0
149,DEBIT,1517.87,C743621971,20034.22,18516.35,C941503769,53196.0,54713.87,0,0
698,TRANSFER,573.67,C637612970,62239.34,61665.67,C753704006,4381.36,4955.03,0,0
191,CASH_IN,19501.87,C394515158,5982.58,25484.45,C523258801,195486.8,175984.93,0,0
221,CASH_IN,203338.24,C651008022,54373.97,257712.21,C910244163,304662.83,101324.59,0,0
434,DEBIT,1621.6,C117579983,21223.42,19601.82,C755644859,15499.08,17120.68,0,0
264,PAYMENT,944.65,C636369739,20060.08,19115.43,M393225405,0.0,0.0,0,0
170,CASH_IN,36284.84,C674496082,36227.29,72512.13,C450543649,74915.02,38630.18,0,0
147,TRANSFER,42574.38,C993148485,46961.2,4386.82,C846888529,10278.83,52853.21,0,0
11,CASH_IN,11826.76,C585385519,9792.88,21619.64,C355063799,23228.29,11401.53,0,0
293,PAYMENT,316.34,C643052827,2035.11,1718.77,M163627519,0.0,0.0,0,0
616,TRANSFER,211195.07,C817431144,215987.47,4792.4,C220532331,26948.22,238143.29,0,0
31,CASH_OUT,1371055.44,C802392270,1371055.44,0.0,C683935352,17738.4,1388793.84,1,0
13,PAYMENT,13341.54,C347490547,14022.43,680.89,M612497043,0.0,0.0,0,0
558,CASH_IN,745.15,C997232483,773.76,1518.91,C877705654,120809.74,120064.59,0,0
386,TRANSFER,25548.34,C904327561,48546.73,22998.39,C159535607,41292.22,66840.56,0,0
534,TRANSFER,32958.28,C150414824,37420.61,4462.33,C708749177,74163.42,107121.7,0,0
462,PAYMENT,5201.79,C166840631,10907.57,5705.78,M532674021,0.0,0.0,0,0
149,TRANSFER,108179.27,C736243975,130591.69,22412.42,C689379219,21084.76,129264.03,0,0
161,TRANSFER,33648.45,C554840309,83988.78,50340.33,C415801983,20068.49,53716.94,0,0
548,PAYMENT,9649.01,C738956161,19287.5,9638.49,M289284182,0.0,0.0,0,0
127,PAYMENT,379.73,C351714867,5961.91,5582.18,M370226122,0.0,0.0,0,0
318,CASH_OUT,1046764.35,C953423761,1046764.35,0.0,C174420487,23315.76,1070080.11,1,0
63,CASH_OUT,13641.32,C751259095,21820.51,8179.19,C374430909,114914.21,128555.53,0,0
285,CASH_OUT,34609.24,C109536206,53924.13,19314.89,C424857748,59860.13,94469.37,0,0
713,CASH_OUT,124103.21,C817853795,169521.78,45418.57,C871030809,165952.91,290056.12,0,0
317,CASH_OUT,20677.69,C640694360,44802.02,24124.33,C989280389,74223.26,94900.95,0,0
488,CASH_OUT,27434.27,C168155774,29228.1,1793.83,C186285245,24365.61,51799.88,0,0
535,PAYMENT,452.9,C154623471,37469.23,37016.33,M907886311,0.0,0.0,0,0
53,CASH_OUT,36688.19,C511166935,48230.08,11541.89,C142754761,3312.97,40001.16,0,0
697,CASH_OUT,34970.82,C266670664,39588.27,4617.45,C544463143,27625.61,62596.43,0,0
482,PAYMENT,1780.58,C154121316,57113.69,55333.11,M794876682,0.0,0.0,0,0
585,PAYMENT,171.53,C914306418,11387.21,11215.68,M875508018,0.0,0.0,0,0
75,CASH_OUT,7649.02,C160124033,17344.87,9695.85,C419554588,33987.99,41637.01,0,0
381,PAYMENT,1965.46,C696842561,5114.19,3148.73,M477057858,0.0,0.0,0,0
726,TRANSFER,3430.89,C335208614,11866.75,8435.86,C298486647,8833.53,12264.42,0,0
528,PAYMENT,4194.46,C287972872,9272.93,5078.47,M421922798,0.0,0.0,0,0
377,PAYMENT,8712.89,C414207883,13639.12,4926.23,M910462222,0.0,0.0,0,0
556,CASH_OUT,69549.9,C309044719,131618.57,62068.67,C871639074,375.28,69925.18,0,0
624,TRANSFER,39269.54,C277905066,103412.43,64142.89,C747699528,52689.88,91959.42,0,0
559,CASH_OUT,110435.53,C368309232,119224.76,8789.23,C377391025,9337.05,119772.58,0,0
495,PAYMENT,3251.18,C438642748,20029.91,16778.73,M796402001,0.0,0.0,0,0
365,CASH_IN,19191.64,C192354019,57299.85,76491.49,C277308414,35366.76,16175.12,0,0
379,CASH_OUT,11608.77,C492056441,15771.34,4162.57,C748854339,28359.95,39968.72,0,0
482,PAYMENT,101.79,C343883384,25430.83,25329.04,M929067341,0.0,0.0,0,0
585,TRANSFER,46820.68,C941227535,48646.02,1825.34,C747215289,19458.69,66279.37,0,0
540,CASH_OUT,2099.8,C222748855,3756.9,1657.1,C612014083,12936.62,15036.42,0,0
227,PAYMENT,774.1,C565761786,7080.19,6306.09,M331518563,0.0,0.0,0,0
625,PAYMENT,4243.98,C155917885,10642.19,6398.21,M823998957,0.0,0.0,0,0
438,TRANSFER,14264.12,C590628518,70214.8,55950.68,C705159344,27650.73,41914.85,0,0
383,PAYMENT,3917.1,C687065744,14703.63,10786.53,M260406761,0.0,0.0,0,0
279,PAYMENT,3434.34,C475455755,4563.92,1129.58,M511576215,0.0,0.0,0,0
112,PAYMENT,6552.46,C686538396,8351.75,1799.29,M845990019,0.0,0.0,0,0
40,CASH_OUT,574910.2,C572363807,574910.2,0.0,C434172004,44147.65,619057.85,1,1
434,PAYMENT,331.38,C681040547,9147.37,8815.99,M412876284,0.0,0.0,0,0
506,PAYMENT,5841.31,C695653231,7208.06,1366.75,M505426059,0.0,0.0,0,0
478,PAYMENT,114.69,C583965817,14096.6,13981.91,M876581846,0.0,0.0,0,0
406,PAYMENT,1161.14,C118280393,20841.03,19679.89,M251091699,0.0,0.0,0,0
144,PAYMENT,15752.65,C283813370,38653.34,22900.69,M250318875,0.0,0.0,0,0
219,PAYMENT,1179.04,C263132415,4548.99,3369.95,M751423662,0.0,0.0,0,0
408,PAYMENT,253.92,C541251164,11336.47,11082.55,M922677507,0.0,0.0,0,0
406,PAYMENT,11777.17,C119265151,47882.29,36105.12,M742893343,0.0,0.0,0,0
123,CASH_IN,13353.8,C824539940,40194.47,53548.27,C340577002,61821.45,48467.65,0,0
597,CASH_OUT,29431.24,C871326680,79958.03,50526.79,C531253149,63387.12,92818.36,0,0
93,CASH_IN,23681.28,C795630145,43080.22,66761.5,C512903889,111047.93,87366.65,0,0
121,PAYMENT,32345.34,C567983576,35625.13,3279.79,M757198714,0.0,0.0,0,0
571,CASH_IN,9768.11,C576917173,9657.63,19425.74,C946608939,27299.93,17531.82,0,0
325,CASH_IN,9534.25,C142808068,152560.28,162094.53,C525648937,101373.92,91839.67,0,0
711,PAYMENT,8165.68,C599440529,9663.57,1497.89,M466026929,0.0,0.0,0,0
662,PAYMENT,3538.15,C503416387,4172.79,634.64,M218082958,0.0,0.0,0,0
57,DEBIT,709.43,C491615957,8886.19,8176.76,C241358232,3788.25,4497.68,0,0
736,PAYMENT,10357.61,C470924153,14051.14,3693.53,M709312329,0.0,0.0,0,0
366,PAYMENT,1636.68,C812494873,3717.87,2081.19,M490147029,0.0,0.0,0,0
629,CASH_IN,13168.66,C129417360,12265.06,25433.72,C547105349,30906.59,17737.93,0,0
408,TRANSFER,46014.96,C138105569,114391.28,68376.32,C171620884,56145.92,102160.88,0,0
32,PAYMENT,7886.67,C989087946,12966.81,5080.14,M916028769,0.0,0.0,0,0
491,CASH_IN,15166.65,C176737318,20982.12,36148.77,C792466849,32600.14,17433.49,0,0
506,TRANSFER,28432.74,C518945814,35569.55,7136.81,C974061617,43250.6,71683.34,0,0
359,CASH_OUT,55680.26,C906738646,124070.52,68390.26,C313085316,88580.17,144260.43,0,0
566,TRANSFER,1347365.21,C307801937,1347365.21,0.0,C490589903,0.0,1347365.21,1,0
667,PAYMENT,3677.6,C776154682,9176.31,5498.71,M121747976,0.0,0.0,0,0
732,CASH_OUT,49358.69,C470676652,66202.94,16844.25,C630235158,16535.7,65894.39,0,0
269,CASH_OUT,1435219.36,C405917766,1435219.36,0.0,C576917224,27112.55,1462331.91,1,0
633,PAYMENT,4250.78,C868074568,40551.19,36300.41,M865365437,0.0,0.0,0,0
83,PAYMENT,4205.67,C554219375,5143.53,937.86,M892965785,0.0,0.0,0,0
514,CASH_IN,203394.54,C167869533,33712.38,237106.92,C886690469,311839.01,108444.47,0,0
409,PAYMENT,1664.94,C429048950,10584.31,8919.37,M661474541,0.0,0.0,0,0
217,CASH_OUT,5235.72,C482445213,9169.14,3933.42,C487474476,18212.43,23448.15,0,0
488,DEBIT,516.01,C643737545,3505.23,2989.22,C885790272,40398.76,40914.77,0,0
473,CASH_IN,2750.09,C275492253,4268.31,7018.4,C610067694,10828.3,8078.21,0,0
247,PAYMENT,5336.61,C274787370,31498.89,26162.28,M131617287,0.0,0.0,0,0
560,PAYMENT,3274.21,C842574717,3893.08,618.87,M367426260,0.0,0.0,0,0
3,CASH_OUT,15698.32,C340390914,26172.05,10473.73,C837260786,30844.8,46543.12,0,0
79,PAYMENT,3044.95,C891762216,32757.82,29712.87,M894754283,0.0,0.0,0,0
181,CASH_OUT,1029.53,C550602968,44801.95,43772.42,C699273969,16241.74,17271.27,0,0
459,PAYMENT,2523.1,C700113189,15169.48,12646.38,M239175520,0.0,0.0,0,0
140,CASH_IN,22232.57,C135786022,6825.27,29057.84,C161918047,145601.23,123368.66,0,0
123,CASH_IN,57949.61,C736564370,32165.04,90114.65,C862734959,140627.82,82678.21,0,0
276,PAYMENT,5473.57,C753704543,10741.54,5267.97,M973205613,0.0,0.0,0,0
58,PAYMENT,3425.31,C370381004,55807.19,52381.88,M898645510,0.0,0.0,0,0
217,CASH_OUT,98997.19,C863659089,114441.95,15444.76,C745010126,84217.19,183214.38,0,0
559,PAYMENT,1266.19,C127399671,13240.12,11973.93,M497412597,0.0,0.0,0,0
607,PAYMENT,7805.97,C744346439,9961.15,2155.18,M847350516,0.0,0.0,0,0
423,PAYMENT,4447.41,C437629054,5518.32,1070.91,M729827443,0.0,0.0,0,0
100,CASH_OUT,5399.05,C849145091,37152.25,31753.2,C263838363,1009.5,6408.55,0,0
407,CASH_OUT,12755.93,C905910290,14728.46,1972.53,C140052754,9624.66,22380.59,0,0
305,PAYMENT,2745.35,C451815000,25041.72,22296.37,M985743233,0.0,0.0,0,0
253,PAYMENT,7084.15,C402067588,14999.17,7915.02,M223999329,0.0,0.0,0,0
366,PAYMENT,503.08,C263550369,11272.82,10769.74,M796583088,0.0,0.0,0,0
361,DEBIT,2413.51,C753527022,18268.01,15854.5,C828055093,11703.37,14116.88,0,0
683,PAYMENT,15750.03,C246833666,22409.78,6659.75,M740140090,0.0,0.0,0,0
274,CASH_OUT,84577.83,C915362082,107749.74,23171.91,C381596624,23193.19,107771.02,0,0
650,PAYMENT,2377.87,C338052820,16805.93,14428.06,M416398740,0.0,0.0,0,0
566,TRANSFER,13439.55,C945330888,35671.99,22232.44,C815098055,14324.15,27763.7,0,0
3,CASH_OUT,132416.07,C736405701,135575.53,3159.46,C411287134,9396.32,141812.39,0,0
433,PAYMENT,4032.54,C345989933,16623.34,12590.8,M213839518,0.0,0.0,0,0
623,DEBIT,1112.24,C645556390,15327.29,14215.05,C643267351,40961.93,42074.17,0,0
335,CASH_OUT,64258.53,C590229077,85989.49,21730.96,C860627378,14108.15,78366.68,0,0
674,PAYMENT,7668.61,C287430483,27833.23,20164.62,M148642604,0.0,0.0,0,0
147,CASH_IN,19733.28,C346767556,15017.08,34750.36,C435665283,160635.23,140901.95,0,0
505,CASH_IN,108337.87,C192769184,81999.11,190336.98,C355871999,179186.81,70848.94,0,0
113,DEBIT,1775.94,C905774954,9784.98,8009.04,C968711959,6106.17,7882.11,0,0
256,CASH_OUT,9888.56,C829860273,12131.9,2243.34,C984542717,19571.67,29460.23,0,0
635,PAYMENT,8201.74,C751389383,8944.79,743.05,M910186798,0.0,0.0,0,0
706,PAYMENT,2749.56,C958478242,4157.89,1408.33,M394242931,0.0,0.0,0,0
395,PAYMENT,11606.91,C386044754,13028.47,1421.56,M539976863,0.0,0.0,0,0
207,CASH_IN,67129.98,C154603979,34383.83,101513.81,C591265402,255415.2,188285.22,0,0
161,DEBIT,243.25,C126162047,33768.02,33524.77,C801409585,6860.35,7103.6,0,0
266,PAYMENT,30.18,C393738685,205.97,175.79,M823057846,0.0,0.0,0,0
141,PAYMENT,1928.73,C206966442,2743.5,814.77,M645531987,0.0,0.0,0,0
437,DEBIT,1283.08,C371056520,6880.56,5597.48,C519265195,14043.74,15326.82,0,0
583,PAYMENT,1483.01,C846861989,2059.13,576.12,M793094919,0.0,0.0,0,0
643,CASH_OUT,41414.8,C300601989,47151.18,5736.38,C167409238,67927.13,109341.93,0,0
74,CASH_OUT,66277.22,C489845847,68504.65,2227.43,C850389532,12634.27,78911.49,0,0
152,PAYMENT,1043.7,C774506386,14458.82,13415.12,M682013628,0.0,0.0,0,0
324,CASH_OUT,305759.02,C627325595,307719.96,1960.94,C138915332,740.49,306499.51,0,0
577,CASH_IN,38234.09,C313269173,15207.3,53441.39,C939758057,77465.46,39231.37,0,0
428,CASH_IN,31940.87,C927347185,16813.74,48754.61,C265520869,43760.34,11819.47,0,0
555,CASH_OUT,3138.85,C807268902,9335.53,6196.68,C975766913,14298.07,17436.92,0,0
538,CASH_OUT,64592.25,C300470841,68890.17,4297.92,C938870414,25892.06,90484.31,0,0
206,PAYMENT,6569.13,C574215341,56754.97,50185.84,M510324895,0.0,0.0,0,0
305,CASH_OUT,16174.92,C652836638,21512.83,5337.91,C671931400,29245.79,45420.71,0,0
275,CASH_OUT,41350.99,C953455386,100509.04,59158.05,C619578873,8220.62,49571.61,0,0
150,TRANSFER,91840.64,C514007231,130368.09,38527.45,C948251894,886.0,92726.64,0,0
519,CASH_IN,8582.54,C895066459,5250.81,13833.35,C599682664,42525.24,33942.7,0,0
48,CASH_IN,11169.85,C780738346,10901.66,22071.51,C406670172,75617.97,64448.12,0,0
1,CASH_OUT,125476.71,C354162863,154672.64,29195.93,C548943441,35160.29,160637.0,0,0
647,CASH_IN,41459.92,C953195281,25605.79,67065.71,C955081349,118387.89,76927.97,0,0
415,CASH_OUT,4011.9,C603416821,6572.19,2560.29,C516065907,3411.21,7423.11,0,0
11,PAYMENT,1618.28,C912430305,30403.01,28784.73,M303785371,0.0,0.0,0,0
613,PAYMENT,8082.46,C504248612,13144.28,5061.82,M699359082,0.0,0.0,0,0
264,CASH_OUT,53.37,C748456312,43955.94,43902.57,C758617623,308.18,361.55,0,0
345,PAYMENT,21484.81,C985288443,28866.75,7381.94,M784447369,0.0,0.0,0,0
570,CASH_OUT,21358.72,C632496581,23371.23,2012.51,C327413365,86719.42,108078.14,0,0
706,PAYMENT,1190.72,C968023975,4414.69,3223.97,M451324536,0.0,0.0,0,0
237,CASH_IN,13249.38,C920334149,130761.16,144010.54,C714697925,212355.76,199106.38,0,0
593,CASH_OUT,26681.27,C613273932,27329.61,648.34,C962337271,104467.99,131149.26,0,0
401,PAYMENT,1153.29,C522571153,23924.66,22771.37,M982438441,0.0,0.0,0,0
255,PAYMENT,1332.74,C789613919,9696.83,8364.09,M666107854,0.0,0.0,0,0
711,CASH_OUT,31290.82,C440251853,68851.97,37561.15,C392400021,111040.28,142331.1,0,0
161,TRANSFER,258830.93,C851711096,258830.93,0.0,C243287975,0.0,0.0,1,0
385,TRANSFER,13494.68,C206659127,63228.96,49734.28,C317657925,6177.55,19672.23,0,0
402,PAYMENT,1598.38,C611090875,7030.24,5431.86,M940478608,0.0,0.0,0,0
586,PAYMENT,256.73,C218088659,4046.23,3789.5,M635388895,0.0,0.0,0,0
11,CASH_OUT,51488.55,C380400656,107853.03,56364.48,C692036250,19691.77,71180.32,0,0
472,CASH_IN,40080.49,C727454769,44941.49,85021.98,C338257872,47800.86,7720.37,0,0
71,CASH_OUT,202880.56,C553994111,217850.77,14970.21,C930076233,74621.42,277501.98,0,0
102,CASH_IN,4733.1,C987293483,88448.26,93181.36,C165895438,76079.03,71345.93,0,0
350,CASH_IN,38747.24,C467976572,14554.55,53301.79,C402722632,102878.8,64131.56,0,0
290,PAYMENT,6175.39,C460637270,14840.79,8665.4,M898977456,0.0,0.0,0,0
10,CASH_IN,17508.62,C433703212,14698.84,32207.46,C200485724,131191.79,113683.17,0,0
555,PAYMENT,2622.94,C954409148,3226.09,603.15,M960037287,0.0,0.0,0,0
267,DEBIT,1190.41,C595263513,10856.21,9665.8,C783940882,15588.84,16779.25,0,0
110,PAYMENT,66.67,C702989222,4410.66,4343.99,M217509576,0.0,0.0,0,0
225,CASH_IN,21693.36,C954952196,10008.48,31701.84,C709287414,226129.62,204436.26,0,0
549,PAYMENT,1787.09,C868161822,3175.46,1388.37,M808975677,0.0,0.0,0,0
411,PAYMENT,17366.42,C289238963,25882.61,8516.19,M530533391,0.0,0.0,0,0
498,PAYMENT,57.77,C998347746,26007.5,25949.73,M127787806,0.0,0.0,0,0
706,CASH_OUT,11603.25,C697143920,21531.61,9928.36,C341631703,9618.64,21221.89,0,0
716,CASH_OUT,907993.04,C259155240,907993.04,0.0,C812007084,12284.19,920277.23,1,0
270,PAYMENT,4090.94,C495903522,6613.54,2522.6,M904163217,0.0,0.0,0,0
601,PAYMENT,2575.14,C823277610,9602.9,7027.76,M743267935,0.0,0.0,0,0
532,PAYMENT,6740.94,C920135331,7067.11,326.17,M862982811,0.0,0.0,0,0
556,PAYMENT,2677.82,C749194827,11057.22,8379.4,M125453062,0.0,0.0,0,0
394,CASH_OUT,127858.12,C214094998,152552.72,24694.6,C173750289,61534.5,189392.62,0,0
671,PAYMENT,20010.84,C650997031,48927.25,28916.41,M661120922,0.0,0.0,0,0
127,TRANSFER,4582.15,C388828503,29596.34,25014.19,C717020460,7385.14,11967.29,0,0
499,PAYMENT,223.0,C496229206,9172.7,8949.7,M841959571,0.0,0.0,0,0
576,CASH_OUT,30532.07,C846948921,32223.15,1691.08,C469974645,48207.62,78739.69,0,0
403,CASH_OUT,26134.36,C465127028,38584.28,12449.92,C946400797,49964.27,76098.63,0,0
401,CASH_OUT,83981.23,C496722900,159634.24,75653.01,C541804316,26864.86,110846.09,0,0
244,PAYMENT,1748.25,C978146630,3162.94,1414.69,M988218413,0.0,0.0,0,0
111,PAYMENT,2427.03,C486135553,13475.14,11048.11,M894263551,0.0,0.0,0,0
201,CASH_IN,58394.16,C609053234,54773.47,113167.63,C129560778,117495.1,59100.94,0,0
498,CASH_IN,5542.1,C268402661,64798.17,70340.27,C974745764,50579.14,45037.04,0,0
488,CASH_OUT,30524.93,C156464681,57196.49,26671.56,C395943941,6773.83,37298.76,0,0
453,CASH_OUT,22459.76,C535589726,22459.76,0.0,C439841881,21763.35,44223.11,1,0
227,PAYMENT,6522.97,C612580970,18543.0,12020.03,M416371902,0.0,0.0,0,0
321,DEBIT,5478.47,C502292433,44495.09,39016.62,C793734065,24431.45,29909.92,0,0
135,PAYMENT,1726.64,C954093907,8659.54,6932.9,M587696313,0.0,0.0,0,0
370,CASH_IN,5626.05,C670362198,96842.66,102468.71,C726364350,82933.79,77307.74,0,0
675,CASH_OUT,5884.33,C413319243,15396.76,9512.43,C898175170,47186.65,53070.98,0,0
236,CASH_IN,4810.12,C996919584,139223.45,144033.57,C719007542,50625.21,45815.09,0,0
515,PAYMENT,6844.03,C393549184,30380.38,23536.35,M702637560,0.0,0.0,0,0
129,PAYMENT,530.51,C832453797,963.36,432.85,M312226278,0.0,0.0,0,0
508,CASH_OUT,18038.02,C518988186,19686.59,1648.57,C709029678,119300.62,137338.64,0,0
270,CASH_OUT,1411008.52,C236611535,1411008.52,0.0,C169406606,23761.39,1434769.91,1,0
27,CASH_OUT,33637.58,C852126407,37844.08,4206.5,C473904414,36048.26,69685.84,0,0
579,CASH_IN,14598.91,C286350321,17095.66,31694.57,C776244330,65684.33,51085.42,0,0
459,PAYMENT,6602.5,C563510940,11357.91,4755.41,M534400132,0.0,0.0,0,0
609,PAYMENT,3524.57,C163848912,6951.07,3426.5,M696293604,0.0,0.0,0,0
513,TRANSFER,4516.06,C262685214,46132.74,41616.68,C106715775,13334.4,17850.46,0,0
661,PAYMENT,2451.32,C357807280,7360.01,4908.69,M268831777,0.0,0.0,0,0
112,CASH_OUT,70155.41,C619578668,70155.41,0.0,C942798562,30101.95,100257.36,1,0
607,CASH_OUT,88475.64,C365679064,120859.98,32384.34,C688702318,51904.78,140380.42,0,0
504,PAYMENT,2673.67,C424908246,8770.7,6097.03,M573401460,0.0,0.0,0,0
360,PAYMENT,761.54,C755120181,17507.39,16745.85,M481363508,0.0,0.0,0,0
665,PAYMENT,2978.92,C231368948,5148.82,2169.9,M431064781,0.0,0.0,0,0
717,DEBIT,1498.02,C296414539,8305.66,6807.64,C575860433,86288.78,87786.8,0,0
534,PAYMENT,3624.1,C404093308,14849.76,11225.66,M119103924,0.0,0.0,0,0
381,TRANSFER,1278181.35,C823747594,1278181.35,0.0,C704425450,0.0,1278181.35,1,1
111,CASH_OUT,44389.7,C933869877,71536.48,27146.78,C429571533,52293.09,96682.79,0,0
223,CASH_IN,54753.19,C599614819,45740.91,100494.1,C796671257,103098.48,48345.29,0,0
724,PAYMENT,1140.51,C948957211,23067.3,21926.79,M693968005,0.0,0.0,0,0
557,TRANSFER,141440.93,C672111973,179260.1,37819.17,C328653103,34439.23,175880.16,0,0
722,PAYMENT,3732.49,C872192941,15760.17,12027.68,M987292077,0.0,0.0,0,0
510,CASH_IN,54012.77,C607666596,89339.91,143352.68,C650533376,137380.25,83367.48,0,0
412,CASH_OUT,34010.69,C640918545,89783.48,55772.79,C912759456,31882.15,65892.84,0,0
261,PAYMENT,7189.43,C683060456,15719.52,8530.09,M382229605,0.0,0.0,0,0
438,CASH_IN,2484.33,C895915705,215465.97,217950.3,C815840739,208457.9,205973.57,0,0
648,PAYMENT,4174.65,C149146601,4234.16,59.51,M831453126,0.0,0.0,0,0
728,PAYMENT,2631.24,C491939117,15040.16,12408.92,M520892852,0.0,0.0,0,0
502,CASH_OUT,10287.67,C330205474,22855.91,12568.24,C447217520,72399.35,82687.02,0,0
680,PAYMENT,5085.28,C621886911,10732.95,5647.67,M710367004,0.0,0.0,0,0
243,CASH_OUT,6138.04,C927163574,42408.86,36270.82,C737149242,1120.83,7258.87,0,0
38,CASH_IN,38811.87,C558360923,39671.33,78483.2,C189279135,120292.25,81480.38,0,0
437,CASH_OUT,104351.09,C373602738,139246.52,34895.43,C881673063,17009.45,121360.54,0,0
525,CASH_OUT,170517.12,C861700058,181091.24,10574.12,C191680784,197170.73,367687.85,0,0
337,TRANSFER,8554.22,C209107307,43371.24,34817.02,C851802974,21715.33,30269.55,0,0
242,CASH_OUT,166980.62,C997919462,202512.36,35531.74,C180885706,7298.87,174279.49,0,0
14,CASH_OUT,112373.49,C564222841,113829.13,1455.64,C745633750,157130.31,269503.8,0,0
554,TRANSFER,3352.97,C620917731,9971.76,6618.79,C471749132,12261.46,15614.43,0,0
418,CASH_OUT,9663.21,C367826153,52521.45,42858.24,C918576426,5180.59,14843.8,0,0
3,TRANSFER,37909.82,C458143805,55758.57,17848.75,C168964895,4654.35,42564.17,0,0
205,PAYMENT,1459.62,C835669545,5848.32,4388.7,M155734388,0.0,0.0,0,0
183,CASH_OUT,44153.45,C474466875,44164.93,11.48,C480302722,25557.82,69711.27,0,0
440,PAYMENT,5847.42,C464055056,9132.02,3284.6,M371315031,0.0,0.0,0,0
44,TRANSFER,83974.84,C297406560,84331.94,357.1,C437122386,1898.45,85873.29,0,0
36,DEBIT,6965.17,C874358049,8446.54,1481.37,C497284439,32174.25,39139.42,0,0
343,PAYMENT,1012.28,C595750373,12616.94,11604.66,M772452630,0.0,0.0,0,0
573,CASH_IN,106247.92,C301738728,67468.08,173716.0,C863270127,126343.33,20095.41,0,0
298,PAYMENT,7694.61,C899282966,18181.55,10486.94,M768382293,0.0,0.0,0,0
692,PAYMENT,9749.91,C545881635,17145.87,7395.96,M193708494,0.0,0.0,0,0
348,CASH_IN,1896.32,C967346420,24352.43,26248.75,C253587168,27121.62,25225.3,0,0
332,PAYMENT,434.47,C289439994,4859.66,4425.19,M661553677,0.0,0.0,0,0
610,CASH_OUT,16304.14,C271858778,65612.52,49308.38,C417586873,24010.41,40314.55,0,0
607,TRANSFER,972419.4,C312283513,972419.4,0.0,C364479814,0.0,0.0,1,0
146,DEBIT,675.41,C524009273,21730.12,21054.71,C567283239,2883.31,3558.72,0,0
295,PAYMENT,677.8,C521143137,39053.06,38375.26,M165922081,0.0,0.0,0,0
594,PAYMENT,11131.85,C599424452,11615.73,483.88,M266558093,0.0,0.0,0,0
95,DEBIT,163.29,C434088615,10993.9,10830.61,C747058326,6770.71,6934.0,0,0
548,PAYMENT,448.22,C517857089,31123.14,30674.92,M483227064,0.0,0.0,0,0
32,TRANSFER,119086.92,C569274809,139195.68,20108.76,C672812461,20961.9,140048.82,0,0
480,DEBIT,3002.87,C334618143,6459.57,3456.7,C603840411,21974.18,24977.05,0,0
577,PAYMENT,16709.43,C788916706,30767.9,14058.47,M599648203,0.0,0.0,0,0
201,CASH_OUT,23168.4,C998216003,34838.1,11669.7,C108586267,46478.84,69647.24,0,0
591,CASH_OUT,37666.86,C969280668,68631.7,30964.84,C834560189,55941.32,93608.18,0,0
312,CASH_OUT,81691.35,C676223483,148022.83,66331.48,C436967667,272.78,81964.13,0,0
482,PAYMENT,2960.79,C530949550,12889.47,9928.68,M798246570,0.0,0.0,0,0
472,CASH_OUT,87116.07,C966426990,91616.49,4500.42,C111124079,23841.11,110957.18,0,0
251,CASH_OUT,38654.08,C615560291,74734.71,36080.63,C424022705,35759.82,74413.9,0,0
364,CASH_OUT,49220.14,C652073157,65772.64,16552.5,C316490146,40933.5,90153.64,0,0
137,CASH_IN,33607.53,C839837096,9070.19,42677.72,C729956446,68044.76,34437.23,0,0
637,CASH_OUT,1334.26,C104325042,13251.47,11917.21,C908627526,32388.42,33722.68,0,0
44,TRANSFER,113718.29,C328392207,189923.44,76205.15,C873949317,64653.92,178372.21,0,0
43,CASH_OUT,93120.25,C171796916,99749.47,6629.22,C513207038,1036.82,94157.07,0,0
125,PAYMENT,5711.32,C734285655,27858.15,22146.83,M862904161,0.0,0.0,0,0
395,CASH_OUT,62962.73,C471818609,83395.16,20432.43,C393127369,10346.93,73309.66,0,0
569,DEBIT,610.21,C461250133,5777.22,5167.01,C878249745,15900.91,16511.12,0,0
16,CASH_OUT,34814.51,C797139868,56329.08,21514.57,C786124124,46344.17,81158.68,0,0
59,CASH_OUT,44515.06,C284153070,65819.44,21304.38,C252765003,138570.85,183085.91,0,0
160,TRANSFER,11558.47,C160301236,34036.91,22478.44,C321990546,6523.85,18082.32,0,0
241,CASH_OUT,7908.86,C971762827,24305.89,16397.03,C232038617,15160.58,23069.44,0,0
521,PAYMENT,8479.73,C476172380,9064.94,585.21,M879757665,0.0,0.0,0,0
388,PAYMENT,2768.5,C961037416,12845.62,10077.12,M813968892,0.0,0.0,0,0
391,CASH_OUT,408.64,C138110485,3572.32,3163.68,C409225219,82409.74,82818.38,0,0
442,CASH_IN,29328.69,C737263106,135120.43,164449.12,C983000881,75385.44,46056.75,0,0
12,PAYMENT,8298.93,C381155920,9733.62,1434.69,M883207006,0.0,0.0,0,0
13,PAYMENT,10074.28,C282380820,18101.69,8027.41,M793321632,0.0,0.0,0,0
642,CASH_IN,78996.87,C787483084,5021.99,84018.86,C289669940,157418.42,78421.55,0,0
391,CASH_OUT,17278.9,C597583875,86652.85,69373.95,C151264422,15392.52,32671.42,0,0
601,PAYMENT,5188.44,C756249273,5234.43,45.99,M282972081,0.0,0.0,0,0
6,CASH_IN,35505.34,C815497100,60233.65,95738.99,C839008460,140277.35,104772.01,0,0
531,PAYMENT,5058.07,C183634257,16778.27,11720.2,M714494688,0.0,0.0,0,0
326,PAYMENT,10293.33,C509273135,13618.92,3325.59,M276352452,0.0,0.0,0,0
655,PAYMENT,10023.46,C536768137,23027.16,13003.7,M345022985,0.0,0.0,0,0
728,PAYMENT,859.54,C677653282,2967.04,2107.5,M322774340,0.0,0.0,0,0
119,CASH_OUT,31005.88,C705810531,39482.27,8476.39,C698721854,22272.43,53278.31,0,0
410,PAYMENT,580.98,C881130466,8751.38,8170.4,M470138764,0.0,0.0,0,0
203,PAYMENT,1101.9,C837300096,12232.81,11130.91,M844632052,0.0,0.0,0,0
678,CASH_IN,7720.34,C771765660,3274.32,10994.66,C953589172,141804.6,134084.26,0,0
98,CASH_OUT,13922.14,C525604321,36220.55,22298.41,C209356765,18936.38,32858.52,0,0
652,PAYMENT,366.43,C435696455,48636.38,48269.95,M148150998,0.0,0.0,0,0
430,CASH_OUT,11424.27,C739001572,13325.28,1901.01,C233075019,1647.68,13071.95,0,0
487,CASH_OUT,31571.89,C343497003,54575.1,23003.21,C359189274,36954.54,68526.43,0,0
447,PAYMENT,5357.02,C375951434,9382.28,4025.26,M969264425,0.0,0.0,0,0
676,PAYMENT,1448.66,C343376852,3463.69,2015.03,M850714578,0.0,0.0,0,0
109,CASH_IN,62702.59,C797829740,8760.51,71463.1,C392383397,171409.52,108706.93,0,0
421,TRANSFER,146.75,C110069701,3657.96,3511.21,C325204780,36510.64,36657.39,0,0
98,PAYMENT,782.5,C810977711,4772.55,3990.05,M417518707,0.0,0.0,0,0
737,CASH_OUT,30611.75,C228618738,35355.34,4743.59,C216024312,7373.25,37985.0,0,0
46,PAYMENT,957.68,C500841233,1081.35,123.67,M147789452,0.0,0.0,0,0
682,TRANSFER,825026.05,C976678164,825026.05,0.0,C629827065,0.0,0.0,1,1
511,TRANSFER,141924.26,C908775551,147535.23,5610.97,C721804879,44450.98,186375.24,0,0
563,CASH_IN,37195.28,C380122112,2053.07,39248.35,C568867601,145738.43,108543.15,0,0
383,PAYMENT,4605.57,C567758591,5127.27,521.7,M795932298,0.0,0.0,0,0
73,CASH_OUT,1361726.08,C491390101,1361726.08,0.0,C177195844,14324.66,1376050.74,1,0
524,PAYMENT,5415.1,C253949466,8509.58,3094.48,M903538860,0.0,0.0,0,0
449,PAYMENT,10626.74,C449097198,11155.48,528.74,M833385193,0.0,0.0,0,0
251,CASH_IN,7036.21,C399843208,27860.55,34896.76,C105283645,14040.12,7003.91,0,0
351,PAYMENT,1324.23,C445133654,23305.73,21981.5,M763655110,0.0,0.0,0,0
443,PAYMENT,14394.23,C572513137,19920.64,5526.41,M223534455,0.0,0.0,0,0
4,CASH_OUT,88037.29,C591871045,99706.3,11669.01,C145820409,119880.53,207917.82,0,0
124,TRANSFER,84769.95,C619530490,128801.8,44031.85,C352386420,119887.64,204657.59,0,0
246,PAYMENT,360.82,C612325597,15529.24,15168.42,M874218139,0.0,0.0,0,0
9,PAYMENT,1141.66,C406419891,2462.95,1321.29,M374552834,0.0,0.0,0,0
11,PAYMENT,3001.54,C217060593,7857.19,4855.65,M393537487,0.0,0.0,0,0
30,PAYMENT,2684.9,C181480473,5788.56,3103.66,M871135060,0.0,0.0,0,0
608,PAYMENT,5777.32,C232306214,13505.53,7728.21,M537222265,0.0,0.0,0,0
54,PAYMENT,6712.24,C182261027,55435.8,48723.56,M173614011,0.0,0.0,0,0
84,CASH_OUT,1273454.71,C741605611,1273454.71,0.0,C286319119,47139.22,1320593.93,1,1
538,TRANSFER,9843.14,C738634090,43046.48,33203.34,C851792364,7128.38,16971.52,0,0
575,PAYMENT,11060.68,C168942465,49800.72,38740.04,M357015550,0.0,0.0,0,0
35,PAYMENT,755.99,C362499269,7427.46,6671.47,M183533860,0.0,0.0,0,0
46,CASH_OUT,167917.15,C970382740,168034.29,117.14,C389257019,33737.46,201654.61,0,0
154,PAYMENT,1809.78,C333807601,11773.88,9964.1,M464374623,0.0,0.0,0,0
444,PAYMENT,4939.76,C895277807,6848.93,1909.17,M962341545,0.0,0.0,0,0
708,CASH_OUT,1853.99,C161355313,40163.6,38309.61,C443256387,112834.74,114688.73,0,0
126,CASH_IN,37250.66,C127651430,37424.47,74675.13,C191358024,38321.68,1071.02,0,0
714,PAYMENT,12567.66,C955240277,12674.42,106.76,M415849265,0.0,0.0,0,0
195,PAYMENT,8509.39,C623230465,19053.03,10543.64,M442038293,0.0,0.0,0,0
199,CASH_OUT,28471.8,C177154386,37158.51,8686.71,C610762037,13026.16,41497.96,0,0
391,PAYMENT,1619.22,C238603173,17603.72,15984.5,M427746732,0.0,0.0,0,0
126,PAYMENT,342.8,C797842655,3478.77,3135.97,M373209392,0.0,0.0,0,0
235,PAYMENT,3462.25,C615697889,4433.86,971.61,M981821101,0.0,0.0,0,0
360,PAYMENT,5006.86,C630516143,12393.55,7386.69,M734929636,0.0,0.0,0,0
740,CASH_IN,756.05,C294374899,24123.34,24879.39,C785875831,62167.02,61410.97,0,0
633,CASH_OUT,91345.14,C918549715,114422.34,23077.2,C134075158,5472.18,96817.32,0,0
392,CASH_OUT,28671.42,C608160902,31178.48,2507.06,C413111656,76166.16,104837.58,0,0
526,PAYMENT,12396.57,C647811193,18421.68,6025.11,M244195494,0.0,0.0,0,0
139,CASH_IN,5762.07,C586416250,9639.81,15401.88,C113043653,102144.23,96382.16,0,0
210,TRANSFER,4138.69,C210909978,104147.53,100008.84,C307971155,67281.76,71420.45,0,0
102,CASH_OUT,61923.28,C747558719,86808.78,24885.5,C492227161,40995.45,102918.73,0,0
97,PAYMENT,6110.29,C193833852,7287.52,1177.23,M247696966,0.0,0.0,0,0
114,PAYMENT,2642.0,C187139452,6137.32,3495.32,M579218792,0.0,0.0,0,0
339,CASH_OUT,27992.01,C505069735,109788.24,81796.23,C318982647,15949.49,43941.5,0,0
188,PAYMENT,4275.27,C263557619,15037.15,10761.88,M893936794,0.0,0.0,0,0
695,PAYMENT,1683.45,C662635017,14450.04,12766.59,M916428438,0.0,0.0,0,0
62,DEBIT,1885.69,C769498056,29874.4,27988.71,C998479174,3283.29,5168.98,0,0
537,TRANSFER,949552.08,C487277443,949552.08,0.0,C589836872,0.0,0.0,1,1
713,PAYMENT,739.42,C711140761,3912.34,3172.92,M153708029,0.0,0.0,0,0
285,PAYMENT,14742.42,C791482720,17500.44,2758.02,M861561929,0.0,0.0,0,0
147,TRANSFER,10038.43,C564772469,29611.04,19572.61,C350103471,33755.26,43793.69,0,0
674,CASH_OUT,74218.25,C859328517,108635.42,34417.17,C134295454,13758.95,87977.2,0,0
348,CASH_IN,35921.36,C307876807,8155.83,44077.19,C681507018,46282.05,10360.69,0,0
87,CASH_IN,85043.74,C246288562,19819.1,104862.84,C464941420,105570.99,20527.25,0,0
682,CASH_OUT,12497.12,C107471771,22424.55,9927.43,C765444083,38096.57,50593.69,0,0
511,CASH_OUT,114621.89,C235936206,144322.7,29700.81,C224497891,81980.1,196601.99,0,0
130,CASH_IN,76055.59,C771163385,87043.28,163098.87,C206147444,158036.91,81981.32,0,0
550,TRANSFER,396448.28,C617360307,396448.28,0.0,C497069198,0.0,396448.28,1,0
240,PAYMENT,2260.37,C291402363,2296.42,36.05,M798517835,0.0,0.0,0,0
115,PAYMENT,2741.1,C622490872,18841.76,16100.66,M558704579,0.0,0.0,0,0
642,PAYMENT,3003.32,C188151039,17880.76,14877.44,M964441960,0.0,0.0,0,0
193,CASH_OUT,16955.46,C278775953,40600.09,23644.63,C693597313,57163.83,74119.29,0,0
428,CASH_OUT,94825.51,C452806399,128583.76,33758.25,C204210844,370.01,95195.52,0,0
639,CASH_OUT,79312.87,C460709466,89792.21,10479.34,C216536307,26405.91,105718.78,0,0
625,TRANSFER,1265051.42,C490937626,1265051.42,0.0,C427186426,0.0,0.0,1,1
351,PAYMENT,937.78,C676928062,31300.87,30363.09,M581461478,0.0,0.0,0,0
677,CASH_OUT,4109.12,C329905140,19062.31,14953.19,C862036819,62653.18,66762.3,0,0
351,PAYMENT,1668.02,C110864648,18429.4,16761.38,M190957907,0.0,0.0,0,0
525,CASH_OUT,46445.77,C581913889,48309.34,1863.57,C320606183,42270.71,88716.48,0,0
407,CASH_OUT,32693.39,C683795841,37911.17,5217.78,C987848066,63472.59,96165.98,0,0
275,CASH_OUT,140302.11,C389879744,143185.84,2883.73,C827529270,51838.55,192140.66,0,0
553,CASH_OUT,44932.61,C663435720,67242.85,22310.24,C511000418,1517.68,46450.29,0,0
408,PAYMENT,13398.4,C105629414,14073.77,675.37,M775786255,0.0,0.0,0,0
417,CASH_OUT,18167.26,C305837684,28498.19,10330.93,C322145267,16820.84,34988.1,0,0
10,TRANSFER,16279.09,C561690703,90201.09,73922.0,C355770904,23118.97,39398.06,0,0
477,CASH_OUT,251320.79,C205307102,272777.35,21456.56,C911596946,64937.89,316258.68,0,0
406,CASH_IN,1750.9,C481271535,28690.7,30441.6,C711169546,56964.9,55214.0,0,0
678,CASH_IN,8918.1,C856370209,15088.1,24006.2,C488264046,29174.12,20256.02,0,0
211,PAYMENT,2927.53,C659473297,12833.24,9905.71,M370503507,0.0,0.0,0,0
683,DEBIT,1589.71,C293953245,5622.17,4032.46,C443232786,46264.2,47853.91,0,0
467,CASH_OUT,4773.17,C291843832,9397.66,4624.49,C485382382,58971.21,63744.38,0,0
108,PAYMENT,373.04,C757370135,8041.37,7668.33,M897209040,0.0,0.0,0,0
522,PAYMENT,4203.78,C691385618,33589.59,29385.81,M207471427,0.0,0.0,0,0
85,DEBIT,1820.88,C988632107,15161.82,13340.94,C870600403,35835.9,37656.78,0,0
469,PAYMENT,2543.44,C284609136,16179.64,13636.2,M945016787,0.0,0.0,0,0
652,CASH_OUT,64431.57,C623338778,78293.85,13862.28,C389092653,33811.93,98243.5,0,0
446,CASH_OUT,14338.78,C854697674,36408.98,22070.2,C706673161,20021.99,34360.77,0,0
307,CASH_IN,120738.71,C471928959,56069.65,176808.36,C425003870,157716.7,36977.99,0,0
57,CASH_OUT,62892.48,C275577096,95683.14,32790.66,C242023684,12039.69,74932.17,0,0
350,CASH_IN,5394.62,C118618582,68691.56,74086.18,C445888126,59845.73,54451.11,0,0
419,PAYMENT,647.78,C155720651,6407.62,5759.84,M292703015,0.0,0.0,0,0
451,CASH_OUT,42557.35,C842190224,115283.77,72726.42,C711204097,3330.34,45887.69,0,0
685,CASH_IN,54252.81,C574023648,10693.8,64946.61,C166032228,142672.71,88419.9,0,0
261,CASH_OUT,428204.91,C218955344,466298.62,38093.71,C289728649,35393.79,463598.7,0,0
355,TRANSFER,33276.54,C377313415,55742.74,22466.2,C369692200,11956.53,45233.07,0,0
339,CASH_IN,18904.13,C744773341,107416.5,126320.63,C342461926,30028.14,11124.01,0,0
690,CASH_OUT,9864.92,C369106823,49070.69,39205.77,C776935585,20668.57,30533.49,0,0
722,CASH_OUT,130822.24,C205012575,134824.57,4002.33,C819948381,140013.0,270835.24,0,0
319,CASH_OUT,5966.61,C119262896,9595.93,3629.32,C316791630,92874.32,98840.93,0,0
72,PAYMENT,234.07,C678570207,4693.94,4459.87,M645694613,0.0,0.0,0,0
624,PAYMENT,3508.02,C856097944,7781.06,4273.04,M494558779,0.0,0.0,0,0
67,CASH_OUT,32983.61,C740357004,51220.53,18236.92,C194830655,62144.74,95128.35,0,0
198,CASH_OUT,2646.82,C131532720,18772.46,16125.64,C621169193,13978.11,16624.93,0,0
416,PAYMENT,7125.11,C829112471,14254.03,7128.92,M514226391,0.0,0.0,0,0
710,CASH_OUT,4651.77,C325168753,72879.93,68228.16,C984089235,12314.2,16965.97,0,0
84,CASH_OUT,23858.93,C889107230,68817.66,44958.73,C786501024,396.39,24255.32,0,0
111,TRANSFER,53922.46,C783284010,61653.35,7730.89,C323112492,18371.65,72294.11,0,0
417,PAYMENT,12559.78,C433811918,21295.35,8735.57,M417913428,0.0,0.0,0,0
494,CASH_OUT,116964.81,C993719074,136181.87,19217.06,C171249687,77360.45,194325.26,0,0
521,CASH_IN,24657.81,C758328895,5880.16,30537.97,C615424991,126647.29,101989.48,0,0
466,PAYMENT,13526.42,C977907520,27620.58,14094.16,M988955953,0.0,0.0,0,0
121,CASH_OUT,4976.87,C293942728,24373.93,19397.06,C130395552,72853.77,77830.64,0,0
542,CASH_OUT,22010.91,C200017241,48942.06,26931.15,C720789638,28539.64,50550.55,0,0
186,DEBIT,1140.85,C874132055,9546.42,8405.57,C914400164,12220.28,13361.13,0,0
395,PAYMENT,10268.65,C225267853,15205.84,4937.19,M170294046,0.0,0.0,0,0
288,TRANSFER,40075.86,C878029963,56992.92,16917.06,C891123294,25105.54,65181.4,0,0
740,CASH_IN,69362.99,C663982606,75383.18,144746.17,C495265972,110942.34,41579.35,0,0
269,PAYMENT,8591.62,C208318734,12276.72,3685.1,M418659912,0.0,0.0,0,0
413,PAYMENT,3683.93,C816353176,8619.15,4935.22,M530823070,0.0,0.0,0,0
69,PAYMENT,3780.12,C183665708,7197.31,3417.19,M131984800,0.0,0.0,0,0
81,TRANSFER,85108.72,C883582093,88859.19,3750.47,C595362497,19389.51,104498.23,0,0
66,TRANSFER,77475.14,C443140797,80367.03,2891.89,C129625849,53955.22,131430.36,0,0
173,DEBIT,439.5,C143925739,6674.21,6234.71,C735638829,2928.8,3368.3,0,0
169,CASH_OUT,9240.32,C162786979,20119.0,10878.68,C166761774,26547.83,35788.15,0,0
101,CASH_OUT,50543.93,C520311023,116780.28,66236.35,C446624882,6887.08,57431.01,0,0
10,DEBIT,4994.61,C794496188,22055.42,17060.81,C794721067,39770.23,44764.84,0,0
714,CASH_OUT,33148.34,C861872868,45773.64,12625.3,C961298437,41421.42,74569.76,0,0
153,PAYMENT,2204.71,C248912852,13196.18,10991.47,M887442558,0.0,0.0,0,0
470,CASH_IN,2799.92,C598450792,6124.09,8924.01,C141082709,127794.74,124994.82,0,0
519,CASH_OUT,140655.49,C416361660,172657.38,32001.89,C210252596,76619.24,217274.73,0,0
690,PAYMENT,1849.77,C717333467,14262.56,12412.79,M725811858,0.0,0.0,0,0
598,CASH_IN,9755.97,C330071078,37472.47,47228.44,C118722856,26276.28,16520.31,0,0
149,CASH_OUT,20521.42,C437271693,23877.8,3356.38,C360014535,20454.46,40975.88,0,0
115,PAYMENT,3236.13,C198435692,8483.57,5247.44,M645411039,0.0,0.0,0,0
644,DEBIT,5140.07,C498146186,11630.18,6490.11,C878671335,9946.29,15086.36,0,0
657,CASH_OUT,5623.62,C114728358,43865.4,38241.78,C409155770,6401.05,12024.67,0,0
219,DEBIT,1888.37,C872127038,19317.86,17429.49,C444870044,2634.67,4523.04,0,0
464,PAYMENT,10367.46,C542313473,12362.05,1994.59,M820506412,0.0,0.0,0,0
397,PAYMENT,9072.25,C313325440,9736.87,664.62,M566892235,0.0,0.0,0,0
483,CASH_OUT,16191.21,C115554364,20487.63,4296.42,C849948310,47435.43,63626.64,0,0
489,TRANSFER,6768.86,C177225682,68531.58,61762.72,C808278923,96474.34,103243.2,0,0
133,CASH_IN,58613.47,C194237863,168422.6,227036.07,C872796305,83445.22,24831.75,0,0
526,TRANSFER,13783.58,C167516956,27616.5,13832.92,C388044687,24928.67,38712.25,0,0
344,CASH_OUT,59425.61,C443099452,67763.56,8337.95,C742025388,112899.1,172324.71,0,0
646,PAYMENT,14445.45,C214879929,15342.54,897.09,M399567093,0.0,0.0,0,0
577,CASH_IN,38327.66,C825560939,23663.9,61991.56,C659817807,88309.63,49981.97,0,0
727,CASH_IN,9372.1,C266864291,25255.74,34627.84,C116404064,16446.2,7074.1,0,0
572,CASH_OUT,13759.45,C198605053,58247.5,44488.05,C546680137,141859.66,155619.11,0,0
527,TRANSFER,177725.17,C557008229,177725.17,0.0,C934628189,0.0,0.0,1,0
348,PAYMENT,10139.15,C624039439,23392.01,13252.86,M694190666,0.0,0.0,0,0
591,PAYMENT,6086.14,C539329590,14515.16,8429.02,M960366127,0.0,0.0,0,0
31,PAYMENT,2618.91,C926675422,22706.24,20087.33,M161245705,0.0,0.0,0,0
587,PAYMENT,8002.84,C889135295,9943.87,1941.03,M553331590,0.0,0.0,0,0
573,CASH_IN,46882.96,C745253369,118274.89,165157.85,C314257629,55288.81,8405.85,0,0
183,PAYMENT,264.09,C236387892,8558.93,8294.84,M387771545,0.0,0.0,0,0
278,PAYMENT,338.11,C557020367,23387.28,23049.17,M308329930,0.0,0.0,0,0
105,TRANSFER,26776.06,C710765572,80728.64,53952.58,C164918144,92727.49,119503.55,0,0
244,CASH_OUT,44059.47,C459117112,50331.5,6272.03,C502051147,104064.42,148123.89,0,0
530,PAYMENT,1824.65,C646661106,21379.51,19554.86,M669295523,0.0,0.0,0,0
342,CASH_OUT,34003.3,C921464922,55693.6,21690.3,C694700920,51898.48,85901.78,0,0
699,PAYMENT,576.26,C547449974,11322.57,10746.31,M609075926,0.0,0.0,0,0
56,PAYMENT,62.94,C159974339,2506.44,2443.5,M662575738,0.0,0.0,0,0
367,CASH_OUT,73315.26,C518146531,85213.21,11897.95,C349139315,96624.41,169939.67,0,0
671,CASH_OUT,55437.55,C998031664,92294.19,36856.64,C369471526,10646.23,66083.78,0,0
421,CASH_OUT,214734.39,C474565814,243414.97,28680.58,C612437768,148.47,214882.86,0,0
16,CASH_OUT,5208.34,C854989783,7930.5,2722.16,C120583027,2545.98,7754.32,0,0
463,PAYMENT,2546.31,C102908003,20868.43,18322.12,M924964738,0.0,0.0,0,0
401,PAYMENT,3291.74,C211245275,5843.2,2551.46,M710130815,0.0,0.0,0,0
478,CASH_OUT,25601.9,C409846819,99129.91,73528.01,C512544197,69645.34,95247.24,0,0
395,CASH_OUT,13688.28,C560238336,63619.73,49931.45,C752255005,3253.16,16941.44,0,0
504,CASH_IN,78686.02,C868163949,5422.18,84108.2,C720694675,78691.64,5.62,0,0
71,PAYMENT,8424.85,C468722368,9543.93,1119.08,M292814446,0.0,0.0,0,0
109,PAYMENT,9900.38,C812126318,19059.44,9159.06,M443787374,0.0,0.0,0,0
112,PAYMENT,7807.17,C125661742,29084.74,21277.57,M303568945,0.0,0.0,0,0
476,PAYMENT,3299.43,C295787633,24612.87,21313.44,M174584735,0.0,0.0,0,0
406,CASH_OUT,1740.27,C763500037,6623.22,4882.95,C154715875,3112.78,4853.05,0,0
533,CASH_OUT,19079.18,C898584332,31392.03,12312.85,C610860274,41327.65,60406.83,0,0
245,PAYMENT,2952.16,C886384913,47873.72,44921.56,M770039691,0.0,0.0,0,0
326,TRANSFER,123587.04,C479836563,199859.16,76272.12,C280271458,1665.36,125252.4,0,0
451,CASH_OUT,26730.57,C853902684,38429.28,11698.71,C346005255,3434.16,30164.73,0,0
236,CASH_OUT,225348.31,C335145055,225348.31,0.0,C946475732,9926.44,235274.75,1,1
42,PAYMENT,1926.38,C941172682,9037.37,7110.99,M327594333,0.0,0.0,0,0
214,PAYMENT,127.3,C715157678,17569.48,17442.18,M728228995,0.0,0.0,0,0
362,CASH_IN,8344.41,C565949390,21344.98,29689.39,C559574980,47094.61,38750.2,0,0
518,PAYMENT,3360.62,C576183582,3632.77,272.15,M471889860,0.0,0.0,0,0
509,PAYMENT,214.81,C288022101,25459.87,25245.06,M874999968,0.0,0.0,0,0
722,CASH_IN,65001.44,C101053518,86476.87,151478.31,C466015705,136762.61,71761.17,0,0
333,PAYMENT,843.09,C270621596,4834.44,3991.35,M213483243,0.0,0.0,0,0
725,CASH_OUT,310979.54,C133669628,329078.8,18099.26,C385596583,112946.73,423926.27,0,0
229,CASH_OUT,81598.31,C802896487,91649.68,10051.37,C953464448,881.5,82479.81,0,0
608,DEBIT,255.57,C108670988,10837.78,10582.21,C330586910,33394.55,33650.12,0,0
353,CASH_OUT,60340.29,C413672608,65585.73,5245.44,C920155694,46660.91,107001.2,0,0
51,CASH_IN,81874.83,C279939877,21562.46,103437.29,C417184770,114863.96,32989.13,0,0
566,PAYMENT,2549.39,C400838918,3542.24,992.85,M319362147,0.0,0.0,0,0
81,PAYMENT,1473.18,C323771402,2336.66,863.48,M892164708,0.0,0.0,0,0
701,PAYMENT,5465.91,C326527447,6049.27,583.36,M241852050,0.0,0.0,0,0
27,PAYMENT,5162.53,C516402320,14384.79,9222.26,M504365017,0.0,0.0,0,0
493,PAYMENT,5603.28,C556742571,6168.44,565.16,M451866861,0.0,0.0,0,0
21,CASH_OUT,169883.44,C451816416,173985.65,4102.21,C350075302,2862.38,172745.82,0,0
48,PAYMENT,5313.98,C175175278,6134.63,820.65,M834318545,0.0,0.0,0,0
693,CASH_OUT,22625.41,C530847470,24396.69,1771.28,C141794150,25000.13,47625.54,0,0
548,CASH_OUT,43108.04,C840942353,114552.28,71444.24,C260764790,124399.84,167507.88,0,0
60,TRANSFER,48234.53,C666031506,95151.65,46917.12,C875219815,5903.37,54137.9,0,0
642,TRANSFER,28410.11,C821687271,98942.89,70532.78,C952006937,1742.33,30152.44,0,0
662,PAYMENT,4133.95,C159549211,9596.73,5462.78,M791832044,0.0,0.0,0,0
571,TRANSFER,63577.9,C371546483,92744.64,29166.74,C823793367,11347.48,74925.38,0,0
295,PAYMENT,2050.16,C901497363,19787.98,17737.82,M401186931,0.0,0.0,0,0
681,PAYMENT,3859.32,C848539684,44915.96,41056.64,M974449832,0.0,0.0,0,0
347,DEBIT,13592.23,C482127263,14582.37,990.14,C198831984,6944.34,20536.57,0,0
441,CASH_IN,38767.83,C849807222,75876.25,114644.08,C237703855,81980.06,43212.23,0,0
106,PAYMENT,13531.28,C108028779,16208.69,2677.41,M126361513,0.0,0.0,0,0
388,TRANSFER,85260.28,C455514933,99205.9,13945.62,C607125617,20718.09,105978.37,0,0
655,DEBIT,639.78,C300643467,6882.16,6242.38,C641474164,54235.48,54875.26,0,0
473,PAYMENT,747.28,C148281138,7441.2,6693.92,M709756129,0.0,0.0,0,0
649,TRANSFER,52646.72,C250335573,82154.63,29507.91,C691952851,26375.92,79022.64,0,0
188,PAYMENT,4908.05,C799188248,8528.83,3620.78,M561254648,0.0,0.0,0,0
716,CASH_IN,43741.73,C739126805,14064.22,57805.95,C580356890,80304.94,36563.21,0,0
74,PAYMENT,509.46,C898748422,11718.74,11209.28,M327516899,0.0,0.0,0,0
143,PAYMENT,5878.61,C712226948,11267.83,5389.22,M446143116,0.0,0.0,0,0
59,TRANSFER,92639.54,C124656416,159840.16,67200.62,C425201568,46651.38,139290.92,0,0
692,CASH_OUT,31633.88,C702787233,70674.37,39040.49,C962908265,16765.23,48399.11,0,0
364,CASH_OUT,2647.79,C629524101,20364.79,17717.0,C815752742,24592.55,27240.34,0,0
529,PAYMENT,231.68,C521747169,7970.16,7738.48,M719691144,0.0,0.0,0,0
370,CASH_IN,28161.91,C744348941,11933.26,40095.17,C144562019,32815.23,4653.32,0,0
513,PAYMENT,350.81,C839079174,6765.18,6414.37,M359409288,0.0,0.0,0,0
310,PAYMENT,189.95,C657676503,999.88,809.93,M807797073,0.0,0.0,0,0
114,CASH_OUT,36628.59,C576468739,46587.42,9958.83,C118361527,24048.22,60676.81,0,0
23,CASH_IN,32615.13,C387107421,24856.58,57471.71,C914332752,80987.15,48372.02,0,0
239,CASH_OUT,4795.75,C208281784,57796.24,53000.49,C595258750,25355.04,30150.79,0,0
534,CASH_IN,45440.96,C334597171,13037.92,58478.88,C887700078,88527.97,43087.01,0,0
222,CASH_OUT,7578.18,C390973588,9141.93,1563.75,C921124905,1836.97,9415.15,0,0
483,PAYMENT,1116.87,C267890884,8871.79,7754.92,M967912271,0.0,0.0,0,0
32,CASH_OUT,117442.38,C924814086,121857.91,4415.53,C340862465,1045.84,118488.22,0,0
539,PAYMENT,22619.48,C549195514,65521.94,42902.46,M165920737,0.0,0.0,0,0
164,CASH_IN,26583.55,C666299987,110592.67,137176.22,C133001783,47718.22,21134.67,0,0
175,PAYMENT,1487.38,C480163417,3433.15,1945.77,M974870839,0.0,0.0,0,0
733,PAYMENT,1190.34,C388575550,14044.53,12854.19,M799355640,0.0,0.0,0,0
505,PAYMENT,2651.0,C176769621,3314.08,663.08,M499844281,0.0,0.0,0,0
649,PAYMENT,2260.93,C512090556,13163.62,10902.69,M936728509,0.0,0.0,0,0
89,PAYMENT,3202.68,C855670622,5884.15,2681.47,M913611228,0.0,0.0,0,0
86,PAYMENT,706.29,C587246988,3505.3,2799.01,M831666476,0.0,0.0,0,0
388,CASH_OUT,4604.51,C136278285,18049.66,13445.15,C676016902,398.91,5003.42,0,0
388,PAYMENT,7005.88,C473348093,10492.21,3486.33,M786392961,0.0,0.0,0,0
175,CASH_OUT,144614.79,C494926890,145084.31,469.52,C142689892,63259.65,207874.44,0,0
332,CASH_IN,63367.06,C787936264,69576.86,132943.92,C313085083,234476.59,171109.53,0,0
350,CASH_IN,47375.13,C484869815,31107.32,78482.45,C235816742,65806.36,18431.23,0,0
419,DEBIT,6071.78,C872239779,6218.76,146.98,C298231916,2064.26,8136.04,0,0
438,PAYMENT,6208.9,C545170046,8738.9,2530.0,M686208146,0.0,0.0,0,0
382,PAYMENT,283.26,C239454302,23324.6,23041.34,M419826859,0.0,0.0,0,0
640,CASH_OUT,2091.24,C586585427,19683.5,17592.26,C600586227,65400.01,67491.25,0,0
438,PAYMENT,2582.14,C597189626,5732.98,3150.84,M720724245,0.0,0.0,0,0
394,CASH_OUT,19143.49,C900911695,22523.99,3380.5,C686868798,3067.84,22211.33,0,0
579,PAYMENT,3127.61,C720884154,5957.81,2830.2,M447513891,0.0,0.0,0,0
412,CASH_OUT,36438.17,C363244821,66194.21,29756.04,C547496545,33786.21,70224.38,0,0
241,CASH_OUT,17209.75,C214744093,20139.96,2930.21,C677012826,10521.09,27730.84,0,0
224,CASH_OUT,85887.55,C191615805,86733.61,846.06,C600638291,18846.07,104733.62,0,0
211,PAYMENT,7662.74,C385605661,8881.4,1218.66,M439773251,0.0,0.0,0,0
262,PAYMENT,1895.36,C165498557,17841.42,15946.06,M402072019,0.0,0.0,0,0
183,PAYMENT,8721.57,C911013269,13107.32,4385.75,M163579684,0.0,0.0,0,0
589,TRANSFER,103793.34,C278099502,127874.16,24080.82,C148386378,46889.85,150683.19,0,0
542,CASH_OUT,12816.35,C275490550,86031.95,73215.6,C473399491,19794.15,32610.5,0,0
241,TRANSFER,8733.36,C228938150,44679.03,35945.67,C960452591,58040.59,66773.95,0,0
480,CASH_OUT,11559.67,C156181412,18671.11,7111.44,C666569202,94227.38,105787.05,0,0
733,CASH_OUT,67262.56,C294253840,99272.33,32009.77,C730292291,9068.03,76330.59,0,0
687,PAYMENT,4593.05,C640657960,5728.92,1135.87,M370357170,0.0,0.0,0,0
423,CASH_OUT,54556.39,C250459787,69371.99,14815.6,C597246067,68817.3,123373.69,0,0
10,TRANSFER,45397.6,C737409799,82404.72,37007.12,C196023585,1201.56,46599.16,0,0
743,PAYMENT,2769.55,C722549995,5542.65,2773.1,M212892245,0.0,0.0,0,0
107,CASH_OUT,730105.17,C343603073,730105.17,0.0,C180170878,48275.38,778380.55,1,1
506,TRANSFER,28635.58,C532943881,66719.43,38083.85,C829657703,48400.88,77036.46,0,0
161,PAYMENT,2402.12,C109195168,19469.46,17067.34,M445233485,0.0,0.0,0,0
207,PAYMENT,4822.16,C665308077,17496.31,12674.15,M127365047,0.0,0.0,0,0
496,CASH_OUT,13434.74,C641391819,21779.09,8344.35,C237716073,8700.55,22135.29,0,0
128,PAYMENT,12333.24,C890872880,13811.77,1478.53,M163206149,0.0,0.0,0,0
34,CASH_OUT,33153.08,C932865858,68786.1,35633.02,C671525328,90545.49,123698.57,0,0
239,PAYMENT,6802.79,C136456756,13658.01,6855.22,M565221465,0.0,0.0,0,0
169,TRANSFER,2359.35,C244337629,12020.32,9660.97,C990363519,76878.66,79238.01,0,0
614,TRANSFER,168052.59,C113752390,266574.95,98522.36,C656340748,9514.71,177567.3,0,0
378,PAYMENT,7154.27,C610504820,17799.4,10645.13,M683069009,0.0,0.0,0,0
194,CASH_OUT,80884.02,C823418357,96358.16,15474.14,C914399801,14276.13,95160.15,0,0
612,PAYMENT,564.61,C591197561,11588.06,11023.45,M893788035,0.0,0.0,0,0
184,PAYMENT,3651.53,C377962140,10817.48,7165.95,M906408736,0.0,0.0,0,0
632,PAYMENT,4316.64,C200433174,31422.46,27105.82,M576609994,0.0,0.0,0,0
574,PAYMENT,3564.74,C732229741,29061.85,25497.11,M677972643,0.0,0.0,0,0
510,CASH_OUT,4543.17,C558326439,11161.98,6618.81,C922247573,55857.77,60400.94,0,0
175,PAYMENT,2043.03,C518629455,4359.41,2316.38,M515745604,0.0,0.0,0,0
296,CASH_OUT,28939.75,C116368226,50317.73,21377.98,C361945780,25368.42,54308.17,0,0
327,CASH_IN,6596.7,C924484900,82085.4,88682.1,C506331773,43646.31,37049.61,0,0
600,CASH_OUT,50580.32,C438090608,109028.57,58448.25,C682993833,9277.32,59857.64,0,0
568,CASH_OUT,104695.03,C136216595,125267.66,20572.63,C355744191,23906.82,128601.85,0,0
496,PAYMENT,2653.11,C893592502,6017.91,3364.8,M686830815,0.0,0.0,0,0
652,PAYMENT,7188.16,C912486952,10778.39,3590.23,M943844370,0.0,0.0,0,0
238,PAYMENT,2955.63,C555007612,34912.54,31956.91,M888131598,0.0,0.0,0,0
407,PAYMENT,2915.4,C191474000,9783.04,6867.64,M279072916,0.0,0.0,0,0
2,PAYMENT,7610.56,C810256855,25320.65,17710.09,M164533256,0.0,0.0,0,0
707,PAYMENT,4548.35,C829378203,4954.81,406.46,M718346780,0.0,0.0,0,0
141,CASH_IN,458.83,C872866964,86416.95,86875.78,C476070714,20069.36,19610.53,0,0
416,CASH_OUT,25185.46,C146945369,40095.39,14909.93,C878926021,5146.72,30332.18,0,0
154,CASH_IN,5286.02,C585391709,53525.29,58811.31,C783845845,32604.05,27318.03,0,0
54,PAYMENT,604.4,C563661251,16695.91,16091.51,M754415576,0.0,0.0,0,0
347,CASH_OUT,106470.92,C289134417,142833.39,36362.47,C443992249,27218.79,133689.71,0,0
304,TRANSFER,33382.13,C195041932,74671.61,41289.48,C763642903,17643.36,51025.49,0,0
364,PAYMENT,5716.93,C421928790,9866.71,4149.78,M922075644,0.0,0.0,0,0
344,CASH_OUT,115880.15,C710921994,121901.49,6021.34,C627884143,26725.0,142605.15,0,0
471,CASH_IN,6949.42,C759493275,7708.21,14657.63,C528143104,55866.58,48917.16,0,0
542,TRANSFER,45097.04,C205929736,125964.04,80867.0,C991030490,8112.08,53209.12,0,0
309,CASH_OUT,71592.37,C593658656,74948.78,3356.41,C583135545,3229.27,74821.64,0,0
393,CASH_IN,37388.27,C692916090,53493.48,90881.75,C256993200,89182.66,51794.39,0,0
271,PAYMENT,8601.45,C792496095,9970.53,1369.08,M340871050,0.0,0.0,0,0
613,TRANSFER,1966.42,C217172687,22766.26,20799.84,C906698299,14353.88,16320.3,0,0
165,CASH_OUT,85123.53,C258407896,88205.04,3081.51,C960271979,6617.59,91741.12,0,0
164,PAYMENT,6176.83,C542164969,28209.22,22032.39,M237729400,0.0,0.0,0,0
220,PAYMENT,2432.66,C169096314,12194.63,9761.97,M559537985,0.0,0.0,0,0
228,CASH_IN,32206.18,C864762218,23469.59,55675.77,C787786142,42440.17,10233.99,0,0
365,PAYMENT,6903.32,C572639007,10396.78,3493.46,M395577000,0.0,0.0,0,0
668,TRANSFER,12571.81,C376277822,31189.75,18617.94,C194679282,22027.96,34599.77,0,0
273,CASH_OUT,3989.2,C658696124,22550.11,18560.91,C245979143,8383.98,12373.18,0,0
537,CASH_OUT,32128.06,C138155631,64135.94,32007.88,C257331710,5442.14,37570.2,0,0
253,PAYMENT,141.21,C779411058,7914.49,7773.28,M590711763,0.0,0.0,0,0
191,CASH_IN,52757.36,C898866280,34095.85,86853.21,C836592280,154788.53,102031.17,0,0
94,PAYMENT,5543.12,C807328327,8911.29,3368.17,M255881244,0.0,0.0,0,0
280,CASH_OUT,75353.71,C991867522,88205.18,12851.47,C641065440,50500.99,125854.7,0,0
505,PAYMENT,276.56,C581506250,14427.36,14150.8,M641785885,0.0,0.0,0,0
326,CASH_OUT,12095.31,C237321509,31727.03,19631.72,C519562592,28773.87,40869.18,0,0
623,PAYMENT,9413.18,C487767021,13480.19,4067.01,M519356876,0.0,0.0,0,0
542,CASH_OUT,4465.09,C202541505,35654.56,31189.47,C732092480,4485.67,8950.76,0,0
88,PAYMENT,3602.82,C502853213,23422.96,19820.14,M454238079,0.0,0.0,0,0
566,CASH_IN,6724.13,C729107169,99213.77,105937.9,C104634391,19960.93,13236.8,0,0
368,CASH_OUT,4989.39,C241601087,5231.85,242.46,C710341062,67401.35,72390.74,0,0
74,PAYMENT,3206.02,C413286507,14269.03,11063.01,M502635425,0.0,0.0,0,0
547,CASH_IN,76681.79,C429139909,34451.64,111133.43,C592995050,102922.57,26240.78,0,0
290,PAYMENT,634.77,C556416099,12332.56,11697.79,M168261602,0.0,0.0,0,0
440,CASH_OUT,6008.17,C109672486,21965.36,15957.19,C770465877,6553.44,12561.61,0,0
703,CASH_IN,30419.92,C399340693,46890.06,77309.98,C193582268,60421.03,30001.11,0,0
187,CASH_OUT,5145.67,C794773461,10526.82,5381.15,C754236308,2120.92,7266.59,0,0
341,PAYMENT,204.53,C402149558,10306.05,10101.52,M272995762,0.0,0.0,0,0
406,PAYMENT,8355.15,C843259911,11347.52,2992.37,M300328586,0.0,0.0,0,0
543,DEBIT,1500.93,C556540906,14528.29,13027.36,C766718449,32617.06,34117.99,0,0
483,PAYMENT,5883.97,C688866583,8868.62,2984.65,M663166439,0.0,0.0,0,0
234,CASH_IN,61884.17,C335617223,46497.31,108381.48,C521874727,78673.35,16789.18,0,0
450,CASH_OUT,38018.06,C455330425,41903.21,3885.15,C200382596,40313.78,78331.84,0,0
658,PAYMENT,4507.27,C918707581,17983.81,13476.54,M480336924,0.0,0.0,0,0
28,CASH_IN,15692.26,C211498498,43548.68,59240.94,C528886092,77117.13,61424.87,0,0
78,PAYMENT,1468.19,C916603917,12968.11,11499.92,M161844121,0.0,0.0,0,0
91,TRANSFER,39503.03,C777490807,64943.92,25440.89,C385908939,5017.24,44520.27,0,0
199,TRANSFER,42199.69,C584464983,59071.93,16872.24,C306356653,14191.08,56390.77,0,0
497,PAYMENT,11148.8,C586384576,13511.39,2362.59,M429864987,0.0,0.0,0,0
429,PAYMENT,116.03,C758017629,6552.9,6436.87,M667398519,0.0,0.0,0,0
536,CASH_IN,13440.08,C487583510,15242.36,28682.44,C654252630,25804.11,12364.03,0,0
254,CASH_IN,24047.5,C933564219,18669.97,42717.47,C820472676,84184.12,60136.62,0,0
21,CASH_OUT,3171.79,C419796363,19162.0,15990.21,C179022344,14002.48,17174.27,0,0
164,CASH_OUT,23373.12,C481668966,50721.3,27348.18,C913816432,22307.48,45680.6,0,0
52,PAYMENT,11712.08,C370156018,12012.96,300.88,M354302982,0.0,0.0,0,0
179,CASH_OUT,4535.91,C585231044,33211.57,28675.66,C695913802,29042.64,33578.55,0,0
684,TRANSFER,134250.98,C909895898,136762.48,2511.5,C246932205,14735.1,148986.08,0,0
386,CASH_OUT,99955.92,C573524728,103047.46,3091.54,C165482427,7078.94,107034.86,0,0
267,CASH_IN,13409.14,C878805110,46445.84,59854.98,C672841297,108668.69,95259.55,0,0
190,PAYMENT,4798.19,C580893539,31133.55,26335.36,M628010650,0.0,0.0,0,0
287,CASH_OUT,15037.63,C118263925,28439.46,13401.83,C389761465,42301.39,57339.02,0,0
507,TRANSFER,3479.38,C766285000,39331.91,35852.53,C772826305,22055.67,25535.05,0,0
358,PAYMENT,7530.48,C667828597,33380.61,25850.13,M313944798,0.0,0.0,0,0
217,CASH_IN,108141.24,C681592637,45302.71,153443.95,C104457514,224884.55,116743.31,0,0
215,PAYMENT,3328.45,C964420607,12678.82,9350.37,M849697948,0.0,0.0,0,0
729,CASH_IN,97650.92,C179569126,17696.73,115347.65,C488286915,146256.14,48605.22,0,0
68,CASH_IN,18216.1,C775843286,37327.97,55544.07,C335612793,73878.62,55662.52,0,0
155,CASH_OUT,6816.08,C328250141,9874.16,3058.08,C206163810,12962.96,19779.04,0,0
447,PAYMENT,6333.71,C573185357,6539.12,205.41,M999441614,0.0,0.0,0,0
407,PAYMENT,1208.87,C530096987,4605.89,3397.02,M149329580,0.0,0.0,0,0
103,PAYMENT,2650.45,C249809787,3777.21,1126.76,M740419572,0.0,0.0,0,0
617,CASH_OUT,2437.76,C706959996,33666.64,31228.88,C181636175,10170.98,12608.74,0,0
586,PAYMENT,716.45,C382598716,28552.55,27836.1,M868725165,0.0,0.0,0,0
16,PAYMENT,11231.84,C549920032,11807.58,575.74,M380406760,0.0,0.0,0,0
661,PAYMENT,29817.54,C202591343,41776.96,11959.42,M113745601,0.0,0.0,0,0
294,CASH_IN,49111.58,C159938552,47867.11,96978.69,C406067216,178807.39,129695.81,0,0
545,PAYMENT,13364.44,C914868892,26033.55,12669.11,M418532114,0.0,0.0,0,0
139,CASH_OUT,85695.33,C376299156,97912.37,12217.04,C697990297,14312.1,100007.43,0,0
361,PAYMENT,3712.83,C141960441,6136.97,2424.14,M659823940,0.0,0.0,0,0
177,PAYMENT,5550.09,C962411105,8681.91,3131.82,M181998337,0.0,0.0,0,0
223,CASH_OUT,1231.25,C525637059,5171.83,3940.58,C284607319,32098.57,33329.82,0,0
240,PAYMENT,5040.1,C615515574,27379.75,22339.65,M764821943,0.0,0.0,0,0
677,TRANSFER,10510.74,C853782401,76259.27,65748.53,C659737348,19697.91,30208.65,0,0
477,CASH_IN,41728.44,C326982270,93977.86,135706.3,C140286763,71465.01,29736.57,0,0
605,PAYMENT,6327.63,C745775824,21824.01,15496.38,M807797682,0.0,0.0,0,0
519,CASH_OUT,10847.55,C762520156,13015.48,2167.93,C357715905,11113.94,21961.49,0,0
550,CASH_OUT,29025.43,C358182714,32087.69,3062.26,C358265577,112929.17,141954.6,0,0
643,PAYMENT,414.5,C221936321,13222.28,12807.78,M540967562,0.0,0.0,0,0
687,CASH_OUT,117751.26,C897482570,136462.67,18711.41,C420510748,24149.21,141900.47,0,0
110,PAYMENT,125.88,C975114644,3612.8,3486.92,M905165461,0.0,0.0,0,0
410,CASH_IN,72031.68,C736114524,446.78,72478.46,C189155524,104465.2,32433.52,0,0
329,DEBIT,250.48,C646688015,12986.0,12735.52,C788002221,37777.82,38028.3,0,0
188,PAYMENT,10507.57,C575816388,11789.18,1281.61,M708636905,0.0,0.0,0,0
489,TRANSFER,17413.39,C108793122,17751.81,338.42,C792739365,34500.31,51913.7,0,0
181,CASH_OUT,63874.98,C745802548,85536.49,21661.51,C572020727,12017.15,75892.13,0,0
476,TRANSFER,71294.26,C583400334,92315.43,21021.17,C993928268,2962.84,74257.1,0,0
77,CASH_OUT,30048.65,C443029274,70229.97,40181.32,C988183639,3741.07,33789.72,0,0
525,CASH_OUT,60276.89,C845989148,60886.06,609.17,C428331016,61714.78,121991.67,0,0
63,PAYMENT,2353.33,C994703134,17375.38,15022.05,M842430438,0.0,0.0,0,0
687,CASH_OUT,156491.08,C703565232,161970.2,5479.12,C959727415,117674.75,274165.83,0,0
160,PAYMENT,13.75,C729217795,4344.3,4330.55,M525909908,0.0,0.0,0,0
637,PAYMENT,844.29,C706939188,10411.15,9566.86,M517749945,0.0,0.0,0,0
615,CASH_OUT,34664.77,C973425902,43709.97,9045.2,C354512639,12382.11,47046.88,0,0
119,PAYMENT,15639.83,C964195155,30501.5,14861.67,M280357087,0.0,0.0,0,0
514,CASH_IN,78384.95,C172556414,113088.8,191473.75,C900939443,266108.13,187723.18,0,0
12,CASH_IN,15906.82,C974881384,32220.51,48127.33,C823110659,89342.3,73435.48,0,0
201,PAYMENT,3917.99,C353474546,14433.91,10515.92,M775442244,0.0,0.0,0,0
462,PAYMENT,3977.22,C773203437,32550.45,28573.23,M487037205,0.0,0.0,0,0
127,CASH_OUT,17811.47,C936945199,39165.58,21354.11,C712651802,49032.93,66844.4,0,0
245,TRANSFER,5976.23,C688210762,17232.33,11256.1,C769139305,53741.5,59717.73,0,0
730,CASH_OUT,23478.62,C792100286,39127.95,15649.33,C840926922,76218.02,99696.64,0,0
75,CASH_OUT,52945.51,C212824782,64308.74,11363.23,C426813846,89568.0,142513.51,0,0
492,TRANSFER,32222.36,C650321651,40492.02,8269.66,C950929852,8778.98,41001.34,0,0
461,CASH_OUT,148108.9,C632286109,149991.13,1882.23,C201973541,114912.78,263021.68,0,0
282,TRANSFER,44319.63,C708755970,97880.35,53560.72,C651355235,25587.09,69906.72,0,0
176,PAYMENT,2098.18,C430121130,3872.21,1774.03,M792110172,0.0,0.0,0,0
494,CASH_OUT,412067.04,C510539104,412067.04,0.0,C188433988,41002.75,453069.79,1,0
667,CASH_IN,153173.07,C198047161,56087.62,209260.69,C989515868,314187.11,161014.04,0,0
148,CASH_OUT,40219.94,C803111124,46466.85,6246.91,C470734162,5689.56,45909.5,0,0
323,PAYMENT,3678.84,C524514441,4985.74,1306.9,M113046554,0.0,0.0,0,0
558,PAYMENT,1226.12,C168049651,9745.38,8519.26,M872875813,0.0,0.0,0,0
672,TRANSFER,1853.73,C406496558,4969.68,3115.95,C864767905,22081.4,23935.13,0,0
460,CASH_OUT,91103.71,C456746960,92110.13,1006.42,C974283030,79626.61,170730.32,0,0
47,PAYMENT,2190.21,C321470791,7151.4,4961.19,M385375032,0.0,0.0,0,0
708,TRANSFER,112825.77,C303851089,208369.75,95543.98,C756466252,50222.39,163048.16,0,0
500,TRANSFER,706515.11,C734964952,706515.11,0.0,C725846550,0.0,0.0,1,0
392,CASH_OUT,95976.24,C500792589,132377.87,36401.63,C929718572,464.98,96441.22,0,0
506,PAYMENT,9049.51,C778986209,48724.97,39675.46,M517909095,0.0,0.0,0,0
704,PAYMENT,2060.14,C646055256,13210.13,11149.99,M711826207,0.0,0.0,0,0
39,PAYMENT,13391.52,C673342665,15806.32,2414.8,M523393105,0.0,0.0,0,0
266,PAYMENT,2781.2,C381201098,3798.19,1016.99,M865557944,0.0,0.0,0,0
333,PAYMENT,3576.47,C110799020,29325.19,25748.72,M734575305,0.0,0.0,0,0
222,PAYMENT,8053.21,C468340481,38929.61,30876.4,M355476509,0.0,0.0,0,0
743,PAYMENT,3610.93,C901878940,3954.42,343.49,M875272190,0.0,0.0,0,0
325,TRANSFER,15685.95,C136944543,30165.93,14479.98,C214708187,42942.94,58628.89,0,0
538,PAYMENT,3420.75,C567440262,14008.24,10587.49,M907522060,0.0,0.0,0,0
141,TRANSFER,2871.21,C537072443,19020.96,16149.75,C245630160,49075.69,51946.9,0,0
705,CASH_OUT,2951.48,C775914423,36231.24,33279.76,C784200457,25133.63,28085.11,0,0
451,CASH_IN,22310.54,C992436808,22040.2,44350.74,C991036441,393902.34,371591.8,0,0
485,TRANSFER,945539.2,C371625576,945539.2,0.0,C203118842,0.0,0.0,1,0
458,PAYMENT,771.16,C994492177,14999.18,14228.02,M858575977,0.0,0.0,0,0
269,PAYMENT,6853.93,C153728507,44871.15,38017.22,M449545459,0.0,0.0,0,0
58,CASH_OUT,42546.85,C458561218,49664.79,7117.94,C789590516,61254.21,103801.06,0,0
369,DEBIT,18236.55,C577629359,47809.4,29572.85,C412100233,50897.23,69133.78,0,0
655,PAYMENT,6310.24,C816199155,29415.88,23105.64,M610385875,0.0,0.0,0,0
410,CASH_OUT,12358.65,C191581806,13376.75,1018.1,C139059206,27073.17,39431.82,0,0
33,TRANSFER,2088.51,C264528270,12107.34,10018.83,C321981939,29756.48,31844.99,0,0
441,PAYMENT,1216.91,C938023311,1987.44,770.53,M222577785,0.0,0.0,0,0
345,DEBIT,2042.54,C537365770,2255.66,213.12,C407605839,54552.88,56595.42,0,0
642,TRANSFER,55620.66,C385044979,80318.67,24698.01,C646154933,3701.24,59321.9,0,0
571,CASH_OUT,1554.09,C957514523,25018.47,23464.38,C750509358,24438.94,25993.03,0,0
132,CASH_OUT,22058.52,C552616454,26097.67,4039.15,C111258249,9456.27,31514.79,0,0
498,PAYMENT,2716.87,C625925794,5029.32,2312.45,M662447862,0.0,0.0,0,0
321,TRANSFER,950029.72,C803216499,950029.72,0.0,C844059415,0.0,0.0,1,0
614,PAYMENT,7893.33,C937634516,20062.87,12169.54,M436408668,0.0,0.0,0,0
529,PAYMENT,1248.44,C441481860,8714.84,7466.4,M240157438,0.0,0.0,0,0
189,CASH_IN,57950.91,C750445105,123359.04,181309.95,C537802361,89965.57,32014.66,0,0
172,PAYMENT,3265.79,C254837949,7728.75,4462.96,M827669411,0.0,0.0,0,0
339,PAYMENT,3081.4,C906649007,37311.3,34229.9,M427572775,0.0,0.0,0,0
230,TRANSFER,1324385.29,C706279263,1324385.29,0.0,C767866841,0.0,1324385.29,1,0
601,DEBIT,1569.87,C390637157,4179.53,2609.66,C410444393,10644.29,12214.16,0,0
65,CASH_OUT,21793.02,C879055460,29834.05,8041.03,C125047975,17598.57,39391.59,0,0
673,CASH_IN,179141.62,C412572767,3814.06,182955.68,C999378041,209846.64,30705.02,0,0
215,CASH_OUT,17092.61,C900092040,24788.75,7696.14,C189226935,156.27,17248.88,0,0
487,PAYMENT,17488.17,C654970480,30611.43,13123.26,M425671210,0.0,0.0,0,0
348,CASH_IN,67240.65,C859964936,16185.75,83426.4,C260486140,70583.99,3343.34,0,0
65,PAYMENT,4543.33,C552014628,42782.02,38238.69,M929056111,0.0,0.0,0,0
442,CASH_OUT,13581.03,C221926132,17222.51,3641.48,C997853150,21835.56,35416.59,0,0
568,CASH_IN,40848.43,C772738664,103128.55,143976.98,C858198199,72455.19,31606.76,0,0
709,PAYMENT,690.33,C330950074,9021.24,8330.91,M410918409,0.0,0.0,0,0
363,CASH_OUT,7591.85,C986377840,30279.02,22687.17,C634524861,3039.02,10630.87,0,0
549,PAYMENT,6122.7,C232350721,9228.71,3106.01,M491011691,0.0,0.0,0,0
643,TRANSFER,38688.03,C862873614,57989.27,19301.24,C750948675,3050.1,41738.13,0,0
520,PAYMENT,672.25,C726382774,7025.12,6352.87,M416005204,0.0,0.0,0,0
734,CASH_OUT,64082.01,C392218019,72806.45,8724.44,C231583971,172269.04,236351.05,0,0
278,CASH_OUT,52202.74,C404666599,58762.05,6559.31,C869596423,100652.12,152854.86,0,0
218,PAYMENT,3312.33,C588136594,6000.89,2688.56,M698624756,0.0,0.0,0,0
672,PAYMENT,6069.21,C423516593,25311.75,19242.54,M406880154,0.0,0.0,0,0
48,CASH_OUT,72468.44,C407389566,92030.61,19562.17,C646496879,1955.04,74423.48,0,0
624,PAYMENT,15911.74,C397295530,17168.69,1256.95,M858642940,0.0,0.0,0,0
575,PAYMENT,7586.54,C952467116,11592.98,4006.44,M926743880,0.0,0.0,0,0
229,CASH_OUT,58417.79,C798802806,60059.6,1641.81,C126435853,31657.36,90075.15,0,0
727,PAYMENT,48.92,C805447432,1151.66,1102.74,M395933033,0.0,0.0,0,0
378,PAYMENT,10907.11,C995685179,68691.36,57784.25,M912304290,0.0,0.0,0,0
18,CASH_OUT,40392.69,C278368978,118426.11,78033.42,C276851287,63654.08,104046.77,0,0
661,PAYMENT,691.26,C717179203,6809.55,6118.29,M682566396,0.0,0.0,0,0
82,DEBIT,284.32,C106588120,6038.5,5754.18,C430068883,2338.93,2623.25,0,0
640,PAYMENT,15718.58,C702106861,15795.64,77.06,M452221721,0.0,0.0,0,0
482,CASH_IN,75291.54,C143369724,13339.34,88630.88,C709742473,106049.77,30758.23,0,0
559,CASH_OUT,22859.54,C679090315,35568.76,12709.22,C730407225,32866.82,55726.36,0,0
137,PAYMENT,5495.98,C928167048,24830.38,19334.4,M527007105,0.0,0.0,0,0
732,CASH_OUT,157724.5,C210936084,174615.41,16890.91,C522785328,83015.36,240739.86,0,0
672,CASH_OUT,5190.28,C156121096,18194.25,13003.97,C431274562,3101.56,8291.84,0,0
735,CASH_OUT,36214.96,C600705472,53637.01,17422.05,C210537960,47412.33,83627.29,0,0
8,CASH_OUT,34918.63,C864106853,49688.24,14769.61,C474255775,3168.09,38086.72,0,0
315,DEBIT,8159.75,C323762037,10674.82,2515.07,C325708391,2092.27,10252.02,0,0
210,CASH_OUT,8956.56,C827721544,25321.06,16364.5,C410444245,32433.78,41390.34,0,0
465,PAYMENT,1060.39,C812071887,1556.74,496.35,M409052573,0.0,0.0,0,0
56,CASH_OUT,46320.62,C724542822,95960.16,49639.54,C798220224,2052.67,48373.29,0,0
256,CASH_OUT,28214.89,C419857629,38104.55,9889.66,C896807843,43790.66,72005.55,0,0
52,PAYMENT,3571.88,C347768951,4164.75,592.87,M584983083,0.0,0.0,0,0
138,PAYMENT,1310.5,C475752457,11413.78,10103.28,M757340345,0.0,0.0,0,0
673,CASH_IN,60879.14,C791113054,739.4,61618.54,C708002456,125694.59,64815.45,0,0
698,TRANSFER,1962.63,C487551006,29985.85,28023.22,C592978104,24917.2,26879.83,0,0
412,PAYMENT,1933.17,C490351203,2709.32,776.15,M941332382,0.0,0.0,0,0
96,TRANSFER,81819.4,C592385159,117556.34,35736.94,C598273722,8421.56,90240.96,0,0
435,TRANSFER,66605.72,C938195134,76423.56,9817.84,C787528224,41437.86,108043.58,0,0
82,PAYMENT,1606.34,C940593571,5075.51,3469.17,M826422433,0.0,0.0,0,0
321,PAYMENT,436.92,C440614712,1376.94,940.02,M575034243,0.0,0.0,0,0
319,CASH_IN,14912.19,C668540445,51169.07,66081.26,C926996960,81954.49,67042.3,0,0
303,CASH_OUT,90881.75,C775049949,213663.67,122781.92,C718388695,27974.94,118856.69,0,0
390,TRANSFER,6174.63,C626277995,104230.08,98055.45,C341812037,69713.99,75888.62,0,0
181,CASH_IN,51348.34,C146926898,35257.78,86606.12,C213775372,81553.4,30205.06,0,0
599,TRANSFER,55549.69,C458141146,76943.45,21393.76,C742142682,3322.0,58871.69,0,0
713,CASH_OUT,22937.35,C265972999,26115.11,3177.76,C288766783,53974.66,76912.01,0,0
126,PAYMENT,17596.19,C352656389,43792.5,26196.31,M919933933,0.0,0.0,0,0
625,PAYMENT,981.71,C844579890,5418.41,4436.7,M765633315,0.0,0.0,0,0
149,CASH_OUT,35614.28,C125217193,66939.17,31324.89,C519121933,2965.48,38579.76,0,0
403,CASH_OUT,34980.27,C880888782,52295.63,17315.36,C694521004,34796.68,69776.95,0,0
333,CASH_OUT,97439.46,C122514384,127145.09,29705.63,C858639468,44490.39,141929.85,0,0
30,PAYMENT,12551.6,C488658202,14398.5,1846.9,M413611215,0.0,0.0,0,0
343,CASH_IN,9708.93,C252022372,59549.56,69258.49,C762488545,67098.83,57389.9,0,0
393,DEBIT,2872.89,C912197436,4974.1,2101.21,C253152802,12172.08,15044.97,0,0
287,CASH_OUT,104960.45,C480189842,120448.39,15487.94,C280616961,101648.12,206608.57,0,0
543,TRANSFER,86302.49,C392037950,114087.29,27784.8,C501999515,35493.46,121795.95,0,0
34,CASH_OUT,46095.29,C561089568,91792.0,45696.71,C467065503,71620.3,117715.59,0,0
371,PAYMENT,2405.38,C441575522,8396.92,5991.54,M794335590,0.0,0.0,0,0
528,TRANSFER,329032.68,C284703571,329032.68,0.0,C226465707,0.0,329032.68,1,0
273,PAYMENT,12830.01,C950504749,30462.31,17632.3,M245082958,0.0,0.0,0,0
468,PAYMENT,9292.81,C937688223,26345.01,17052.2,M147934390,0.0,0.0,0,0
494,CASH_IN,16531.96,C927872978,31933.47,48465.43,C640547563,119855.25,103323.29,0,0
447,CASH_IN,10611.44,C891801337,21767.94,32379.38,C963925384,29457.46,18846.02,0,0
116,CASH_OUT,4106.95,C208756034,24270.04,20163.09,C695741333,17889.12,21996.07,0,0
302,PAYMENT,7819.99,C223816759,13922.49,6102.5,M729513590,0.0,0.0,0,0
515,CASH_OUT,537.67,C415545743,16225.0,15687.33,C252439775,19008.58,19546.25,0,0
112,TRANSFER,129079.73,C185249169,129079.73,0.0,C557814948,0.0,0.0,1,0
46,PAYMENT,171.11,C182820969,9124.28,8953.17,M791096003,0.0,0.0,0,0
309,PAYMENT,1965.71,C829151888,9082.06,7116.35,M588707391,0.0,0.0,0,0
460,CASH_IN,11422.46,C875477166,45873.68,57296.14,C874075533,29292.77,17870.31,0,0
9,PAYMENT,2175.95,C898745266,45046.57,42870.62,M802783570,0.0,0.0,0,0
111,PAYMENT,1461.15,C955715370,6491.25,5030.1,M965195245,0.0,0.0,0,0
678,PAYMENT,3952.26,C886240132,8334.47,4382.21,M861675765,0.0,0.0,0,0
288,CASH_OUT,54.66,C355232212,37447.24,37392.58,C680942896,10122.61,10177.27,0,0
341,PAYMENT,33651.49,C534609360,37741.45,4089.96,M546275530,0.0,0.0,0,0
540,DEBIT,663.31,C607216161,13949.82,13286.51,C157985204,8036.57,8699.88,0,0
219,CASH_OUT,3728.94,C428969803,11386.7,7657.76,C886559771,21449.35,25178.29,0,0
404,TRANSFER,53875.61,C504844074,55631.34,1755.73,C577155806,9670.35,63545.96,0,0
665,PAYMENT,823.85,C349137291,895.69,71.84,M545028446,0.0,0.0,0,0
24,DEBIT,1350.35,C797244706,1434.35,84.0,C511252685,5311.98,6662.33,0,0
697,TRANSFER,9043.76,C326660860,32507.72,23463.96,C806579808,17406.29,26450.05,0,0
731,CASH_OUT,95193.47,C301265428,154225.53,59032.06,C843233756,4917.68,100111.15,0,0
279,TRANSFER,21152.25,C718550664,53916.19,32763.94,C762075045,9793.29,30945.54,0,0
714,DEBIT,1923.99,C815686493,3390.75,1466.76,C550394570,9848.6,11772.59,0,0
320,PAYMENT,10028.74,C530366605,27870.58,17841.84,M382201424,0.0,0.0,0,0
129,CASH_IN,234260.62,C164481987,81564.23,315824.85,C876603483,312774.58,78513.96,0,0
705,PAYMENT,5157.63,C992125071,6245.04,1087.41,M382470429,0.0,0.0,0,0
494,CASH_IN,1115.85,C725343731,12702.51,13818.36,C686446274,175465.23,174349.38,0,0
611,CASH_OUT,70937.45,C430714601,93628.79,22691.34,C171096183,16002.16,86939.61,0,0
177,PAYMENT,4379.48,C145107710,22842.17,18462.69,M841289578,0.0,0.0,0,0
383,CASH_IN,52874.42,C924016038,10754.58,63629.0,C943224439,292759.35,239884.93,0,0
323,CASH_OUT,12673.03,C153718483,23171.96,10498.93,C775069821,12838.92,25511.95,0,0
687,PAYMENT,5225.02,C533114749,16884.28,11659.26,M458476970,0.0,0.0,0,0
194,PAYMENT,3129.37,C126322360,3379.02,249.65,M607474232,0.0,0.0,0,0
51,CASH_OUT,52126.31,C295415646,119940.48,67814.17,C219151944,74129.86,126256.17,0,0
457,PAYMENT,3850.25,C882574640,28805.71,24955.46,M153394507,0.0,0.0,0,0
478,PAYMENT,3030.87,C644451123,13911.33,10880.46,M627494765,0.0,0.0,0,0
375,PAYMENT,12734.99,C366282037,20426.14,7691.15,M809308305,0.0,0.0,0,0
660,CASH_IN,996.21,C851809423,52910.6,53906.81,C659570893,212489.3,211493.09,0,0
418,CASH_OUT,58675.99,C918995011,60837.47,2161.48,C832371851,11218.17,69894.16,0,0
563,CASH_OUT,6155.71,C972338567,7925.65,1769.94,C577130417,73512.23,79667.94,0,0
330,PAYMENT,5022.8,C679683767,8282.31,3259.51,M350793358,0.0,0.0,0,0
62,CASH_IN,42908.65,C345585222,10705.69,53614.34,C504330187,64524.16,21615.51,0,0
499,DEBIT,6513.34,C342922504,7037.5,524.16,C116341143,1045.86,7559.2,0,0
309,CASH_IN,730.48,C546804232,33174.41,33904.89,C453255915,14606.01,13875.53,0,0
328,PAYMENT,8904.85,C222307068,12657.36,3752.51,M334615034,0.0,0.0,0,0
448,TRANSFER,1703.63,C609073991,29539.39,27835.76,C136613476,35038.15,36741.78,0,0
10,TRANSFER,41575.31,C599518186,129996.71,88421.4,C814532676,1264.37,42839.68,0,0
696,CASH_IN,164192.0,C987122724,11286.75,175478.75,C432765759,173847.04,9655.04,0,0
559,CASH_OUT,54909.61,C341998093,99211.53,44301.92,C610058415,11850.38,66759.99,0,0
150,CASH_OUT,99243.09,C633214556,109153.46,9910.37,C440125957,2346.82,101589.91,0,0
394,CASH_IN,60168.44,C836706220,27073.5,87241.94,C524956176,84854.46,24686.02,0,0
391,CASH_OUT,88894.7,C909548914,99407.19,10512.49,C553443931,47207.84,136102.54,0,0
26,PAYMENT,7860.2,C450032745,9285.66,1425.46,M186547992,0.0,0.0,0,0
604,PAYMENT,22764.36,C796999641,33327.1,10562.74,M281010721,0.0,0.0,0,0
478,CASH_IN,71738.02,C788712310,64704.56,136442.58,C891290570,165457.72,93719.7,0,0
647,TRANSFER,65748.82,C516662987,124369.6,58620.78,C111598512,6323.77,72072.59,0,0
673,PAYMENT,13185.28,C503121301,15902.53,2717.25,M597649221,0.0,0.0,0,0
370,CASH_IN,33112.47,C168875827,6605.8,39718.27,C861980531,38118.06,5005.59,0,0
33,PAYMENT,1009.04,C106535202,1469.41,460.37,M910620152,0.0,0.0,0,0
452,PAYMENT,3041.42,C176813189,6824.55,3783.13,M731674122,0.0,0.0,0,0
309,CASH_OUT,9069.87,C446501718,18575.98,9506.11,C254727366,2869.24,11939.11,0,0
256,TRANSFER,29995.12,C384920341,63113.48,33118.36,C923552945,5131.87,35126.99,0,0
457,PAYMENT,6174.13,C442308559,12317.8,6143.67,M654109313,0.0,0.0,0,0
672,CASH_IN,41379.85,C502868310,9060.53,50440.38,C852540678,90469.22,49089.37,0,0
77,CASH_IN,47584.24,C973289707,65582.76,113167.0,C845261429,71550.27,23966.03,0,0
634,CASH_OUT,30804.24,C872532467,48848.25,18044.01,C756882557,36231.75,67035.99,0,0
537,PAYMENT,11432.41,C171019393,31970.48,20538.07,M160926221,0.0,0.0,0,0
101,PAYMENT,2868.98,C257325631,15298.72,12429.74,M463742305,0.0,0.0,0,0
438,PAYMENT,149.23,C123339232,24696.21,24546.98,M859728330,0.0,0.0,0,0
439,TRANSFER,99084.6,C361491906,143044.24,43959.64,C854707077,40002.83,139087.43,0,0
347,TRANSFER,51200.22,C122943780,65446.16,14245.94,C849516475,2417.51,53617.73,0,0
172,TRANSFER,46915.82,C673973992,54797.11,7881.29,C917016638,104775.0,151690.82,0,0
596,CASH_OUT,12125.19,C594285776,26781.58,14656.39,C255178996,44139.69,56264.88,0,0
155,CASH_OUT,59676.2,C269946634,65960.85,6284.65,C236660429,7450.33,67126.53,0,0
82,PAYMENT,3207.41,C519850925,6084.2,2876.79,M978597397,0.0,0.0,0,0
243,CASH_OUT,54848.96,C789629784,65632.11,10783.15,C483326969,1713.99,56562.95,0,0
731,TRANSFER,52885.18,C923605194,91824.93,38939.75,C139175504,82576.01,135461.19,0,0
250,TRANSFER,11410.71,C593293995,22355.65,10944.94,C576807536,41207.52,52618.23,0,0
476,CASH_IN,5052.9,C899495695,26964.74,32017.64,C419890335,114578.67,109525.77,0,0
143,CASH_IN,213466.86,C620665415,3930.3,217397.16,C352682867,378819.18,165352.32,0,0
542,PAYMENT,7127.0,C241262886,21526.51,14399.51,M743791086,0.0,0.0,0,0
455,PAYMENT,3358.74,C606884924,17591.42,14232.68,M116966144,0.0,0.0,0,0
309,CASH_IN,15838.86,C408685101,29348.33,45187.19,C997848627,104633.24,88794.38,0,0
308,DEBIT,1148.65,C537304636,8714.77,7566.12,C217628432,2138.35,3287.0,0,0
131,CASH_IN,8170.84,C285826416,35819.44,43990.28,C835120158,14044.82,5873.98,0,0
727,PAYMENT,275.78,C272696696,11317.74,11041.96,M447760230,0.0,0.0,0,0
512,CASH_OUT,27297.96,C706779479,96710.01,69412.05,C322070224,47446.31,74744.27,0,0
434,PAYMENT,1307.12,C932943912,5418.74,4111.62,M659230240,0.0,0.0,0,0
286,DEBIT,2812.0,C472499571,8091.93,5279.93,C969051540,43814.79,46626.79,0,0
287,CASH_OUT,155470.46,C482696553,169454.4,13983.94,C791896875,272687.52,428157.98,0,0
432,PAYMENT,12682.84,C326299398,27266.15,14583.31,M891425709,0.0,0.0,0,0
399,PAYMENT,19189.6,C828952109,32438.16,13248.56,M792460519,0.0,0.0,0,0
289,CASH_OUT,566998.49,C291604894,566998.49,0.0,C879800887,1247.79,568246.28,1,0
93,CASH_IN,19632.41,C348219920,945.19,20577.6,C688734143,191462.04,171829.63,0,0
632,CASH_IN,21549.72,C513723925,17833.14,39382.86,C260201417,24534.76,2985.04,0,0
309,CASH_OUT,1279110.27,C373436026,1279110.27,0.0,C857239050,38581.26,1317691.53,1,0
700,DEBIT,383.43,C172171683,512.94,129.51,C977157130,1697.71,2081.14,0,0
732,PAYMENT,8419.61,C164198373,21226.55,12806.94,M357209083,0.0,0.0,0,0
463,CASH_OUT,149860.04,C582951826,210487.75,60627.71,C807754268,138637.69,288497.73,0,0
18,PAYMENT,11536.8,C169060117,15428.12,3891.32,M488736656,0.0,0.0,0,0
303,CASH_OUT,924549.4,C529200513,924549.4,0.0,C166673107,42629.15,967178.55,1,0
37,CASH_IN,27201.02,C509465817,87915.8,115116.82,C764697211,55350.96,28149.94,0,0
10,TRANSFER,148209.09,C632873892,226878.64,78669.55,C294956972,28305.9,176514.99,0,0
80,CASH_OUT,70329.04,C613665620,76537.08,6208.04,C485189723,65408.52,135737.56,0,0
322,PAYMENT,7301.27,C677490457,15866.82,8565.55,M668428669,0.0,0.0,0,0
85,DEBIT,818.2,C295686514,10953.27,10135.07,C958763051,16561.09,17379.29,0,0
562,CASH_IN,12569.27,C591901358,21801.62,34370.89,C190896210,172721.1,160151.83,0,0
161,CASH_OUT,22056.46,C323209719,33212.27,11155.81,C534301891,22656.83,44713.29,0,0
480,CASH_OUT,7046.81,C805631200,11005.62,3958.81,C704282252,9060.38,16107.19,0,0
445,CASH_IN,128912.22,C318881083,40168.88,169081.1,C412046983,241250.87,112338.65,0,0
50,CASH_OUT,9139.37,C814932884,16115.81,6976.44,C115538282,25267.76,34407.13,0,0
28,CASH_OUT,88314.2,C645721502,103493.08,15178.88,C679054736,2836.12,91150.32,0,0
221,PAYMENT,20723.81,C722643496,41827.61,21103.8,M666523082,0.0,0.0,0,0
517,CASH_IN,2698.9,C407872541,5568.56,8267.46,C555178121,8369.0,5670.1,0,0
513,CASH_OUT,17252.39,C985481987,22875.66,5623.27,C531339011,15677.76,32930.15,0,0
344,PAYMENT,7704.69,C934317007,26698.19,18993.5,M538574217,0.0,0.0,0,0
114,PAYMENT,729.46,C367363472,2031.92,1302.46,M725142312,0.0,0.0,0,0
514,PAYMENT,5286.4,C167071393,10836.88,5550.48,M802026059,0.0,0.0,0,0
672,TRANSFER,1496.66,C871211078,15105.92,13609.26,C481372005,16589.57,18086.23,0,0
4,CASH_IN,86519.17,C713074552,60122.78,146641.95,C357324879,124134.92,37615.75,0,0
356,PAYMENT,4654.9,C337925519,10768.34,6113.44,M554938902,0.0,0.0,0,0
560,PAYMENT,8674.43,C716151966,9761.89,1087.46,M363450019,0.0,0.0,0,0
36,CASH_OUT,25220.9,C476421142,33462.69,8241.79,C881703753,8540.73,33761.63,0,0
94,TRANSFER,100476.59,C857910537,126245.89,25769.3,C351037395,36763.99,137240.58,0,0
88,PAYMENT,2680.44,C491093131,5712.8,3032.36,M183280445,0.0,0.0,0,0
577,CASH_OUT,339739.63,C737125128,339739.63,0.0,C650179209,34555.29,374294.92,1,0
99,PAYMENT,1914.57,C254084381,4364.61,2450.04,M522548770,0.0,0.0,0,0
428,CASH_OUT,36190.52,C801782845,42683.82,6493.3,C359460124,32878.95,69069.47,0,0
485,CASH_IN,16652.39,C867756010,25913.64,42566.03,C338104259,111877.94,95225.55,0,0
571,CASH_OUT,45022.59,C130818254,47172.08,2149.49,C682978703,2682.62,47705.21,0,0
80,CASH_OUT,36753.95,C713593297,37325.72,571.77,C670540799,20382.6,57136.55,0,0
57,CASH_IN,119589.31,C185646048,17056.54,136645.85,C928203525,421140.79,301551.48,0,0
23,PAYMENT,5716.47,C492680701,17052.43,11335.96,M791608969,0.0,0.0,0,0
213,CASH_OUT,1765.6,C134954428,17787.58,16021.98,C371407746,139635.99,141401.59,0,0
649,PAYMENT,5896.72,C230108991,21590.62,15693.9,M422459892,0.0,0.0,0,0
25,PAYMENT,8511.75,C819278171,14867.48,6355.73,M545131080,0.0,0.0,0,0
244,CASH_OUT,10684.54,C415715641,26723.0,16038.46,C751332548,117565.25,128249.79,0,0
431,PAYMENT,5289.72,C884060642,20124.14,14834.42,M188941550,0.0,0.0,0,0
679,CASH_OUT,108585.04,C232976728,108591.18,6.14,C826078512,46571.14,155156.18,0,0
103,CASH_OUT,57173.76,C146034642,69494.49,12320.73,C785207534,3419.05,60592.81,0,0
237,CASH_IN,16886.35,C902946444,37715.61,54601.96,C738749754,211326.79,194440.44,0,0
355,CASH_OUT,36251.91,C306744885,82363.89,46111.98,C192464540,4746.78,40998.69,0,0
515,CASH_OUT,52159.77,C811059278,57816.88,5657.11,C568623632,20091.62,72251.39,0,0
652,CASH_OUT,41629.08,C325665227,41669.33,40.25,C971569812,6555.99,48185.07,0,0
259,PAYMENT,8655.67,C918101714,27862.53,19206.86,M596125167,0.0,0.0,0,0
488,PAYMENT,19783.21,C823833645,69173.07,49389.86,M682875607,0.0,0.0,0,0
494,PAYMENT,4717.72,C854544161,16875.01,12157.29,M596751864,0.0,0.0,0,0
273,CASH_IN,42868.04,C108902328,304687.3,347555.34,C527570974,79816.27,36948.23,0,0
515,CASH_OUT,2845.82,C694626255,22630.65,19784.83,C919798945,21558.66,24404.48,0,0
149,PAYMENT,4486.24,C101806542,10429.48,5943.24,M296016820,0.0,0.0,0,0
56,PAYMENT,4369.54,C757828551,8257.28,3887.74,M166623082,0.0,0.0,0,0
409,DEBIT,5942.89,C779897109,13804.63,7861.74,C819928722,7630.02,13572.91,0,0
564,CASH_IN,74575.76,C974269824,15092.09,89667.85,C602110621,132074.28,57498.52,0,0
643,CASH_OUT,39517.91,C797580430,52468.2,12950.29,C999781633,54131.06,93648.97,0,0
584,PAYMENT,1030.96,C382577566,27845.92,26814.96,M768050311,0.0,0.0,0,0
373,CASH_IN,31546.76,C449934890,18162.41,49709.17,C840004915,99489.98,67943.22,0,0
558,PAYMENT,3834.65,C802512734,36116.43,32281.78,M614915617,0.0,0.0,0,0
82,PAYMENT,4115.52,C180179218,21304.98,17189.46,M575379066,0.0,0.0,0,0
391,PAYMENT,1493.75,C377915372,5478.46,3984.71,M211374923,0.0,0.0,0,0
379,CASH_OUT,13524.78,C413098726,42204.37,28679.59,C978651034,28111.5,41636.28,0,0
223,CASH_IN,136480.87,C533388337,38079.93,174560.8,C786506988,440801.47,304320.6,0,0
463,PAYMENT,3051.12,C290405536,7070.9,4019.78,M722736064,0.0,0.0,0,0
351,PAYMENT,9889.74,C912472096,27976.82,18087.08,M761637441,0.0,0.0,0,0
330,CASH_OUT,1485269.79,C880767507,1485269.79,0.0,C287319717,6424.54,1491694.33,1,0
6,CASH_OUT,135280.1,C547939693,138135.89,2855.79,C328233358,283779.87,419059.97,0,0
661,PAYMENT,2385.87,C373248870,7536.21,5150.34,M281638360,0.0,0.0,0,0
469,CASH_OUT,84124.49,C622913088,181844.2,97719.71,C381699182,1203.53,85328.02,0,0
329,CASH_OUT,4757.07,C753253841,5290.77,533.7,C622141359,9837.44,14594.51,0,0
442,CASH_OUT,3752.08,C596312230,32340.97,28588.89,C413505325,26587.54,30339.62,0,0
490,TRANSFER,10159.3,C125621906,33768.97,23609.67,C378252158,4545.09,14704.39,0,0
31,CASH_IN,4127.25,C188741958,17159.97,21287.22,C216580748,68803.7,64676.45,0,0
463,CASH_OUT,2276.9,C407994363,7175.93,4899.03,C902610066,141718.45,143995.35,0,0
258,PAYMENT,2268.38,C495719232,15208.23,12939.85,M916852081,0.0,0.0,0,0
187,PAYMENT,1613.59,C957148057,18867.82,17254.23,M983761555,0.0,0.0,0,0
27,PAYMENT,603.84,C268648423,31298.09,30694.25,M788999022,0.0,0.0,0,0
85,PAYMENT,929.51,C710069920,9535.03,8605.52,M789355704,0.0,0.0,0,0
255,CASH_IN,12168.56,C522920935,101397.18,113565.74,C721824362,13975.3,1806.74,0,0
599,CASH_IN,35299.63,C307365390,2435.87,37735.5,C466144691,112450.66,77151.03,0,0
567,PAYMENT,8784.86,C823291822,23125.52,14340.66,M913410746,0.0,0.0,0,0
584,CASH_OUT,202511.49,C247455582,242583.24,40071.75,C134793263,34665.7,237177.19,0,0
489,CASH_IN,199226.46,C287626677,14658.47,213884.93,C860670733,231921.51,32695.05,0,0
743,PAYMENT,159.27,C796527991,199.8,40.53,M476041914,0.0,0.0,0,0
526,PAYMENT,1401.97,C327743937,17271.98,15870.01,M156132764,0.0,0.0,0,0
295,CASH_OUT,74415.73,C570325445,91812.67,17396.94,C105902414,78970.92,153386.65,0,0
592,CASH_IN,117106.72,C734780199,45002.15,162108.87,C335565861,233510.91,116404.19,0,0
477,PAYMENT,463.56,C306804618,4150.08,3686.52,M655514695,0.0,0.0,0,0
37,CASH_OUT,34733.82,C260424038,73274.82,38541.0,C366563282,35466.78,70200.6,0,0
282,CASH_OUT,41703.45,C525201286,43302.95,1599.5,C574109343,4494.07,46197.52,0,0
576,PAYMENT,10273.47,C297472645,15509.32,5235.85,M846711102,0.0,0.0,0,0
109,TRANSFER,74734.06,C339232420,74734.06,0.0,C198523481,0.0,0.0,1,0
365,PAYMENT,8608.82,C808394813,18447.28,9838.46,M811970360,0.0,0.0,0,0
609,PAYMENT,7213.87,C502483438,28613.55,21399.68,M155986699,0.0,0.0,0,0
210,PAYMENT,10.1,C603807033,8003.01,7992.91,M867309739,0.0,0.0,0,0
700,CASH_OUT,29335.18,C486948199,41173.06,11837.88,C688740236,18022.89,47358.07,0,0
686,CASH_OUT,18313.91,C142432594,28277.23,9963.32,C559692700,11031.71,29345.62,0,0
619,DEBIT,787.07,C664705438,9804.33,9017.26,C199343016,3295.39,4082.46,0,0
67,CASH_OUT,106339.3,C202331012,112391.9,6052.6,C429329944,3997.09,110336.39,0,0
683,PAYMENT,137.4,C823873900,31336.09,31198.69,M911375243,0.0,0.0,0,0
187,CASH_IN,32522.34,C723480532,124372.69,156895.03,C635350070,95805.64,63283.3,0,0
506,CASH_OUT,52215.87,C650697341,60575.75,8359.88,C111818783,13432.29,65648.16,0,0
664,PAYMENT,5400.3,C615848992,7993.66,2593.36,M439029947,0.0,0.0,0,0
490,CASH_IN,18909.28,C545430764,74085.69,92994.97,C620167703,71049.57,52140.29,0,0
258,PAYMENT,4310.31,C473678298,42527.47,38217.16,M797659903,0.0,0.0,0,0
91,TRANSFER,1194.23,C895387588,70009.56,68815.33,C187654980,12379.52,13573.75,0,0
614,CASH_OUT,9447.89,C507369947,21496.32,12048.43,C101071099,15378.75,24826.64,0,0
566,PAYMENT,578.07,C909241745,30515.93,29937.86,M883760130,0.0,0.0,0,0
671,CASH_OUT,21716.7,C706731780,25340.2,3623.5,C923707986,86225.41,107942.11,0,0
220,CASH_OUT,75908.52,C345029837,100355.09,24446.57,C109435662,29991.61,105900.13,0,0
355,TRANSFER,77492.51,C840308729,83154.11,5661.6,C309213849,5053.03,82545.54,0,0
384,CASH_IN,29222.55,C632919367,19910.18,49132.73,C480840152,95728.61,66506.06,0,0
687,PAYMENT,2274.9,C678137468,7420.74,5145.84,M376864169,0.0,0.0,0,0
338,CASH_OUT,2065.48,C341384300,6624.39,4558.91,C740709081,8900.81,10966.29,0,0
610,DEBIT,2717.23,C667429004,3295.95,578.72,C956826363,4433.35,7150.58,0,0
167,PAYMENT,8930.36,C832225044,21148.17,12217.81,M681997732,0.0,0.0,0,0
534,PAYMENT,4835.94,C519153936,13617.44,8781.5,M976698835,0.0,0.0,0,0
194,PAYMENT,1763.37,C853841144,6084.1,4320.73,M731201812,0.0,0.0,0,0
376,PAYMENT,1634.33,C347653179,8094.91,6460.58,M742209824,0.0,0.0,0,0
46,CASH_OUT,1346685.76,C225235530,1346685.76,0.0,C425900413,6263.25,1352949.01,1,0
361,PAYMENT,5074.76,C662325310,16428.67,11353.91,M530600095,0.0,0.0,0,0
626,PAYMENT,15396.34,C806992878,25280.7,9884.36,M196557907,0.0,0.0,0,0
690,CASH_IN,17157.9,C519945160,137847.93,155005.83,C839143679,18728.75,1570.85,0,0
131,CASH_IN,37215.59,C110369918,26803.1,64018.69,C688219411,69277.53,32061.94,0,0
126,PAYMENT,10304.95,C320214996,19709.72,9404.77,M487681742,0.0,0.0,0,0
667,CASH_OUT,19285.54,C233337143,21271.17,1985.63,C389616783,4440.81,23726.35,0,0
650,CASH_IN,3691.07,C406687603,53912.57,57603.64,C292817195,21685.1,17994.03,0,0
632,CASH_OUT,107017.87,C975095085,110219.16,3201.29,C872556427,28399.29,135417.16,0,0
446,PAYMENT,9802.33,C651282355,12297.53,2495.2,M719207361,0.0,0.0,0,0
162,PAYMENT,6621.16,C787049941,11542.11,4920.95,M586143885,0.0,0.0,0,0
646,PAYMENT,1393.47,C525508897,5363.31,3969.84,M214780864,0.0,0.0,0,0
236,CASH_OUT,606387.66,C655890284,606387.66,0.0,C296002794,20754.6,627142.26,1,0
678,DEBIT,2031.51,C228472979,2082.28,50.77,C184584753,9881.66,11913.17,0,0
520,PAYMENT,22654.07,C898752625,27704.81,5050.74,M601450170,0.0,0.0,0,0
9,TRANSFER,19692.06,C919536059,25219.57,5527.51,C253885316,17494.34,37186.4,0,0
243,CASH_OUT,545.3,C600924123,2021.72,1476.42,C350229612,23645.29,24190.59,0,0
309,PAYMENT,5556.33,C475027217,30175.94,24619.61,M251101315,0.0,0.0,0,0
624,CASH_IN,69504.62,C218668903,11123.61,80628.23,C313890575,73266.27,3761.65,0,0
264,TRANSFER,10482.92,C284434955,41528.69,31045.77,C743334578,4185.72,14668.64,0,0
25,PAYMENT,4035.39,C877511887,15960.41,11925.02,M724504227,0.0,0.0,0,0
70,PAYMENT,1893.68,C210936217,13974.77,12081.09,M756549301,0.0,0.0,0,0
13,CASH_OUT,13098.47,C186441353,26837.61,13739.14,C923609146,12015.78,25114.25,0,0
180,PAYMENT,671.7,C741976387,16101.52,15429.82,M442629490,0.0,0.0,0,0
515,CASH_OUT,59402.13,C635088065,69504.4,10102.27,C454370337,33125.78,92527.91,0,0
738,PAYMENT,1491.3,C396268556,9016.5,7525.2,M184488470,0.0,0.0,0,0
203,PAYMENT,903.49,C434450734,21396.13,20492.64,M812176078,0.0,0.0,0,0
654,CASH_OUT,65062.19,C336530903,81085.23,16023.04,C356486340,25954.61,91016.8,0,0
662,CASH_IN,11480.43,C587899988,17883.14,29363.57,C939314650,68527.04,57046.61,0,0
226,CASH_IN,12467.51,C552522532,102365.57,114833.08,C979382901,145061.23,132593.72,0,0
352,CASH_OUT,97738.13,C511655648,111241.36,13503.23,C457271929,4488.64,102226.77,0,0
179,PAYMENT,1067.68,C767572394,11182.91,10115.23,M125270245,0.0,0.0,0,0
543,TRANSFER,35351.52,C886510948,62367.8,27016.28,C165526299,12740.44,48091.96,0,0
283,CASH_IN,49914.86,C680509234,22277.57,72192.43,C886041718,165482.58,115567.72,0,0
52,CASH_IN,47654.05,C139246317,93349.66,141003.71,C593418697,62785.72,15131.67,0,0
35,CASH_IN,29665.43,C815110142,18937.14,48602.57,C429547207,69386.1,39720.67,0,0
714,PAYMENT,3384.8,C647827071,8553.15,5168.35,M527799979,0.0,0.0,0,0
243,DEBIT,1442.14,C778665684,9584.86,8142.72,C707132848,2634.49,4076.63,0,0
343,DEBIT,486.35,C464299281,10078.49,9592.14,C565965675,2350.57,2836.92,0,0
69,DEBIT,670.59,C507748690,4070.36,3399.77,C889766913,8281.79,8952.38,0,0
725,DEBIT,1263.27,C438245540,4257.38,2994.11,C906856898,29333.24,30596.51,0,0
412,TRANSFER,1053057.25,C462863527,1053057.25,0.0,C346786149,0.0,0.0,1,0
256,PAYMENT,1671.22,C523687443,16098.42,14427.2,M463445905,0.0,0.0,0,0
401,CASH_IN,11370.65,C829972906,28187.72,39558.37,C946227190,35528.22,24157.57,0,0
48,PAYMENT,1224.9,C948223477,7651.43,6426.53,M137574686,0.0,0.0,0,0
218,PAYMENT,6918.06,C839943019,10973.75,4055.69,M474530278,0.0,0.0,0,0
716,CASH_OUT,171407.03,C903949129,187489.2,16082.17,C471838312,114570.03,285977.06,0,0
721,CASH_OUT,16869.03,C190632469,22579.96,5710.93,C807942352,56907.45,73776.48,0,0
531,PAYMENT,435.78,C366482355,3981.04,3545.26,M688351649,0.0,0.0,0,0
350,CASH_OUT,9280.4,C520799768,29151.89,19871.49,C848192035,23554.77,32835.17,0,0
341,PAYMENT,913.56,C391785155,28308.34,27394.78,M249466480,0.0,0.0,0,0
4,CASH_OUT,518439.59,C896039276,518439.59,0.0,C238524176,33396.4,551835.99,1,0
286,PAYMENT,15069.39,C320864216,18062.87,2993.48,M124593738,0.0,0.0,0,0
320,TRANSFER,59974.06,C460006104,99620.38,39646.32,C268925582,67304.29,127278.35,0,0
679,CASH_OUT,2202.53,C245207820,3325.17,1122.64,C433944902,4366.18,6568.71,0,0
340,TRANSFER,11827.0,C788849761,14934.04,3107.04,C505638711,16713.83,28540.83,0,0
146,CASH_OUT,529320.13,C126743582,529320.13,0.0,C792234638,23445.87,552766.0,1,0
605,CASH_IN,13851.71,C609728874,53434.1,67285.81,C696411584,118629.5,104777.79,0,0
297,PAYMENT,6712.83,C554147749,14275.64,7562.81,M344631370,0.0,0.0,0,0
211,CASH_OUT,59394.5,C980935648,59660.22,265.72,C860717457,378.59,59773.09,0,0
242,PAYMENT,2142.63,C952503454,7855.82,5713.19,M570670974,0.0,0.0,0,0
63,PAYMENT,6558.96,C450666994,8331.55,1772.59,M417196590,0.0,0.0,0,0
98,PAYMENT,1237.43,C985241243,14175.15,12937.72,M726446205,0.0,0.0,0,0
674,CASH_OUT,5685.67,C486430668,28638.86,22953.19,C644556945,5868.25,11553.92,0,0
48,CASH_OUT,319.08,C772900653,3613.16,3294.08,C260827622,822.67,1141.75,0,0
380,CASH_IN,36696.06,C361099265,13572.68,50268.74,C663392346,89351.8,52655.74,0,0
177,TRANSFER,102766.63,C558332529,151811.04,49044.41,C462811938,7844.29,110610.92,0,0
392,CASH_OUT,111472.55,C343373444,123033.88,11561.33,C464057148,13813.7,125286.25,0,0
700,TRANSFER,10572.99,C791373482,39819.37,29246.38,C441106904,65467.09,76040.08,0,0
265,TRANSFER,17258.23,C593453580,23728.1,6469.87,C393456759,27103.08,44361.31,0,0
630,TRANSFER,104396.44,C852792641,116006.21,11609.77,C781309570,62552.76,166949.2,0,0
323,CASH_OUT,9057.23,C761234948,33978.24,24921.01,C559196003,52652.43,61709.66,0,0
287,CASH_OUT,19024.98,C949446171,19638.41,613.43,C303488643,37948.24,56973.22,0,0
250,CASH_OUT,41389.34,C620660346,93535.78,52146.44,C955430061,17148.79,58538.13,0,0
161,PAYMENT,278.62,C538946181,5331.13,5052.51,M551169015,0.0,0.0,0,0
472,CASH_OUT,263902.93,C533662779,285183.69,21280.76,C471875928,51634.62,315537.55,0,0
368,PAYMENT,8876.38,C546445429,9589.58,713.2,M462882219,0.0,0.0,0,0
728,CASH_OUT,75160.7,C434421280,88657.93,13497.23,C534879949,71030.01,146190.71,0,0
78,CASH_IN,33847.46,C696170158,40278.52,74125.98,C128733538,54727.07,20879.61,0,0
607,CASH_IN,15164.3,C731781279,87181.73,102346.03,C672016630,20128.62,4964.32,0,0
709,CASH_OUT,96709.63,C653247965,114415.9,17706.27,C517319125,87962.31,184671.94,0,0
615,CASH_IN,84932.48,C686969816,196953.97,281886.45,C366682725,114866.29,29933.81,0,0
155,PAYMENT,1582.63,C345805659,4910.73,3328.1,M759459732,0.0,0.0,0,0
515,CASH_OUT,287514.77,C725270413,313900.35,26385.58,C309681281,122464.32,409979.09,0,0
407,TRANSFER,71034.13,C841779394,79666.79,8632.66,C805644374,38791.44,109825.57,0,0
10,CASH_IN,51514.51,C678974839,55391.18,106905.69,C116653946,147706.7,96192.19,0,0
209,CASH_OUT,32260.21,C159004491,34723.38,2463.17,C295745497,92790.01,125050.22,0,0
15,PAYMENT,2491.36,C156158360,17725.92,15234.56,M759034643,0.0,0.0,0,0
714,PAYMENT,1991.54,C340772417,11893.48,9901.94,M707035927,0.0,0.0,0,0
65,PAYMENT,797.15,C267278924,4691.04,3893.89,M264956531,0.0,0.0,0,0
636,CASH_IN,1819.08,C806319899,73573.88,75392.96,C417675460,12959.96,11140.88,0,0
160,PAYMENT,3620.35,C780138559,4559.92,939.57,M640293959,0.0,0.0,0,0
270,DEBIT,2310.2,C882917166,13794.62,11484.42,C397677969,26762.99,29073.19,0,0
171,CASH_OUT,16987.77,C697163039,26261.81,9274.04,C517633905,15932.55,32920.32,0,0
429,CASH_IN,14084.54,C848472180,126042.14,140126.68,C556856533,14576.82,492.28,0,0
607,PAYMENT,12761.45,C810517208,14177.65,1416.2,M431007590,0.0,0.0,0,0
418,CASH_OUT,73644.71,C724927273,156539.92,82895.21,C676040253,139163.24,212807.95,0,0
208,TRANSFER,1918.33,C686174341,11548.89,9630.56,C544361608,5958.7,7877.03,0,0
90,PAYMENT,4147.65,C716453541,15279.69,11132.04,M966000362,0.0,0.0,0,0
660,CASH_OUT,46651.84,C621414886,67465.26,20813.42,C455243546,20767.27,67419.11,0,0
172,CASH_IN,11878.33,C905966860,8067.66,19945.99,C538479079,91950.94,80072.61,0,0
612,CASH_OUT,26170.46,C338617613,31590.97,5420.51,C575860229,33915.26,60085.72,0,0
722,TRANSFER,6920.59,C979965934,64421.32,57500.73,C959455795,36375.08,43295.67,0,0
733,CASH_OUT,22348.58,C551973729,28197.98,5849.4,C853664141,11838.78,34187.36,0,0
332,PAYMENT,15170.05,C947086953,15358.7,188.65,M789467288,0.0,0.0,0,0
171,PAYMENT,10957.17,C143028088,15955.49,4998.32,M325646076,0.0,0.0,0,0
193,CASH_OUT,41252.04,C561758011,62888.53,21636.49,C506297276,85319.52,126571.56,0,0
700,PAYMENT,6155.12,C962056834,23301.26,17146.14,M739026298,0.0,0.0,0,0
541,CASH_IN,121085.1,C368280508,95501.72,216586.82,C742853035,161111.42,40026.32,0,0
29,PAYMENT,3292.25,C416379237,12372.08,9079.83,M567234938,0.0,0.0,0,0
116,CASH_IN,3541.23,C278439839,178870.5,182411.73,C960387572,35296.98,31755.75,0,0
629,CASH_OUT,99206.6,C470909616,99954.49,747.89,C707978471,201368.68,300575.28,0,0
655,CASH_OUT,30390.23,C346682293,62129.57,31739.34,C194850751,19640.04,50030.27,0,0
649,CASH_OUT,174269.38,C325192097,255111.29,80841.91,C880522273,22024.62,196294.0,0,0
350,PAYMENT,6896.65,C552772963,13249.48,6352.83,M516166344,0.0,0.0,0,0
42,CASH_OUT,11207.84,C471289542,23534.23,12326.39,C100865012,12331.17,23539.01,0,0
44,CASH_IN,5368.32,C899250726,35012.12,40380.44,C188196491,24385.3,19016.98,0,0
78,TRANSFER,1473590.15,C378247054,1473590.15,0.0,C532145778,0.0,0.0,1,1
631,CASH_OUT,3957.35,C807313088,31626.4,27669.05,C172855973,27296.73,31254.08,0,0
734,PAYMENT,3586.12,C178804324,7674.05,4087.93,M741202332,0.0,0.0,0,0
454,PAYMENT,532.88,C324013621,12631.27,12098.39,M202672710,0.0,0.0,0,0
450,PAYMENT,266.22,C827572662,33254.04,32987.82,M223103013,0.0,0.0,0,0
314,TRANSFER,37514.65,C457501496,44643.37,7128.72,C354392599,12332.99,49847.64,0,0
71,CASH_OUT,36166.78,C368031288,53938.32,17771.54,C316297362,62400.8,98567.58,0,0
373,PAYMENT,1367.66,C983525256,2385.03,1017.37,M608507855,0.0,0.0,0,0
575,TRANSFER,20189.2,C995832561,20460.76,271.56,C640571415,53061.22,73250.42,0,0
642,PAYMENT,1917.29,C420381562,1960.85,43.56,M357452996,0.0,0.0,0,0
736,CASH_OUT,161849.62,C161557710,197149.76,35300.14,C852223288,97250.74,259100.36,0,0
306,CASH_IN,65833.67,C607700957,7147.48,72981.15,C916386670,74257.19,8423.52,0,0
440,CASH_OUT,78239.55,C664780802,92633.29,14393.74,C298764101,30736.17,108975.72,0,0
540,PAYMENT,12617.54,C143911816,26863.53,14245.99,M634245292,0.0,0.0,0,0
616,PAYMENT,2382.03,C593110962,6633.01,4250.98,M549129220,0.0,0.0,0,0
524,TRANSFER,52317.15,C353080520,72306.62,19989.47,C975175847,9908.4,62225.55,0,0
37,PAYMENT,3879.94,C573242854,26911.61,23031.67,M643690934,0.0,0.0,0,0
393,CASH_OUT,52176.76,C578253404,63973.91,11797.15,C949583483,24219.64,76396.4,0,0
713,PAYMENT,812.03,C208555353,1586.32,774.29,M727245270,0.0,0.0,0,0
301,PAYMENT,1574.06,C401119292,3252.8,1678.74,M486581163,0.0,0.0,0,0
308,CASH_OUT,68692.88,C133725043,85441.11,16748.23,C947438232,22075.92,90768.8,0,0
731,PAYMENT,2688.5,C713392779,18930.26,16241.76,M120224912,0.0,0.0,0,0
556,PAYMENT,2250.95,C263284653,5258.1,3007.15,M800460935,0.0,0.0,0,0
124,PAYMENT,2470.12,C651706618,4198.19,1728.07,M147247075,0.0,0.0,0,0
166,PAYMENT,3350.38,C348688279,8830.47,5480.09,M442200200,0.0,0.0,0,0
741,CASH_OUT,27067.53,C878130188,51262.72,24195.19,C512126844,56477.91,83545.44,0,0
603,CASH_IN,89264.85,C386358391,37831.96,127096.81,C337206925,128902.06,39637.21,0,0
344,PAYMENT,3821.42,C248265550,11516.44,7695.02,M123770806,0.0,0.0,0,0
428,CASH_IN,81429.67,C439369965,39584.86,121014.53,C631804958,93749.89,12320.22,0,0
459,DEBIT,4971.87,C364971029,6660.81,1688.94,C551904788,30806.18,35778.05,0,0
428,TRANSFER,22700.77,C277168776,24310.57,1609.8,C940270649,3012.64,25713.41,0,0
452,CASH_OUT,3008.82,C456807682,10788.13,7779.31,C384288455,2574.44,5583.26,0,0
678,PAYMENT,7628.86,C491978682,31052.67,23423.81,M554728789,0.0,0.0,0,0
333,DEBIT,520.88,C840485332,11538.78,11017.9,C506863383,11123.01,11643.89,0,0
292,PAYMENT,5733.07,C926165403,6698.71,965.64,M977340607,0.0,0.0,0,0
556,PAYMENT,1511.57,C219849977,12853.98,11342.41,M329477996,0.0,0.0,0,0
562,CASH_OUT,14311.91,C575314174,16943.73,2631.82,C343662348,51250.28,65562.19,0,0
48,PAYMENT,1871.14,C598916337,3469.79,1598.65,M662614270,0.0,0.0,0,0
234,CASH_OUT,27133.85,C659119617,42939.61,15805.76,C966033388,7284.35,34418.2,0,0
117,PAYMENT,8860.55,C727729586,19233.1,10372.55,M707337717,0.0,0.0,0,0
407,CASH_OUT,10595.11,C368542492,19257.59,8662.48,C797164293,29358.03,39953.14,0,0
422,PAYMENT,4065.87,C974004815,6536.47,2470.6,M330434294,0.0,0.0,0,0
45,DEBIT,2936.13,C298688904,5557.71,2621.58,C868682806,1339.91,4276.04,0,0
47,PAYMENT,5869.3,C589888106,9233.12,3363.82,M633339468,0.0,0.0,0,0
623,DEBIT,7396.58,C403482532,8926.52,1529.94,C959716477,33452.91,40849.49,0,0
281,DEBIT,6646.89,C853403819,11137.76,4490.87,C517703673,11446.35,18093.24,0,0
302,CASH_OUT,8931.8,C536087877,24844.32,15912.52,C584558366,77949.61,86881.41,0,0
256,CASH_IN,40541.87,C183911523,114409.8,154951.67,C666363494,60243.29,19701.42,0,0
18,PAYMENT,265.24,C753781175,7690.96,7425.72,M164244116,0.0,0.0,0,0
170,PAYMENT,3378.7,C449508451,6207.26,2828.56,M801051299,0.0,0.0,0,0
64,DEBIT,6588.35,C773520248,8529.95,1941.6,C698353014,15530.14,22118.49,0,0
475,CASH_OUT,62746.4,C497123526,69832.17,7085.77,C914329755,30780.01,93526.41,0,0
717,CASH_OUT,629.84,C414770232,62948.23,62318.39,C539518911,14278.58,14908.42,0,0
17,PAYMENT,9140.04,C308581870,23496.4,14356.36,M278141711,0.0,0.0,0,0
578,PAYMENT,7572.42,C407795717,34092.38,26519.96,M470308365,0.0,0.0,0,0
500,CASH_IN,151945.02,C625987910,28380.1,180325.12,C572783990,196617.73,44672.71,0,0
665,PAYMENT,6889.93,C321507380,16204.5,9314.57,M677058096,0.0,0.0,0,0
734,CASH_OUT,7483.87,C908858481,20972.47,13488.6,C305086683,119332.98,126816.85,0,0
268,PAYMENT,6933.6,C816905040,9589.82,2656.22,M685882269,0.0,0.0,0,0
183,DEBIT,1813.18,C747922130,7580.83,5767.65,C580449349,44582.57,46395.75,0,0
299,PAYMENT,925.85,C801157714,6949.23,6023.38,M726688473,0.0,0.0,0,0
162,CASH_OUT,54742.8,C372624307,91348.16,36605.36,C955112488,17875.12,72617.92,0,0
730,PAYMENT,10450.4,C845236568,11164.64,714.24,M622509283,0.0,0.0,0,0
297,PAYMENT,6391.74,C137763987,12541.27,6149.53,M292309698,0.0,0.0,0,0
500,PAYMENT,3417.09,C282927568,22865.06,19447.97,M401118596,0.0,0.0,0,0
83,PAYMENT,5777.38,C464580043,8735.58,2958.2,M150440155,0.0,0.0,0,0
295,CASH_OUT,78798.25,C629371196,85855.65,7057.4,C970573740,9153.13,87951.38,0,0
143,DEBIT,693.66,C821045239,13435.44,12741.78,C701908067,4761.88,5455.54,0,0
607,PAYMENT,3177.49,C523783771,10121.99,6944.5,M437906441,0.0,0.0,0,0
587,PAYMENT,111.06,C476724289,7197.04,7085.98,M247259857,0.0,0.0,0,0
581,CASH_OUT,98516.72,C790805170,103498.25,4981.53,C480467673,1178.35,99695.07,0,0
558,PAYMENT,1870.12,C294684484,9182.4,7312.28,M167844446,0.0,0.0,0,0
328,CASH_OUT,5876.74,C217112940,5961.04,84.3,C983581453,15837.19,21713.93,0,0
401,CASH_OUT,95890.41,C177041210,126072.55,30182.14,C847548446,39885.48,135775.89,0,0
473,PAYMENT,1851.0,C114575602,28502.67,26651.67,M113013109,0.0,0.0,0,0
713,CASH_OUT,8890.87,C556408024,21766.4,12875.53,C828010329,75197.79,84088.66,0,0
712,CASH_OUT,66481.24,C901877097,83694.09,17212.85,C324163206,7108.19,73589.43,0,0
594,CASH_IN,27276.55,C850853065,107705.04,134981.59,C598489577,32142.24,4865.69,0,0
404,PAYMENT,10969.39,C349103643,40335.67,29366.28,M824253972,0.0,0.0,0,0
482,CASH_OUT,2078.79,C296211935,14980.92,12902.13,C669741045,21831.49,23910.28,0,0
385,CASH_OUT,20424.73,C389961244,101419.35,80994.62,C471209969,2687.24,23111.97,0,0
141,CASH_IN,21176.58,C350348264,126465.47,147642.05,C593054486,148423.75,127247.17,0,0
672,PAYMENT,1525.61,C934076450,25336.44,23810.83,M541706924,0.0,0.0,0,0
366,CASH_OUT,9503.1,C930303115,35689.64,26186.54,C300005518,8158.74,17661.84,0,0
82,DEBIT,3486.96,C232395455,8286.25,4799.29,C699742351,8153.76,11640.72,0,0
212,PAYMENT,1202.31,C975884630,3458.0,2255.69,M982627224,0.0,0.0,0,0
6,PAYMENT,2826.23,C870892361,3833.92,1007.69,M320959799,0.0,0.0,0,0
393,PAYMENT,8191.49,C920771227,27239.07,19047.58,M181401275,0.0,0.0,0,0
479,PAYMENT,4808.49,C568282495,5267.02,458.53,M963295212,0.0,0.0,0,0
455,CASH_OUT,100840.9,C588606063,112304.7,11463.8,C696037878,1808.71,102649.61,0,0
187,PAYMENT,8599.1,C203342565,11404.26,2805.16,M424543824,0.0,0.0,0,0
628,CASH_OUT,86458.4,C466718324,91408.96,4950.56,C644650218,49078.4,135536.8,0,0
510,TRANSFER,31309.35,C315206771,68751.76,37442.41,C863439748,31802.7,63112.05,0,0
219,CASH_OUT,22315.72,C590309023,58081.52,35765.8,C307351549,3427.04,25742.76,0,0
457,CASH_IN,129852.07,C763512635,15664.62,145516.69,C220833254,148247.39,18395.32,0,0
576,PAYMENT,4866.18,C479730611,25591.67,20725.49,M395335551,0.0,0.0,0,0
227,PAYMENT,8081.37,C435886234,12450.83,4369.46,M521441137,0.0,0.0,0,0
47,CASH_OUT,9400.25,C635590947,12329.31,2929.06,C157651007,39813.46,49213.71,0,0
137,DEBIT,475.12,C728226198,10751.03,10275.91,C449620213,17911.58,18386.7,0,0
124,PAYMENT,6714.18,C440449479,6979.35,265.17,M546234698,0.0,0.0,0,0
522,TRANSFER,40646.95,C394889130,58039.62,17392.67,C435651940,37802.86,78449.81,0,0
517,CASH_OUT,122181.17,C473693044,178341.61,56160.44,C936733228,33728.32,155909.49,0,0
335,CASH_OUT,113149.24,C848017397,124676.9,11527.66,C170805953,47022.92,160172.16,0,0
326,CASH_OUT,12161.87,C890189535,28206.81,16044.94,C808864994,36828.46,48990.33,0,0
113,PAYMENT,3195.9,C215366832,14470.64,11274.74,M976789458,0.0,0.0,0,0
312,PAYMENT,6619.87,C980752601,13914.96,7295.09,M774961950,0.0,0.0,0,0
65,PAYMENT,1844.25,C145354610,7582.17,5737.92,M155971981,0.0,0.0,0,0
280,CASH_OUT,37315.42,C228960987,100054.36,62738.94,C821076721,26238.88,63554.3,0,0
646,TRANSFER,99155.68,C826957087,104352.17,5196.49,C517861657,98474.87,197630.55,0,0
13,CASH_OUT,1384339.03,C870562696,1384339.03,0.0,C227107460,29155.77,1413494.8,1,1
104,TRANSFER,5336.51,C943726016,6476.93,1140.42,C579103225,11595.8,16932.31,0,0
509,TRANSFER,16528.68,C429290176,30940.98,14412.3,C654830924,39326.78,55855.46,0,0
120,TRANSFER,11265.56,C788235343,13483.42,2217.86,C206480490,9775.66,21041.22,0,0
73,TRANSFER,268469.48,C862926139,301818.79,33349.31,C437729871,15609.69,284079.17,0,0
472,PAYMENT,7065.15,C723340409,8905.22,1840.07,M530385182,0.0,0.0,0,0
49,CASH_OUT,61341.03,C949094762,102333.6,40992.57,C408688988,55145.38,116486.41,0,0
628,CASH_OUT,3365.46,C896456644,4818.09,1452.63,C692204891,36166.24,39531.7,0,0
357,PAYMENT,3327.84,C232425735,15390.57,12062.73,M429108822,0.0,0.0,0,0
498,CASH_IN,34478.08,C960570136,15392.93,49871.01,C348051727,99445.05,64966.97,0,0
322,PAYMENT,10941.81,C724244492,18041.97,7100.16,M323013402,0.0,0.0,0,0
628,CASH_OUT,8487.98,C968832459,35263.27,26775.29,C780702109,14963.7,23451.68,0,0
84,PAYMENT,2758.44,C434790847,13829.34,11070.9,M996319528,0.0,0.0,0,0
546,CASH_OUT,3584.95,C983842850,3744.59,159.64,C499882098,1327.16,4912.11,0,0
612,CASH_OUT,13885.99,C147658951,36913.27,23027.28,C937672106,13886.38,27772.37,0,0
660,PAYMENT,14306.57,C600274136,15307.9,1001.33,M543764413,0.0,0.0,0,0
322,CASH_OUT,111498.65,C754110130,121222.31,9723.66,C949629757,47094.3,158592.95,0,0
460,CASH_OUT,115646.49,C273394476,126863.12,11216.63,C549476832,92314.12,207960.61,0,0
7,CASH_OUT,21604.67,C941544966,134239.51,112634.84,C219262187,18359.12,39963.79,0,0
223,CASH_IN,54065.95,C472603207,135224.82,189290.77,C692027521,56857.41,2791.46,0,0
18,CASH_OUT,15405.8,C865546780,17985.24,2579.44,C878091821,12260.94,27666.74,0,0
703,PAYMENT,2615.18,C206871758,6070.62,3455.44,M530239966,0.0,0.0,0,0
485,PAYMENT,7902.42,C649458989,9243.05,1340.63,M862962181,0.0,0.0,0,0
180,PAYMENT,541.53,C466031808,10524.12,9982.59,M712322308,0.0,0.0,0,0
2,PAYMENT,8073.66,C662241001,22307.76,14234.1,M714584136,0.0,0.0,0,0
604,CASH_OUT,46647.34,C145546668,51110.91,4463.57,C896524236,60851.23,107498.57,0,0
3,CASH_IN,26829.59,C899540312,29648.01,56477.6,C538076466,44779.17,17949.58,0,0
588,PAYMENT,3116.61,C922675751,4403.37,1286.76,M151060728,0.0,0.0,0,0
672,CASH_OUT,42454.93,C977953235,48752.26,6297.33,C326407756,120210.19,162665.12,0,0
631,CASH_IN,41402.25,C381208505,7413.2,48815.45,C224144175,56566.11,15163.86,0,0
379,PAYMENT,7348.1,C409862855,14650.6,7302.5,M434076935,0.0,0.0,0,0
493,PAYMENT,7762.66,C581377020,10691.4,2928.74,M937995517,0.0,0.0,0,0
244,CASH_OUT,530.39,C430613161,32514.87,31984.48,C396913249,33893.78,34424.17,0,0
407,CASH_OUT,86530.48,C764540131,104532.74,18002.26,C169714438,237245.64,323776.12,0,0
522,PAYMENT,5899.23,C732414516,10371.43,4472.2,M676030215,0.0,0.0,0,0
569,PAYMENT,14302.58,C570554601,22141.4,7838.82,M329737476,0.0,0.0,0,0
448,PAYMENT,6393.5,C713927838,11164.49,4770.99,M289330936,0.0,0.0,0,0
683,PAYMENT,1906.06,C520651087,24565.63,22659.57,M646599715,0.0,0.0,0,0
521,CASH_IN,104557.91,C429041585,26560.97,131118.88,C502203972,185501.71,80943.8,0,0
243,DEBIT,239.19,C802271458,9865.49,9626.3,C266041927,19648.95,19888.14,0,0
237,CASH_OUT,19756.75,C549397199,31770.9,12014.15,C899134837,1012.85,20769.6,0,0
146,CASH_OUT,16401.32,C110605564,75971.8,59570.48,C113151982,17806.32,34207.64,0,0
573,PAYMENT,5384.73,C668804383,31555.98,26171.25,M802828817,0.0,0.0,0,0
340,CASH_OUT,64344.18,C975154426,65024.57,680.39,C224167435,55907.3,120251.48,0,0
236,CASH_OUT,36758.58,C633438113,37468.13,709.55,C917441352,25835.66,62594.24,0,0
141,CASH_OUT,51762.56,C364102352,83677.27,31914.71,C813920607,8451.82,60214.38,0,0
706,CASH_OUT,17554.66,C394301796,73089.7,55535.04,C407879625,34206.6,51761.26,0,0
58,CASH_IN,36487.17,C613820975,4220.34,40707.51,C397946085,183271.91,146784.74,0,0
370,CASH_IN,25931.45,C147350736,8871.22,34802.67,C209761394,28796.89,2865.44,0,0
611,PAYMENT,2626.76,C506044312,4702.84,2076.08,M587644023,0.0,0.0,0,0
256,CASH_IN,47829.27,C695577652,18972.53,66801.8,C578294686,93994.48,46165.21,0,0
156,CASH_OUT,14734.21,C371443330,15682.81,948.6,C106895731,14237.19,28971.4,0,0
397,TRANSFER,744850.75,C957870824,744850.75,0.0,C375102127,0.0,0.0,1,0
351,CASH_OUT,115632.55,C691667439,123998.54,8365.99,C750305586,347.26,115979.81,0,0
229,DEBIT,5554.08,C836572576,7859.8,2305.72,C792875690,32885.98,38440.06,0,0
412,CASH_OUT,30476.0,C146589946,125836.45,95360.45,C340605913,50938.63,81414.63,0,0
603,CASH_OUT,31220.76,C544408047,64232.76,33012.0,C999714230,59596.36,90817.12,0,0
614,DEBIT,4118.09,C425525423,7489.09,3371.0,C299098651,3592.97,7711.06,0,0
446,PAYMENT,2505.62,C916607927,23683.95,21178.33,M278959093,0.0,0.0,0,0
562,CASH_OUT,13478.41,C506920074,64314.26,50835.85,C987707446,88370.8,101849.21,0,0
332,PAYMENT,5299.51,C129820074,8318.11,3018.6,M578709210,0.0,0.0,0,0
182,PAYMENT,6172.32,C711407418,6254.94,82.62,M427406541,0.0,0.0,0,0
666,PAYMENT,1011.72,C190679112,23960.3,22948.58,M750609960,0.0,0.0,0,0
510,CASH_OUT,32717.18,C642099871,40078.7,7361.52,C520949953,7175.71,39892.89,0,0
30,PAYMENT,1408.32,C883526124,10668.47,9260.15,M993273458,0.0,0.0,0,0
109,CASH_OUT,64297.89,C342873733,75080.53,10782.64,C117518678,15772.05,80069.94,0,0
212,PAYMENT,4754.78,C718227489,17455.78,12701.0,M895720763,0.0,0.0,0,0
190,PAYMENT,121.94,C740335707,2591.62,2469.68,M215164392,0.0,0.0,0,0
184,CASH_OUT,3756.61,C489228967,84387.71,80631.1,C873175968,119981.27,123737.88,0,0
599,PAYMENT,672.29,C895792059,9405.99,8733.7,M309127404,0.0,0.0,0,0
554,PAYMENT,408.29,C691917538,25653.25,25244.96,M338220406,0.0,0.0,0,0
463,PAYMENT,8208.36,C646575226,54008.92,45800.56,M221851231,0.0,0.0,0,0
257,PAYMENT,4265.0,C958406072,43066.81,38801.81,M723599179,0.0,0.0,0,0
684,PAYMENT,5750.79,C233997822,8459.88,2709.09,M226423102,0.0,0.0,0,0
345,TRANSFER,455785.94,C907150387,455785.94,0.0,C262518547,0.0,455785.94,1,0
169,DEBIT,7446.15,C322408203,26574.29,19128.14,C933455048,3839.35,11285.5,0,0
692,CASH_OUT,38978.97,C876609467,45400.94,6421.97,C882187315,52467.8,91446.77,0,0
223,CASH_IN,130637.1,C434456299,13564.49,144201.59,C297960714,148233.29,17596.19,0,0
593,CASH_OUT,41309.28,C354978779,89827.74,48518.46,C209579860,23847.91,65157.19,0,0
9,PAYMENT,2656.88,C754737194,18250.59,15593.71,M508002307,0.0,0.0,0,0
475,PAYMENT,2825.28,C625134402,8566.74,5741.46,M897660769,0.0,0.0,0,0
435,TRANSFER,104326.47,C990770704,111614.86,7288.39,C946709025,8857.0,113183.47,0,0
387,TRANSFER,44068.5,C247256258,113109.93,69041.43,C682965915,10070.86,54139.36,0,0
595,CASH_OUT,93356.55,C718731959,93822.4,465.85,C111546823,34794.43,128150.98,0,0
2,CASH_IN,26019.05,C751514490,2978.07,28997.12,C936003563,108109.71,82090.66,0,0
653,PAYMENT,7249.56,C717819023,14313.29,7063.73,M601705078,0.0,0.0,0,0
168,CASH_OUT,23063.16,C794551093,34094.59,11031.43,C941962754,17884.81,40947.97,0,0
508,CASH_IN,45097.58,C147929935,96754.01,141851.59,C810019246,118699.63,73602.05,0,0
277,CASH_IN,47894.79,C456472597,58783.27,106678.06,C712051381,71551.67,23656.88,0,0
59,CASH_OUT,35505.58,C747927529,46092.36,10586.78,C680741628,53220.82,88726.4,0,0
561,CASH_OUT,2958.44,C908864956,62258.67,59300.23,C458680640,11880.11,14838.55,0,0
682,CASH_IN,10928.6,C805389990,3462.34,14390.94,C535768317,15043.55,4114.95,0,0
336,PAYMENT,5735.33,C184793313,11704.29,5968.96,M850248496,0.0,0.0,0,0
625,CASH_OUT,30079.48,C776782487,32446.08,2366.6,C344610716,46310.95,76390.43,0,0
411,PAYMENT,13306.85,C859409873,27417.57,14110.72,M163726205,0.0,0.0,0,0
675,CASH_OUT,234239.84,C414369574,264670.19,30430.35,C529903082,66091.73,300331.57,0,0
285,PAYMENT,261.2,C182276010,544.42,283.22,M104951941,0.0,0.0,0,0
443,PAYMENT,4057.97,C670071646,11179.99,7122.02,M151377049,0.0,0.0,0,0
603,PAYMENT,6341.58,C243626634,12755.23,6413.65,M798534704,0.0,0.0,0,0
387,CASH_OUT,21428.47,C446156641,22199.78,771.31,C365079170,114624.65,136053.12,0,0
38,PAYMENT,2684.71,C865110384,8904.21,6219.5,M885105146,0.0,0.0,0,0
585,DEBIT,1667.32,C622745216,27469.29,25801.97,C494972682,12503.3,14170.62,0,0
496,CASH_OUT,79109.08,C700147384,86937.86,7828.78,C750523173,895.54,80004.62,0,0
446,PAYMENT,11266.94,C124530921,18866.5,7599.56,M921247859,0.0,0.0,0,0
347,PAYMENT,3804.78,C575814809,12327.99,8523.21,M578185964,0.0,0.0,0,0
172,CASH_OUT,121109.19,C334218707,138107.7,16998.51,C891882613,26187.65,147296.84,0,0
267,CASH_OUT,32371.9,C925792282,51880.82,19508.92,C453824769,35034.42,67406.32,0,0
521,PAYMENT,1475.06,C182157999,8165.52,6690.46,M881722712,0.0,0.0,0,0
530,PAYMENT,5774.69,C748936789,6478.89,704.2,M432643632,0.0,0.0,0,0
578,TRANSFER,1302065.06,C364742377,1302065.06,0.0,C374101592,0.0,0.0,1,0
443,TRANSFER,22533.32,C309363668,114131.01,91597.69,C148743926,39006.12,61539.44,0,0
656,PAYMENT,3175.83,C129400580,16616.49,13440.66,M167401630,0.0,0.0,0,0
103,TRANSFER,175183.98,C210129074,202063.04,26879.06,C415374212,14219.73,189403.71,0,0
633,PAYMENT,6345.23,C277011956,22238.69,15893.46,M761843813,0.0,0.0,0,0
374,TRANSFER,19560.46,C282436649,27902.44,8341.98,C237227388,25687.81,45248.27,0,0
24,CASH_IN,4822.36,C900042453,7010.33,11832.69,C915031015,115694.51,110872.15,0,0
557,PAYMENT,4652.54,C517213991,7278.8,2626.26,M592538047,0.0,0.0,0,0
43,CASH_IN,16962.3,C227534996,37414.02,54376.32,C334736490,88280.17,71317.87,0,0
735,PAYMENT,139.03,C278845774,11546.02,11406.99,M341466537,0.0,0.0,0,0
214,CASH_IN,33279.86,C304096699,1709.58,34989.44,C705129815,163010.2,129730.34,0,0
701,CASH_IN,178276.45,C629126439,416574.39,594850.84,C659210154,252721.92,74445.47,0,0
380,TRANSFER,12669.19,C569529493,47078.25,34409.06,C644054776,2380.62,15049.81,0,0
358,CASH_OUT,4057.52,C293953591,35151.73,31094.21,C498424533,69372.02,73429.54,0,0
22,PAYMENT,2089.68,C173672006,2109.81,20.13,M734863136,0.0,0.0,0,0
225,CASH_OUT,96825.08,C221628753,110682.03,13856.95,C772147637,18278.36,115103.44,0,0
115,CASH_OUT,5447.94,C402022965,14886.06,9438.12,C628381119,20108.36,25556.3,0,0
516,PAYMENT,2467.4,C467466223,4195.97,1728.57,M517576141,0.0,0.0,0,0
685,PAYMENT,1524.86,C487939204,15856.58,14331.72,M998169312,0.0,0.0,0,0
64,PAYMENT,1131.59,C909040083,3300.99,2169.4,M582070135,0.0,0.0,0,0
663,PAYMENT,1056.97,C770494852,4021.11,2964.14,M500596294,0.0,0.0,0,0
456,CASH_OUT,5870.06,C706091498,6675.41,805.35,C864709471,36923.18,42793.24,0,0
169,PAYMENT,5066.11,C335200133,18272.94,13206.83,M279681258,0.0,0.0,0,0
594,PAYMENT,3631.92,C871059576,24625.88,20993.96,M411179635,0.0,0.0,0,0
123,CASH_IN,21569.68,C291331558,122709.77,144279.45,C336131307,125861.39,104291.71,0,0
667,CASH_OUT,74406.72,C873855820,105118.95,30712.23,C591499932,10359.5,84766.22,0,0
340,TRANSFER,71407.27,C185683023,81067.95,9660.68,C937428237,32278.29,103685.56,0,0
51,TRANSFER,15858.14,C217195593,24238.12,8379.98,C548240400,29349.65,45207.79,0,0
290,CASH_IN,1950.66,C738051810,9352.45,11303.11,C864321187,33408.64,31457.98,0,0
229,PAYMENT,1899.49,C709818051,18003.33,16103.84,M403864738,0.0,0.0,0,0
657,CASH_OUT,105819.26,C322483760,129959.43,24140.17,C156359088,21932.01,127751.27,0,0
150,TRANSFER,685832.8,C425082854,685832.8,0.0,C918020312,0.0,685832.8,1,0
657,PAYMENT,2720.2,C873723669,5345.57,2625.37,M211383590,0.0,0.0,0,0
406,PAYMENT,1083.78,C602214161,24318.55,23234.77,M562570517,0.0,0.0,0,0
465,CASH_IN,42456.81,C889348709,1168.4,43625.21,C515636623,112992.39,70535.58,0,0
413,CASH_OUT,63606.84,C482546609,109054.67,45447.83,C438263345,6519.5,70126.34,0,0
131,PAYMENT,9640.86,C720378934,23786.88,14146.02,M656365103,0.0,0.0,0,0
85,CASH_OUT,90453.33,C377278589,109662.04,19208.71,C581573799,7771.51,98224.84,0,0
216,DEBIT,4190.55,C133243312,4988.99,798.44,C932419380,5801.81,9992.36,0,0
119,PAYMENT,6141.64,C713576635,19315.84,13174.2,M603886735,0.0,0.0,0,0
656,TRANSFER,23469.63,C323310083,28538.25,5068.62,C316308385,27185.88,50655.51,0,0
35,CASH_IN,38306.79,C783174006,102251.45,140558.24,C292099698,75045.28,36738.49,0,0
244,CASH_OUT,13755.49,C612145728,17525.75,3770.26,C611873666,159822.15,173577.64,0,0
717,CASH_IN,1327.05,C455678967,5706.0,7033.05,C412150786,55041.51,53714.46,0,0
131,PAYMENT,11260.94,C742813123,12946.6,1685.66,M567122855,0.0,0.0,0,0
40,PAYMENT,6309.09,C198498809,15748.99,9439.9,M882039257,0.0,0.0,0,0
398,PAYMENT,258.17,C296333518,25150.42,24892.25,M622398844,0.0,0.0,0,0
636,CASH_IN,11107.9,C688315333,99664.24,110772.14,C594269987,71095.71,59987.81,0,0
438,CASH_IN,55161.19,C985349736,36575.19,91736.38,C395297179,105242.77,50081.58,0,0
110,CASH_IN,18891.69,C648469115,7602.8,26494.49,C650406978,93024.42,74132.73,0,0
425,PAYMENT,1244.88,C504190642,8247.78,7002.9,M102792836,0.0,0.0,0,0
264,PAYMENT,4118.1,C486045226,5206.51,1088.41,M580732364,0.0,0.0,0,0
244,PAYMENT,4410.81,C708575902,17258.74,12847.93,M241072810,0.0,0.0,0,0
70,TRANSFER,1221770.43,C574490744,1221770.43,0.0,C777627373,0.0,1221770.43,1,0
556,PAYMENT,3562.26,C398533726,4422.83,860.57,M214055241,0.0,0.0,0,0
510,CASH_OUT,9572.36,C180090408,21248.04,11675.68,C436246108,174604.5,184176.86,0,0
62,PAYMENT,7463.04,C682533293,13414.46,5951.42,M896855756,0.0,0.0,0,0
493,DEBIT,4113.6,C237369605,22963.59,18849.99,C786123712,7549.99,11663.59,0,0
243,PAYMENT,5352.41,C258740608,11629.58,6277.17,M851854767,0.0,0.0,0,0
308,CASH_OUT,52546.13,C157744597,113745.99,61199.86,C334274067,14670.76,67216.89,0,0
482,PAYMENT,371.28,C913204055,20021.81,19650.53,M262740986,0.0,0.0,0,0
152,CASH_OUT,19247.53,C145674028,41186.75,21939.22,C537855443,3256.72,22504.25,0,0
516,PAYMENT,2371.0,C345614443,5953.29,3582.29,M575466624,0.0,0.0,0,0
595,PAYMENT,345.79,C649883980,8930.9,8585.11,M881526155,0.0,0.0,0,0
318,DEBIT,7254.32,C134914679,7373.85,119.53,C643095896,24840.34,32094.66,0,0
627,PAYMENT,2770.51,C439347864,26976.63,24206.12,M848044494,0.0,0.0,0,0
552,PAYMENT,1354.87,C237100726,6418.63,5063.76,M738115205,0.0,0.0,0,0
468,PAYMENT,3415.97,C126555561,7889.31,4473.34,M661297202,0.0,0.0,0,0
137,PAYMENT,1710.0,C759129168,5503.27,3793.27,M638893034,0.0,0.0,0,0
460,PAYMENT,3854.22,C694394189,8993.4,5139.18,M113763963,0.0,0.0,0,0
208,PAYMENT,761.86,C680752311,11656.07,10894.21,M280937255,0.0,0.0,0,0
358,CASH_OUT,29133.4,C579475914,37868.51,8735.11,C158076867,10108.82,39242.22,0,0
46,CASH_OUT,124298.48,C582966768,133253.43,8954.95,C421125645,21708.44,146006.92,0,0
19,TRANSFER,25427.83,C450488845,50940.4,25512.57,C220951360,243.24,25671.07,0,0
46,PAYMENT,3412.45,C708616274,3672.48,260.03,M430387060,0.0,0.0,0,0
272,PAYMENT,5554.68,C631218218,21424.32,15869.64,M751098180,0.0,0.0,0,0
223,CASH_IN,18649.7,C823790416,17748.32,36398.02,C984438682,135916.03,117266.33,0,0
680,DEBIT,465.49,C313763156,5065.17,4599.68,C339355652,25822.93,26288.42,0,0
382,PAYMENT,10856.72,C354470434,14398.6,3541.88,M843091368,0.0,0.0,0,0
399,PAYMENT,329.04,C298744556,21607.69,21278.65,M624028445,0.0,0.0,0,0
363,CASH_OUT,127545.08,C903540377,153364.47,25819.39,C781565947,58889.04,186434.12,0,0
434,PAYMENT,22242.64,C240576289,52310.04,30067.4,M395022212,0.0,0.0,0,0
417,PAYMENT,4299.78,C476711215,12159.67,7859.89,M729859104,0.0,0.0,0,0
244,CASH_OUT,22543.82,C329351384,31628.04,9084.22,C214761509,84616.78,107160.6,0,0
638,CASH_IN,21501.87,C567715105,47712.18,69214.05,C572914714,39512.91,18011.04,0,0
461,PAYMENT,466.89,C263824777,26514.79,26047.9,M201617488,0.0,0.0,0,0
244,CASH_OUT,153480.71,C344262845,153480.71,0.0,C321098763,45579.55,199060.26,1,0
736,CASH_OUT,243892.33,C120877878,248923.83,5031.5,C770998151,18365.19,262257.52,0,0
431,TRANSFER,41967.9,C799267647,55543.76,13575.86,C989042258,2371.0,44338.9,0,0
142,CASH_IN,78170.4,C111492974,24644.88,102815.28,C496342354,130104.97,51934.57,0,0
281,PAYMENT,3177.02,C506042968,20842.67,17665.65,M673060885,0.0,0.0,0,0
666,CASH_OUT,25162.11,C734088313,47033.47,21871.36,C614816815,14581.88,39743.99,0,0
137,PAYMENT,4612.78,C346240883,39088.25,34475.47,M275135070,0.0,0.0,0,0
537,PAYMENT,12623.95,C843645762,22890.21,10266.26,M327821218,0.0,0.0,0,0
422,TRANSFER,45057.83,C870097364,70836.36,25778.53,C524677935,5688.76,50746.59,0,0
403,CASH_OUT,26149.72,C616305746,29341.23,3191.51,C679983150,4505.68,30655.4,0,0
660,CASH_OUT,133667.04,C541033864,198299.37,64632.33,C847945054,16064.66,149731.7,0,0
537,PAYMENT,12038.2,C151378734,16916.46,4878.26,M171611906,0.0,0.0,0,0
74,CASH_OUT,11949.22,C680517358,11949.22,0.0,C977372415,40657.59,52606.81,1,0
533,CASH_OUT,13257.32,C119013927,16914.75,3657.43,C296002089,57014.84,70272.16,0,0
91,PAYMENT,7119.0,C560759515,7744.11,625.11,M146538616,0.0,0.0,0,0
261,PAYMENT,1083.83,C805586322,15036.05,13952.22,M243909321,0.0,0.0,0,0
472,CASH_OUT,17992.05,C467614103,38276.39,20284.34,C385454167,18315.88,36307.93,0,0
437,TRANSFER,25824.26,C436773314,83227.91,57403.65,C290857681,32305.48,58129.74,0,0
120,CASH_OUT,38308.42,C851255380,46865.1,8556.68,C604187178,764.75,39073.17,0,0
287,PAYMENT,1176.01,C118033270,10664.62,9488.61,M178175574,0.0,0.0,0,0
19,PAYMENT,3997.54,C712337689,15863.49,11865.95,M383438085,0.0,0.0,0,0
732,CASH_OUT,34160.75,C179936412,58037.48,23876.73,C199369203,478.3,34639.05,0,0
336,PAYMENT,10808.68,C983900317,23705.12,12896.44,M985068736,0.0,0.0,0,0
597,CASH_IN,51809.84,C476455446,3690.25,55500.09,C579773125,124496.17,72686.33,0,0
206,PAYMENT,5223.79,C571492452,10981.16,5757.37,M783868680,0.0,0.0,0,0
182,CASH_OUT,5894.8,C952674212,23101.12,17206.32,C170204375,3334.65,9229.45,0,0
547,PAYMENT,450.51,C238740849,12192.77,11742.26,M637907770,0.0,0.0,0,0
276,TRANSFER,21120.76,C865761833,95535.44,74414.68,C429916200,12454.18,33574.94,0,0
424,CASH_OUT,15993.36,C505908599,26599.83,10606.47,C614357620,63563.57,79556.93,0,0
470,CASH_OUT,16547.99,C869626461,16754.15,206.16,C611256724,99529.56,116077.55,0,0
138,CASH_IN,27661.59,C774704817,38106.31,65767.9,C927232299,92300.27,64638.68,0,0
479,PAYMENT,8028.39,C301377703,21931.89,13903.5,M936813189,0.0,0.0,0,0
84,TRANSFER,13254.39,C734502751,45312.81,32058.42,C296606253,9985.51,23239.9,0,0
546,PAYMENT,1815.39,C718404647,9753.54,7938.15,M274145788,0.0,0.0,0,0
355,CASH_OUT,60666.07,C590347238,83616.15,22950.08,C816113830,3893.22,64559.29,0,0
591,PAYMENT,569.3,C593491096,9011.42,8442.12,M819624557,0.0,0.0,0,0
196,CASH_OUT,49872.2,C280423197,49964.85,92.65,C991791090,37086.65,86958.85,0,0
644,DEBIT,6428.13,C404077616,38106.98,31678.85,C505284573,27424.71,33852.84,0,0
128,PAYMENT,1351.34,C201660871,2996.44,1645.1,M894124192,0.0,0.0,0,0
64,CASH_OUT,24308.69,C926799682,53511.83,29203.14,C740249951,91468.44,115777.13,0,0
356,TRANSFER,7130.59,C380420887,96213.5,89082.91,C939518425,4339.94,11470.53,0,0
342,TRANSFER,1866.27,C353944315,60858.83,58992.56,C739522455,19087.51,20953.78,0,0
342,CASH_OUT,157879.94,C216459133,169721.45,11841.51,C775211136,6909.95,164789.89,0,0
449,DEBIT,103.25,C110621840,2768.16,2664.91,C729363485,10356.27,10459.52,0,0
322,PAYMENT,512.06,C451611255,1691.58,1179.52,M452053228,0.0,0.0,0,0
621,CASH_OUT,153254.92,C445440430,157602.52,4347.6,C144425891,43229.68,196484.6,0,0
6,PAYMENT,14729.96,C726944795,15787.97,1058.01,M721173954,0.0,0.0,0,0
3,CASH_OUT,479.58,C332230101,36347.7,35868.12,C209603623,3659.74,4139.32,0,0
178,DEBIT,11819.45,C738984003,12123.8,304.35,C500713575,3647.09,15466.54,0,0
595,CASH_OUT,24882.66,C465605933,116829.66,91947.0,C845749592,9321.99,34204.65,0,0
730,CASH_OUT,8464.88,C228186734,27426.69,18961.81,C806772429,287609.6,296074.48,0,0
159,CASH_OUT,36401.07,C460358673,41500.42,5099.35,C261515275,21158.03,57559.1,0,0
158,CASH_OUT,38573.9,C215117648,50163.87,11589.97,C626615271,59117.47,97691.37,0,0
161,CASH_OUT,257439.52,C567337258,328520.31,71080.79,C783912665,59084.07,316523.59,0,0
131,CASH_IN,37090.68,C437159895,26107.96,63198.64,C694897333,48797.9,11707.22,0,0
36,PAYMENT,2781.99,C136573251,6747.37,3965.38,M431900313,0.0,0.0,0,0
96,DEBIT,754.89,C596445304,7773.48,7018.59,C195939514,14699.32,15454.21,0,0
287,PAYMENT,10489.76,C736840692,15287.26,4797.5,M595938880,0.0,0.0,0,0
547,PAYMENT,2633.19,C445788163,64049.18,61415.99,M146613000,0.0,0.0,0,0
156,CASH_IN,51864.7,C389693440,33548.0,85412.7,C476721002,169852.85,117988.15,0,0
423,PAYMENT,8169.81,C115959458,13680.35,5510.54,M438496246,0.0,0.0,0,0
276,PAYMENT,5190.05,C261573881,6136.75,946.7,M711468150,0.0,0.0,0,0
528,PAYMENT,509.98,C187757901,3471.93,2961.95,M534929473,0.0,0.0,0,0
293,CASH_OUT,59789.61,C555445666,98193.73,38404.12,C367796898,8704.21,68493.82,0,0
149,CASH_IN,65540.41,C544342094,56537.87,122078.28,C800762391,165535.48,99995.07,0,0
624,CASH_IN,115598.43,C202405247,9504.48,125102.91,C557776675,133500.43,17902.0,0,0
92,CASH_OUT,21281.94,C340863158,35763.9,14481.96,C510691994,88935.95,110217.89,0,0
485,CASH_OUT,12289.55,C568316251,30084.13,17794.58,C963211151,22912.07,35201.62,0,0
299,CASH_OUT,47900.26,C596416353,60890.58,12990.32,C508535764,7836.82,55737.08,0,0
153,CASH_IN,30897.74,C718669661,10618.79,41516.53,C661023724,48696.09,17798.35,0,0
30,DEBIT,71.27,C192276863,8959.02,8887.75,C462032205,9502.87,9574.14,0,0
218,CASH_OUT,24798.84,C849072869,33019.43,8220.59,C377483585,29662.98,54461.82,0,0
205,PAYMENT,430.48,C921826277,868.34,437.86,M933629721,0.0,0.0,0,0
487,PAYMENT,3145.97,C734879903,23560.32,20414.35,M525295074,0.0,0.0,0,0
38,DEBIT,1603.34,C567309109,16029.33,14425.99,C733665153,10804.46,12407.8,0,0
618,CASH_OUT,12246.67,C472441051,21888.65,9641.98,C434793014,35077.36,47324.03,0,0
112,TRANSFER,111115.85,C218348785,155445.13,44329.28,C439557582,43357.75,154473.6,0,0
154,PAYMENT,2374.56,C543167061,6606.74,4232.18,M200376486,0.0,0.0,0,0
612,CASH_IN,7874.45,C218433840,104457.52,112331.97,C192413021,52644.68,44770.23,0,0
79,PAYMENT,2986.4,C888962908,60836.5,57850.1,M468916205,0.0,0.0,0,0
489,CASH_IN,22258.11,C441465287,38191.36,60449.47,C339602547,30207.12,7949.01,0,0
130,PAYMENT,1951.96,C712545986,2028.39,76.43,M878999474,0.0,0.0,0,0
490,PAYMENT,17573.12,C166354243,19324.95,1751.83,M890860137,0.0,0.0,0,0
692,CASH_OUT,557342.02,C198298122,557342.02,0.0,C806492313,49452.76,606794.78,1,0
425,CASH_OUT,29005.9,C737312334,42772.14,13766.24,C425226200,72473.84,101479.74,0,0
401,PAYMENT,2971.42,C672592800,12101.29,9129.87,M398343823,0.0,0.0,0,0
465,CASH_OUT,13382.73,C302194006,48835.63,35452.9,C386021016,45521.39,58904.12,0,0
411,PAYMENT,4024.06,C537453308,18008.22,13984.16,M266898905,0.0,0.0,0,0
342,CASH_OUT,104493.05,C696175263,104512.36,19.31,C988921543,149158.78,253651.83,0,0
551,CASH_OUT,26541.22,C850621016,98065.22,71524.0,C286699281,8171.53,34712.75,0,0
707,CASH_OUT,29325.15,C933769715,88406.55,59081.4,C655556551,30888.33,60213.48,0,0
721,PAYMENT,11354.73,C295711955,14989.37,3634.64,M442857909,0.0,0.0,0,0
108,CASH_IN,89321.87,C730757122,139384.86,228706.73,C268809078,156419.23,67097.36,0,0
684,PAYMENT,5159.85,C982573701,27312.35,22152.5,M666943386,0.0,0.0,0,0
216,PAYMENT,13375.68,C481354595,45522.31,32146.63,M323471366,0.0,0.0,0,0
326,CASH_OUT,1487205.59,C581793812,1487205.59,0.0,C359769119,48668.75,1535874.34,1,0
413,PAYMENT,1740.88,C458162968,5631.88,3891.0,M869384268,0.0,0.0,0,0
639,PAYMENT,3019.7,C495898608,13405.0,10385.3,M335057525,0.0,0.0,0,0
308,PAYMENT,2460.87,C500499653,13620.54,11159.67,M299723355,0.0,0.0,0,0
471,CASH_OUT,63095.57,C505166850,70667.63,7572.06,C622232741,42985.58,106081.15,0,0
86,TRANSFER,2171.68,C301831525,97530.35,95358.67,C749071122,12468.43,14640.11,0,0
160,PAYMENT,11940.47,C962663399,12902.85,962.38,M830885480,0.0,0.0,0,0
591,CASH_OUT,26668.18,C152595201,31079.07,4410.89,C346256014,24762.69,51430.87,0,0
691,CASH_OUT,1002.63,C759859546,3726.34,2723.71,C311595719,60936.7,61939.33,0,0
534,PAYMENT,118.24,C473189469,5708.56,5590.32,M126529290,0.0,0.0,0,0
280,CASH_OUT,89855.06,C522475094,108401.15,18546.09,C243405868,204449.23,294304.29,0,0
94,TRANSFER,20635.02,C123046753,63098.85,42463.83,C742770364,51886.24,72521.26,0,0
324,DEBIT,960.52,C488601097,9846.41,8885.89,C660119668,1825.43,2785.95,0,0
286,CASH_IN,60055.39,C137448733,209522.67,269578.06,C576298083,97607.85,37552.46,0,0
726,CASH_IN,147276.96,C837534058,23590.64,170867.6,C803822209,162943.87,15666.91,0,0
490,PAYMENT,3135.47,C835619310,4269.87,1134.4,M800115119,0.0,0.0,0,0
668,CASH_IN,16698.61,C760626464,55243.85,71942.46,C937561100,101278.65,84580.04,0,0
442,PAYMENT,10041.57,C577818918,27140.56,17098.99,M934329483,0.0,0.0,0,0
436,DEBIT,1058.06,C224629987,17129.75,16071.69,C472846008,6510.65,7568.71,0,0
695,PAYMENT,3513.61,C491251698,13896.82,10383.21,M129143736,0.0,0.0,0,0
448,PAYMENT,2352.86,C629105142,13180.43,10827.57,M405539841,0.0,0.0,0,0
154,PAYMENT,1622.3,C287804926,4122.76,2500.46,M107572830,0.0,0.0,0,0
27,PAYMENT,2329.5,C666882376,3112.95,783.45,M344055992,0.0,0.0,0,0
598,CASH_IN,22022.85,C619166249,92314.5,114337.35,C719988522,81363.98,59341.13,0,0
682,PAYMENT,16327.23,C189100650,19674.42,3347.19,M193603440,0.0,0.0,0,0
270,CASH_OUT,26993.9,C978111760,29848.32,2854.42,C905757788,7139.04,34132.94,0,0
447,CASH_OUT,213742.24,C583503193,219612.2,5869.96,C242577069,65646.67,279388.91,0,0
272,CASH_OUT,33727.24,C871812152,36056.93,2329.69,C239010019,97440.15,131167.39,0,0
282,PAYMENT,8274.09,C985183689,23551.09,15277.0,M424543482,0.0,0.0,0,0
392,DEBIT,5955.47,C687475490,6081.11,125.64,C671321773,58531.83,64487.3,0,0
329,PAYMENT,38.34,C392968300,48317.74,48279.4,M513504240,0.0,0.0,0,0
680,CASH_OUT,39758.91,C940069915,64002.05,24243.14,C798978772,8287.5,48046.41,0,0
657,PAYMENT,7983.72,C547478821,13819.41,5835.69,M146565403,0.0,0.0,0,0
578,CASH_OUT,105686.8,C741449375,128123.67,22436.87,C343260893,27639.48,133326.28,0,0
367,CASH_OUT,10351.07,C588945468,13496.53,3145.46,C264585391,64146.06,74497.13,0,0
684,PAYMENT,3640.76,C213810317,24288.99,20648.23,M672701508,0.0,0.0,0,0
78,CASH_IN,4114.54,C301508385,112530.82,116645.36,C793897424,71942.26,67827.72,0,0
660,PAYMENT,16136.02,C854826588,19061.89,2925.87,M646142037,0.0,0.0,0,0
570,CASH_OUT,62677.92,C670979088,82910.16,20232.24,C369643316,35357.55,98035.47,0,0
169,TRANSFER,77117.07,C445736033,123582.49,46465.42,C316293766,56438.7,133555.77,0,0
264,CASH_IN,67186.2,C278258659,23342.7,90528.9,C759528057,104749.08,37562.88,0,0
573,CASH_OUT,52929.84,C725347719,61383.09,8453.25,C690725022,44234.36,97164.2,0,0
60,CASH_OUT,38873.65,C510421724,43244.99,4371.34,C966398527,121893.58,160767.23,0,0
573,PAYMENT,9098.01,C742895062,12378.03,3280.02,M754604669,0.0,0.0,0,0
218,CASH_OUT,68302.84,C132430401,68704.88,402.04,C360011257,103446.19,171749.03,0,0
153,CASH_IN,15460.69,C870737784,47500.93,62961.62,C799434091,57101.37,41640.68,0,0
188,TRANSFER,5428.63,C616477436,94044.91,88616.28,C423578435,51343.76,56772.39,0,0
481,PAYMENT,869.56,C796331649,24320.7,23451.14,M786682305,0.0,0.0,0,0
49,PAYMENT,4575.06,C470264875,25316.8,20741.74,M112063667,0.0,0.0,0,0
83,PAYMENT,1156.41,C992585851,7603.48,6447.07,M834978304,0.0,0.0,0,0
82,PAYMENT,16.58,C866878704,19200.14,19183.56,M534329394,0.0,0.0,0,0
3,CASH_OUT,69172.82,C261137445,71561.3,2388.48,C798042312,62640.88,131813.7,0,0
725,PAYMENT,13730.14,C146351642,23704.71,9974.57,M760980471,0.0,0.0,0,0
387,PAYMENT,9029.4,C668954491,10483.91,1454.51,M101726596,0.0,0.0,0,0
289,TRANSFER,16821.91,C517105180,30037.21,13215.3,C505320889,74312.28,91134.19,0,0
725,CASH_OUT,10226.46,C950601599,29062.17,18835.71,C315268922,51596.47,61822.93,0,0
150,CASH_OUT,42846.55,C807231232,69649.42,26802.87,C526454084,26943.14,69789.69,0,0
5,CASH_OUT,152884.71,C288202898,194735.54,41850.83,C112057096,11016.8,163901.51,0,0
156,CASH_OUT,21324.26,C628528740,22724.59,1400.33,C271595279,53192.45,74516.71,0,0
446,CASH_IN,16998.7,C540163497,93561.94,110560.64,C746735003,88752.27,71753.57,0,0
688,PAYMENT,176.51,C642334084,3948.26,3771.75,M235638871,0.0,0.0,0,0
241,TRANSFER,41405.26,C663780833,69702.08,28296.82,C576474160,14693.51,56098.77,0,0
354,PAYMENT,9259.34,C635905822,76166.02,66906.68,M293898852,0.0,0.0,0,0
396,CASH_IN,37304.78,C225495840,11519.14,48823.92,C435085558,55164.04,17859.26,0,0
680,PAYMENT,6339.8,C229718956,35118.82,28779.02,M731749986,0.0,0.0,0,0
480,CASH_OUT,58453.76,C870091933,110644.49,52190.73,C379641414,15298.84,73752.6,0,0
732,PAYMENT,6144.52,C883841078,33810.44,27665.92,M489751772,0.0,0.0,0,0
421,CASH_OUT,33115.67,C647752145,37609.7,4494.03,C365190707,48394.79,81510.46,0,0
243,CASH_OUT,156867.16,C125875662,159796.8,2929.64,C487136939,145485.5,302352.66,0,0
187,PAYMENT,6080.6,C190602094,32456.79,26376.19,M454211224,0.0,0.0,0,0
497,CASH_OUT,164676.43,C913744022,171102.07,6425.64,C823838256,59990.13,224666.56,0,0
77,TRANSFER,94852.17,C100625846,112135.96,17283.79,C863693421,13411.36,108263.53,0,0
619,PAYMENT,497.94,C947574924,1282.24,784.3,M271509738,0.0,0.0,0,0
354,CASH_OUT,247557.52,C439635833,247557.52,0.0,C603466497,48822.63,296380.15,1,0
426,PAYMENT,209.81,C721743701,24146.35,23936.54,M565663844,0.0,0.0,0,0
427,PAYMENT,1866.48,C184442077,8426.36,6559.88,M182951943,0.0,0.0,0,0
725,PAYMENT,2552.08,C830678062,20380.63,17828.55,M713425683,0.0,0.0,0,0
674,CASH_OUT,42058.49,C495743957,43157.45,1098.96,C153840387,28513.63,70572.12,0,0
641,CASH_OUT,56096.91,C209556108,67514.94,11418.03,C665689370,32723.34,88820.25,0,0
139,CASH_OUT,19464.08,C394172598,31739.36,12275.28,C724962421,17965.2,37429.28,0,0
5,TRANSFER,111428.49,C499716261,235209.72,123781.23,C922775045,31727.41,143155.9,0,0
672,CASH_OUT,81939.9,C435365015,95270.02,13330.12,C996844682,72030.5,153970.4,0,0
281,TRANSFER,1967.4,C932899529,22748.08,20780.68,C105987239,79215.0,81182.4,0,0
536,PAYMENT,7085.15,C652159346,22550.57,15465.42,M971119451,0.0,0.0,0,0
175,TRANSFER,10838.55,C573622018,91213.56,80375.01,C618288513,51704.36,62542.91,0,0
52,CASH_IN,29768.54,C474370867,93427.57,123196.11,C935119602,264381.06,234612.52,0,0
357,PAYMENT,1684.43,C597195580,7130.93,5446.5,M195346786,0.0,0.0,0,0
331,CASH_OUT,17169.37,C251788611,31699.72,14530.35,C210281865,44013.23,61182.6,0,0
84,PAYMENT,5131.55,C279031273,9901.76,4770.21,M720778233,0.0,0.0,0,0
514,PAYMENT,1368.71,C214464969,13663.43,12294.72,M622296356,0.0,0.0,0,0
259,CASH_OUT,19795.64,C958466554,26427.04,6631.4,C459323660,31189.67,50985.31,0,0
110,PAYMENT,15186.41,C626789594,23407.96,8221.55,M323263598,0.0,0.0,0,0
277,CASH_IN,42714.46,C942753435,28370.74,71085.2,C189959601,62693.27,19978.81,0,0
7,PAYMENT,3736.12,C659713020,3768.28,32.16,M316569843,0.0,0.0,0,0
739,TRANSFER,59607.78,C347431751,70216.65,10608.87,C809709166,2324.35,61932.13,0,0
21,CASH_IN,23002.84,C440109051,15670.58,38673.42,C789941967,95319.98,72317.14,0,0
706,PAYMENT,20179.81,C490845900,26643.88,6464.07,M344578138,0.0,0.0,0,0
628,PAYMENT,6873.27,C566123312,23204.0,16330.73,M206048488,0.0,0.0,0,0
719,TRANSFER,13501.33,C403477210,46612.79,33111.46,C598126768,11145.4,24646.73,0,0
288,PAYMENT,4441.78,C142137477,24539.51,20097.73,M303303169,0.0,0.0,0,0
627,PAYMENT,12668.25,C992577202,25541.22,12872.97,M762766818,0.0,0.0,0,0
360,DEBIT,4344.57,C202913352,11302.0,6957.43,C834922572,14736.04,19080.61,0,0
554,CASH_OUT,44231.1,C553716829,46875.66,2644.56,C170303625,6473.37,50704.47,0,0
480,TRANSFER,846698.52,C492446260,846698.52,0.0,C699825038,0.0,0.0,1,0
125,CASH_OUT,94944.44,C683620613,96950.82,2006.38,C588821193,52933.12,147877.56,0,0
493,TRANSFER,22264.3,C594898344,26339.61,4075.31,C590891905,10544.98,32809.28,0,0
185,PAYMENT,4227.5,C742707378,4920.72,693.22,M239501424,0.0,0.0,0,0
147,DEBIT,2637.48,C307631219,4185.28,1547.8,C387902833,7107.64,9745.12,0,0
425,CASH_IN,62971.47,C113867950,13927.56,76899.03,C654515040,84304.9,21333.43,0,0
742,PAYMENT,18798.07,C508360907,24761.63,5963.56,M976112856,0.0,0.0,0,0
539,CASH_OUT,10571.46,C831145304,62781.03,52209.57,C505543816,1309.83,11881.29,0,0
263,PAYMENT,7463.49,C790535747,12946.03,5482.54,M910564631,0.0,0.0,0,0
332,CASH_OUT,60728.45,C254474067,83994.87,23266.42,C148119076,6476.46,67204.91,0,0
533,TRANSFER,5925.71,C342561972,19371.94,13446.23,C387113695,32979.72,38905.43,0,0
287,CASH_OUT,557.37,C229579976,2256.75,1699.38,C166274039,2383.96,2941.33,0,0
160,CASH_OUT,2492.87,C398592747,3754.28,1261.41,C872426040,113806.41,116299.28,0,0
35,CASH_OUT,17630.18,C462952086,18305.4,675.22,C285554887,121227.28,138857.46,0,0
562,CASH_OUT,74664.48,C979737171,78954.07,4289.59,C888008773,33052.18,107716.66,0,0
262,CASH_IN,90451.28,C649191335,26839.95,117291.23,C784959190,95680.16,5228.88,0,0
511,PAYMENT,4768.24,C556353345,8502.83,3734.59,M147088530,0.0,0.0,0,0
510,TRANSFER,1228706.88,C347295890,1228706.88,0.0,C889528219,0.0,0.0,1,1
440,PAYMENT,2284.47,C597465485,2677.85,393.38,M264233807,0.0,0.0,0,0
470,CASH_OUT,78713.9,C284324319,98570.4,19856.5,C340262207,18083.76,96797.66,0,0
522,PAYMENT,2965.32,C129263648,14832.84,11867.52,M924225581,0.0,0.0,0,0
718,DEBIT,2130.29,C807551035,7319.34,5189.05,C930333086,12152.98,14283.27,0,0
157,CASH_IN,19214.57,C114441302,45951.86,65166.43,C225331481,78740.14,59525.57,0,0
516,PAYMENT,7755.72,C400457722,13231.27,5475.55,M597553077,0.0,0.0,0,0
98,PAYMENT,1041.54,C950235670,2322.05,1280.51,M678355689,0.0,0.0,0,0
232,PAYMENT,2098.24,C555338706,4274.74,2176.5,M866375279,0.0,0.0,0,0
1,CASH_IN,26456.47,C321187042,11608.12,38064.59,C815479591,50814.83,24358.36,0,0
216,DEBIT,8541.78,C233799246,15342.38,6800.6,C639745638,38622.69,47164.47,0,0
106,CASH_OUT,1416.24,C495996762,3315.52,1899.28,C881399670,6821.16,8237.4,0,0
161,PAYMENT,413.44,C825822338,2530.21,2116.77,M378297464,0.0,0.0,0,0
309,PAYMENT,7876.13,C395587797,12340.71,4464.58,M237470197,0.0,0.0,0,0
393,PAYMENT,2474.59,C919373653,16568.47,14093.88,M562982529,0.0,0.0,0,0
182,PAYMENT,288.17,C662238401,4716.0,4427.83,M845151791,0.0,0.0,0,0
162,PAYMENT,2240.64,C950272811,3295.62,1054.98,M317022763,0.0,0.0,0,0
367,CASH_OUT,87231.53,C628593519,99096.05,11864.52,C920674290,8520.52,95752.05,0,0
691,CASH_OUT,146275.4,C965880704,149406.11,3130.71,C595757594,7807.09,154082.49,0,0
496,CASH_OUT,44528.01,C113297731,49835.87,5307.86,C374794887,56034.18,100562.19,0,0
273,PAYMENT,4775.16,C825463380,21454.0,16678.84,M710013395,0.0,0.0,0,0
738,PAYMENT,2051.22,C891729337,6145.34,4094.12,M531054895,0.0,0.0,0,0
21,CASH_OUT,18662.79,C290950857,31660.43,12997.64,C822831877,88969.77,107632.56,0,0
724,CASH_OUT,31403.71,C416989887,35040.39,3636.68,C284413313,39538.23,70941.94,0,0
682,CASH_IN,23060.93,C707387733,55782.93,78843.86,C202587947,59321.99,36261.06,0,0
724,PAYMENT,25140.74,C604433626,37747.53,12606.79,M366120207,0.0,0.0,0,0
584,PAYMENT,1406.22,C792936996,5102.07,3695.85,M368484484,0.0,0.0,0,0
117,TRANSFER,77610.97,C376343217,145098.8,67487.83,C610245906,31386.3,108997.27,0,0
321,CASH_OUT,52905.43,C392661646,56098.87,3193.44,C492390843,26811.05,79716.48,0,0
147,CASH_IN,66204.86,C290831574,24695.55,90900.41,C957424831,106094.42,39889.56,0,0
337,PAYMENT,2000.05,C856910969,4545.03,2544.98,M954719062,0.0,0.0,0,0
623,PAYMENT,1166.09,C494161461,27765.64,26599.55,M989943622,0.0,0.0,0,0
276,PAYMENT,5631.95,C191872286,8416.63,2784.68,M346481610,0.0,0.0,0,0
352,CASH_IN,48194.9,C231698871,14049.96,62244.86,C737230403,165066.91,116872.01,0,0
157,PAYMENT,4937.9,C690546741,13000.2,8062.3,M132136324,0.0,0.0,0,0
457,PAYMENT,182.65,C143908682,12514.16,12331.51,M774769313,0.0,0.0,0,0
474,CASH_OUT,41961.41,C562925809,55229.34,13267.93,C127120840,4178.95,46140.36,0,0
618,PAYMENT,819.69,C582975282,6222.5,5402.81,M839813579,0.0,0.0,0,0
463,PAYMENT,535.49,C157512521,15533.77,14998.28,M902204898,0.0,0.0,0,0
602,PAYMENT,265.8,C912891012,915.84,650.04,M993916791,0.0,0.0,0,0
418,PAYMENT,28766.65,C959549943,29108.88,342.23,M866531792,0.0,0.0,0,0
130,PAYMENT,3434.11,C746192905,29789.11,26355.0,M765423990,0.0,0.0,0,0
69,PAYMENT,3707.27,C571618117,10836.86,7129.59,M240625592,0.0,0.0,0,0
6,PAYMENT,2266.21,C108512521,14659.17,12392.96,M204310096,0.0,0.0,0,0
543,PAYMENT,369.61,C390764718,3591.54,3221.93,M200109856,0.0,0.0,0,0
687,CASH_IN,721.18,C686550480,69626.3,70347.48,C624241611,17063.07,16341.89,0,0
21,PAYMENT,3239.13,C753894015,15905.88,12666.75,M400010800,0.0,0.0,0,0
298,PAYMENT,736.45,C891212836,3920.3,3183.85,M886299033,0.0,0.0,0,0
504,CASH_OUT,87900.29,C915548942,95383.61,7483.32,C560786998,30692.15,118592.44,0,0
69,CASH_OUT,75247.6,C520451614,102112.22,26864.62,C462887850,47659.12,122906.72,0,0
335,DEBIT,808.15,C185365033,24045.39,23237.24,C397272340,7298.19,8106.34,0,0
419,TRANSFER,344170.78,C749719325,344170.78,0.0,C361998544,0.0,344170.78,1,0
550,CASH_OUT,8699.42,C223324459,13054.24,4354.82,C566795192,144443.24,153142.66,0,0
163,PAYMENT,1104.71,C340583626,4226.46,3121.75,M783713159,0.0,0.0,0,0
579,CASH_OUT,16495.34,C114319073,59780.61,43285.27,C116160293,3346.49,19841.83,0,0
636,PAYMENT,4664.93,C576202934,11717.99,7053.06,M653589005,0.0,0.0,0,0
672,PAYMENT,2436.04,C217993948,4941.28,2505.24,M704449969,0.0,0.0,0,0
37,PAYMENT,8629.94,C576442801,9934.32,1304.38,M476480382,0.0,0.0,0,0
622,TRANSFER,63078.66,C393934649,111056.37,47977.71,C877556981,495.09,63573.75,0,0
665,PAYMENT,263.24,C350411703,7537.31,7274.07,M314312192,0.0,0.0,0,0
612,CASH_OUT,50478.41,C103198066,70050.38,19571.97,C620522449,5688.95,56167.36,0,0
36,CASH_IN,18313.52,C308294494,100496.34,118809.86,C903949071,41755.01,23441.49,0,0
270,CASH_OUT,5760.58,C429692770,19967.22,14206.64,C526316507,52385.04,58145.62,0,0
482,PAYMENT,10643.3,C687005475,10998.68,355.38,M410911082,0.0,0.0,0,0
152,PAYMENT,8133.93,C396661478,37220.41,29086.48,M835448199,0.0,0.0,0,0
432,PAYMENT,3219.71,C239875381,3229.88,10.17,M889246121,0.0,0.0,0,0
550,CASH_OUT,33938.93,C261374323,79682.13,45743.2,C625991525,8451.08,42390.01,0,0
209,CASH_OUT,1077.3,C894057752,97090.43,96013.13,C111528005,36666.73,37744.03,0,0
26,CASH_OUT,63361.34,C533004159,76124.98,12763.64,C474190080,56211.89,119573.23,0,0
655,PAYMENT,6721.86,C796240442,10102.35,3380.49,M251150475,0.0,0.0,0,0
533,CASH_OUT,15142.28,C818432768,15859.57,717.29,C627812862,43787.18,58929.46,0,0
388,TRANSFER,168839.69,C504912385,168839.69,0.0,C523386225,0.0,168839.69,1,0
320,CASH_OUT,19614.65,C227043606,154542.87,134928.22,C335938428,152987.53,172602.18,0,0
484,CASH_IN,20250.97,C171753116,43112.87,63363.84,C910832575,27011.49,6760.52,0,0
247,DEBIT,833.57,C903164329,1926.43,1092.86,C116520501,17610.14,18443.71,0,0
82,PAYMENT,280.46,C730625941,1808.52,1528.06,M327331944,0.0,0.0,0,0
29,CASH_OUT,175527.17,C568368799,240060.87,64533.7,C280275084,9995.19,185522.36,0,0
30,PAYMENT,15502.24,C774156236,22289.06,6786.82,M623436765,0.0,0.0,0,0
561,PAYMENT,3809.06,C180665059,13144.95,9335.89,M822160464,0.0,0.0,0,0
682,PAYMENT,24053.49,C758419931,27216.55,3163.06,M918744871,0.0,0.0,0,0
545,CASH_IN,10932.1,C130034576,40623.31,51555.41,C517146026,37171.76,26239.66,0,0
707,PAYMENT,4544.59,C685168464,7930.45,3385.86,M494895978,0.0,0.0,0,0
262,PAYMENT,5956.2,C188186596,10430.47,4474.27,M372786433,0.0,0.0,0,0
356,TRANSFER,480289.61,C105127788,480289.61,0.0,C448383601,0.0,0.0,1,0
4,PAYMENT,951.02,C220104649,4791.63,3840.61,M646986089,0.0,0.0,0,0
23,TRANSFER,40389.64,C817515289,102079.36,61689.72,C734709697,9722.56,50112.2,0,0
502,PAYMENT,14033.98,C857588813,19630.01,5596.03,M822032692,0.0,0.0,0,0
230,CASH_OUT,90134.73,C436554448,182782.88,92648.15,C792388025,74995.32,165130.05,0,0
593,CASH_OUT,65301.23,C197197301,76946.23,11645.0,C132848262,16538.26,81839.49,0,0
229,PAYMENT,8031.07,C520229113,17083.31,9052.24,M649862160,0.0,0.0,0,0
580,CASH_OUT,105642.25,C148124370,129156.85,23514.6,C145231860,78251.05,183893.3,0,0
170,CASH_IN,12928.68,C964886646,13254.75,26183.43,C113736706,34617.72,21689.04,0,0
489,PAYMENT,848.4,C369251333,22634.7,21786.3,M378795486,0.0,0.0,0,0
519,CASH_IN,84507.56,C252784539,81135.43,165642.99,C540841146,144656.07,60148.51,0,0
437,CASH_IN,15103.42,C411638681,14308.4,29411.82,C462181266,57361.32,42257.9,0,0
305,PAYMENT,4632.89,C378720767,8098.11,3465.22,M406652551,0.0,0.0,0,0
210,PAYMENT,11108.22,C424102039,35775.95,24667.73,M152521092,0.0,0.0,0,0
148,PAYMENT,7452.02,C270048830,21024.1,13572.08,M473513394,0.0,0.0,0,0
385,CASH_OUT,113659.28,C676770056,131507.47,17848.19,C852790018,3991.81,117651.09,0,0
448,PAYMENT,6342.02,C937314338,7517.5,1175.48,M360941906,0.0,0.0,0,0
676,PAYMENT,4392.4,C959115931,7699.33,3306.93,M823138959,0.0,0.0,0,0
222,PAYMENT,3304.1,C147719596,31491.04,28186.94,M929934931,0.0,0.0,0,0
203,TRANSFER,64896.86,C152497609,81699.25,16802.39,C911126157,33867.02,98763.88,0,0
228,PAYMENT,6402.65,C738428238,26270.37,19867.72,M685716319,0.0,0.0,0,0
6,CASH_IN,17795.7,C115617466,10745.02,28540.72,C305095221,85929.32,68133.62,0,0
380,CASH_IN,33920.3,C950324388,32477.61,66397.91,C352464813,151518.52,117598.22,0,0
356,CASH_IN,92658.5,C109697699,18354.66,111013.16,C148567487,130246.16,37587.66,0,0
117,CASH_OUT,50043.55,C519014819,53663.47,3619.92,C384232556,15118.79,65162.34,0,0
431,PAYMENT,10394.38,C245050388,16775.09,6380.71,M812480937,0.0,0.0,0,0
88,PAYMENT,14008.29,C105849421,20073.55,6065.26,M681575319,0.0,0.0,0,0
489,PAYMENT,6428.24,C520746141,14003.04,7574.8,M880949590,0.0,0.0,0,0
42,TRANSFER,98741.07,C574300489,115431.71,16690.64,C188787774,31814.02,130555.09,0,0
30,CASH_IN,125215.66,C247089781,72961.21,198176.87,C414308762,323358.41,198142.75,0,0
723,CASH_OUT,50214.26,C377270706,73542.95,23328.69,C912574152,42967.58,93181.84,0,0
245,PAYMENT,1903.21,C622576811,12739.27,10836.06,M273685240,0.0,0.0,0,0
228,CASH_OUT,732597.39,C157816100,732597.39,0.0,C734144346,36758.7,769356.09,1,0
59,PAYMENT,6250.91,C117667079,23128.82,16877.91,M762590264,0.0,0.0,0,0
397,PAYMENT,1022.62,C956420545,1997.12,974.5,M471327041,0.0,0.0,0,0
553,PAYMENT,261.36,C110366990,3616.1,3354.74,M665428437,0.0,0.0,0,0
485,PAYMENT,8592.35,C145462965,10704.86,2112.51,M352677889,0.0,0.0,0,0
701,PAYMENT,4313.22,C625492625,4984.64,671.42,M626908124,0.0,0.0,0,0
657,PAYMENT,12251.1,C378247442,14869.63,2618.53,M994482440,0.0,0.0,0,0
575,PAYMENT,21164.99,C135704094,24200.6,3035.61,M373480937,0.0,0.0,0,0
296,PAYMENT,1516.16,C387665627,5407.99,3891.83,M286272136,0.0,0.0,0,0
161,PAYMENT,1808.26,C689579965,12137.9,10329.64,M225314640,0.0,0.0,0,0
738,PAYMENT,542.91,C617836307,22980.27,22437.36,M961176097,0.0,0.0,0,0
576,CASH_OUT,44217.43,C568811760,64296.02,20078.59,C850387164,86451.65,130669.08,0,0
274,TRANSFER,7939.24,C883621170,82657.15,74717.91,C922977678,55044.86,62984.1,0,0
637,PAYMENT,786.76,C583691071,1830.33,1043.57,M717433818,0.0,0.0,0,0
47,CASH_IN,1405.18,C119815005,4374.35,5779.53,C391809973,73442.7,72037.52,0,0
272,PAYMENT,3869.32,C965113182,21145.74,17276.42,M511755484,0.0,0.0,0,0
26,CASH_IN,19883.65,C172723232,14044.49,33928.14,C636458192,36599.99,16716.34,0,0
386,CASH_OUT,151250.61,C684169794,153178.99,1928.38,C759963433,8929.1,160179.71,0,0
75,CASH_OUT,9812.24,C443594773,14789.44,4977.2,C528101317,15117.59,24929.83,0,0
711,CASH_OUT,90763.79,C934785274,112048.37,21284.58,C648000891,270366.78,361130.57,0,0
372,DEBIT,4247.24,C315573782,8801.45,4554.21,C919752678,12262.73,16509.97,0,0
531,CASH_OUT,42493.27,C203240993,80841.57,38348.3,C899042509,65581.07,108074.34,0,0
339,CASH_OUT,10049.92,C106848008,26406.04,16356.12,C869583116,3208.43,13258.35,0,0
440,PAYMENT,3822.87,C488742392,13911.61,10088.74,M440589255,0.0,0.0,0,0
77,PAYMENT,5363.69,C635142102,17285.73,11922.04,M387509084,0.0,0.0,0,0
193,CASH_OUT,689924.89,C684539149,689924.89,0.0,C214561047,33723.19,723648.08,1,0
250,PAYMENT,7619.21,C771160291,16595.94,8976.73,M974552879,0.0,0.0,0,0
435,CASH_OUT,30229.79,C255005457,43300.41,13070.62,C502970486,43838.61,74068.4,0,0
395,TRANSFER,2164.98,C733176091,69608.87,67443.89,C468490481,4545.19,6710.17,0,0
516,DEBIT,9289.21,C337157905,10390.23,1101.02,C778568242,17933.19,27222.4,0,0
702,CASH_OUT,43224.29,C228348999,79080.94,35856.65,C342859885,8708.72,51933.01,0,0
221,CASH_OUT,47047.82,C983548560,57420.49,10372.67,C724886365,2530.27,49578.09,0,0
492,CASH_IN,12807.24,C773765711,11256.09,24063.33,C146306710,33986.37,21179.13,0,0
79,CASH_OUT,47928.23,C798357365,51860.64,3932.41,C880854456,14555.28,62483.51,0,0
188,PAYMENT,1026.38,C402129536,7274.3,6247.92,M511480882,0.0,0.0,0,0
212,TRANSFER,9283.33,C179512714,14057.92,4774.59,C726888047,35861.54,45144.87,0,0
590,PAYMENT,3912.38,C937874438,11911.47,7999.09,M972649795,0.0,0.0,0,0
95,PAYMENT,14070.74,C247468746,19778.8,5708.06,M857905092,0.0,0.0,0,0
666,PAYMENT,9507.44,C950926577,11386.06,1878.62,M691567029,0.0,0.0,0,0
171,PAYMENT,9235.35,C384809787,10930.01,1694.66,M259445020,0.0,0.0,0,0
194,TRANSFER,11810.73,C112187330,15668.08,3857.35,C361581596,25311.08,37121.81,0,0
344,CASH_OUT,13475.41,C494253058,23488.5,10013.09,C675750912,18653.82,32129.23,0,0
353,CASH_OUT,1720.74,C806422153,4642.25,2921.51,C793720033,15413.4,17134.14,0,0
407,PAYMENT,6420.1,C219654203,12005.95,5585.85,M485129416,0.0,0.0,0,0
21,PAYMENT,1892.05,C896855982,11229.77,9337.72,M656657737,0.0,0.0,0,0
299,CASH_IN,8658.61,C954191024,49242.33,57900.94,C654958202,129280.94,120622.33,0,0
25,CASH_OUT,35109.01,C503102291,35335.3,226.29,C834521072,12121.62,47230.63,0,0
374,CASH_IN,17216.74,C842824380,148839.35,166056.09,C477267400,22094.51,4877.77,0,0
438,TRANSFER,7988.13,C462478847,8498.77,510.64,C143568804,5223.41,13211.54,0,0
734,PAYMENT,348.53,C208283973,12462.5,12113.97,M494678658,0.0,0.0,0,0
509,CASH_IN,10208.77,C747424001,69860.6,80069.37,C287505357,16722.95,6514.18,0,0
60,CASH_OUT,31642.5,C460002742,45130.67,13488.17,C716460706,24640.82,56283.32,0,0
283,PAYMENT,6641.08,C607508440,13470.78,6829.7,M579388519,0.0,0.0,0,0
629,TRANSFER,10391.68,C959584238,36057.09,25665.41,C956730077,102649.12,113040.8,0,0
361,CASH_OUT,1589.28,C174654947,30514.98,28925.7,C206404066,72176.28,73765.56,0,0
665,CASH_OUT,132226.24,C785861223,155218.18,22991.94,C306539020,42618.03,174844.27,0,0
402,CASH_OUT,86316.26,C162683371,153146.72,66830.46,C523419480,39094.69,125410.95,0,0
106,CASH_IN,15769.15,C819193296,47857.95,63627.1,C385814475,56444.23,40675.08,0,0
474,PAYMENT,3690.86,C614834048,16247.14,12556.28,M361931005,0.0,0.0,0,0
179,CASH_IN,28026.48,C203668970,9886.53,37913.01,C732078203,30897.59,2871.11,0,0
294,TRANSFER,36288.17,C461213937,107033.15,70744.98,C121763103,13070.97,49359.14,0,0
394,TRANSFER,25512.52,C538826805,48177.21,22664.69,C367652593,9196.86,34709.38,0,0
205,CASH_OUT,24999.33,C396182504,30839.36,5840.03,C779160896,94060.4,119059.73,0,0
490,CASH_IN,67923.63,C443307049,259042.87,326966.5,C788487145,178164.78,110241.15,0,0
335,PAYMENT,3560.52,C930904163,16374.28,12813.76,M339436954,0.0,0.0,0,0
451,CASH_OUT,111176.83,C436097712,124432.61,13255.78,C436544117,104408.51,215585.34,0,0
197,PAYMENT,4962.09,C955140257,11918.1,6956.01,M583895555,0.0,0.0,0,0
678,PAYMENT,48.8,C448114882,18925.19,18876.39,M625453543,0.0,0.0,0,0
477,CASH_OUT,17409.46,C872048663,49141.78,31732.32,C279361056,20577.98,37987.44,0,0
520,TRANSFER,484.94,C450151894,25521.26,25036.32,C416910300,29777.31,30262.25,0,0
69,PAYMENT,9079.67,C676527744,22932.76,13853.09,M762825332,0.0,0.0,0,0
454,CASH_IN,15758.43,C631207376,1336.04,17094.47,C541987295,173569.61,157811.18,0,0
371,TRANSFER,862652.01,C666040126,862652.01,0.0,C589776665,0.0,0.0,1,0
540,PAYMENT,1270.07,C175673567,36053.54,34783.47,M680416469,0.0,0.0,0,0
493,PAYMENT,3988.33,C858550034,10548.14,6559.81,M318997128,0.0,0.0,0,0
191,CASH_IN,63546.35,C448254622,19615.46,83161.81,C362584110,180227.91,116681.56,0,0
500,DEBIT,2644.76,C485871523,5831.49,3186.73,C549933304,408.29,3053.05,0,0
293,CASH_OUT,4664.24,C412931101,5862.49,1198.25,C824263644,76457.61,81121.85,0,0
428,CASH_OUT,13180.84,C304587594,22186.28,9005.44,C594152599,6907.0,20087.84,0,0
366,PAYMENT,1842.05,C207579829,9338.59,7496.54,M488439270,0.0,0.0,0,0
30,DEBIT,104.81,C975287853,5865.56,5760.75,C333481691,1324.81,1429.62,0,0
715,CASH_OUT,9316.83,C934636491,71276.69,61959.86,C895744740,12384.87,21701.7,0,0
335,PAYMENT,4322.59,C621194376,11827.81,7505.22,M863548615,0.0,0.0,0,0
131,CASH_OUT,71872.74,C839672046,164196.93,92324.19,C858490714,60165.58,132038.32,0,0
243,CASH_IN,101995.77,C785095681,41595.39,143591.16,C376886466,207241.8,105246.03,0,0
113,CASH_IN,49389.02,C758115577,35386.4,84775.42,C898238947,147174.43,97785.41,0,0
616,TRANSFER,52676.21,C973628083,68610.17,15933.96,C417100953,6957.4,59633.61,0,0
578,PAYMENT,13149.18,C810345197,14927.29,1778.11,M348476815,0.0,0.0,0,0
627,PAYMENT,5987.92,C380197785,6524.5,536.58,M921281610,0.0,0.0,0,0
172,CASH_IN,8803.28,C315291384,11826.74,20630.02,C567488830,306195.98,297392.7,0,0
187,CASH_OUT,56293.7,C589444414,70418.19,14124.49,C135220348,6339.07,62632.77,0,0
356,CASH_OUT,10313.97,C457781859,15265.98,4952.01,C923759677,11928.92,22242.89,0,0
188,CASH_OUT,6009.86,C125215379,22157.19,16147.33,C498030649,17228.5,23238.36,0,0
619,CASH_OUT,23860.4,C344699440,41225.8,17365.4,C799661759,55643.68,79504.08,0,0
385,PAYMENT,1469.24,C712285252,26979.2,25509.96,M336579070,0.0,0.0,0,0
155,PAYMENT,6197.64,C350395589,18821.69,12624.05,M398521829,0.0,0.0,0,0
198,PAYMENT,4114.95,C836017380,4576.55,461.6,M931464734,0.0,0.0,0,0
671,CASH_OUT,110989.7,C218314821,126052.68,15062.98,C353341644,17437.6,128427.3,0,0
655,PAYMENT,21646.4,C749585185,25299.32,3652.92,M178460370,0.0,0.0,0,0
709,CASH_IN,322.72,C847558198,7159.67,7482.39,C340473304,52182.18,51859.46,0,0
616,CASH_IN,4184.73,C425496104,44726.56,48911.29,C751743678,29897.97,25713.24,0,0
708,PAYMENT,332.34,C803143044,20822.02,20489.68,M300792822,0.0,0.0,0,0
219,CASH_OUT,53548.65,C227163247,69099.02,15550.37,C207680300,22026.94,75575.59,0,0
195,PAYMENT,7867.12,C534440483,40420.27,32553.15,M867115126,0.0,0.0,0,0
726,PAYMENT,1513.91,C335519405,17798.3,16284.39,M751531885,0.0,0.0,0,0
139,DEBIT,485.19,C492857351,6328.33,5843.14,C300281403,37671.4,38156.59,0,0
143,CASH_OUT,1429722.56,C968217416,1429722.56,0.0,C478619305,45140.4,1474862.96,1,1
154,CASH_OUT,83680.63,C672970787,83730.87,50.24,C220460636,36146.8,119827.43,0,0
412,PAYMENT,1642.21,C331274983,27974.97,26332.76,M481333171,0.0,0.0,0,0
53,CASH_IN,101243.77,C381808367,174764.0,276007.77,C359458682,121388.56,20144.79,0,0
386,CASH_OUT,28530.89,C353261448,43340.01,14809.12,C664080078,14735.02,43265.91,0,0
629,CASH_OUT,43390.19,C824605916,52742.69,9352.5,C940782370,24813.28,68203.47,0,0
319,PAYMENT,15608.71,C444787878,22328.4,6719.69,M727073899,0.0,0.0,0,0
670,PAYMENT,508.22,C908797458,3115.48,2607.26,M261135968,0.0,0.0,0,0
518,TRANSFER,3150.95,C684595070,21895.19,18744.24,C437802307,9767.66,12918.61,0,0
468,CASH_IN,16748.85,C414017483,72329.17,89078.02,C519631060,77661.73,60912.88,0,0
80,PAYMENT,889.24,C850049111,935.79,46.55,M992309044,0.0,0.0,0,0
637,CASH_OUT,23807.25,C653908364,75433.93,51626.68,C182021402,38381.46,62188.71,0,0
85,CASH_OUT,7310.76,C854930063,14443.46,7132.7,C861977187,2312.21,9622.97,0,0
349,CASH_OUT,93120.41,C943708860,99865.43,6745.02,C501421518,11094.36,104214.77,0,0
23,PAYMENT,1100.51,C337367997,27143.19,26042.68,M814820343,0.0,0.0,0,0
618,CASH_OUT,8062.17,C428812885,55693.5,47631.33,C822434470,14335.49,22397.66,0,0
162,CASH_IN,83649.74,C645922923,56791.68,140441.42,C437177030,103354.93,19705.19,0,0
229,CASH_OUT,1772.98,C550418476,29507.31,27734.33,C171773627,30603.46,32376.44,0,0
403,PAYMENT,3411.5,C822094337,16755.5,13344.0,M961340916,0.0,0.0,0,0
623,CASH_OUT,77213.12,C229423883,80698.5,3485.38,C206772472,17754.69,94967.81,0,0
724,PAYMENT,1245.08,C112742983,26812.32,25567.24,M428696669,0.0,0.0,0,0
700,PAYMENT,11073.92,C238673169,19098.22,8024.3,M746132960,0.0,0.0,0,0
254,CASH_OUT,20272.37,C299053594,38234.44,17962.07,C904346939,27324.08,47596.45,0,0
510,PAYMENT,5468.81,C592879223,16898.77,11429.96,M475892584,0.0,0.0,0,0
295,PAYMENT,2984.36,C968704426,18696.07,15711.71,M655119756,0.0,0.0,0,0
677,CASH_OUT,125682.03,C970875944,132383.08,6701.05,C579176807,43309.42,168991.45,0,0
81,PAYMENT,7255.9,C411500569,15709.34,8453.44,M352984376,0.0,0.0,0,0
674,TRANSFER,2734.68,C543191804,45275.79,42541.11,C536749230,64493.96,67228.64,0,0
612,PAYMENT,4796.08,C910557036,7422.22,2626.14,M333640972,0.0,0.0,0,0
189,CASH_IN,65549.13,C913324592,40990.68,106539.81,C929395819,228343.68,162794.55,0,0
16,PAYMENT,1851.81,C667505928,9995.58,8143.77,M470702849,0.0,0.0,0,0
621,TRANSFER,31803.33,C435963951,102384.8,70581.47,C850230836,54626.07,86429.4,0,0
204,CASH_OUT,26753.45,C310482927,86136.26,59382.81,C646562527,7403.56,34157.01,0,0
23,CASH_OUT,32603.7,C276096416,49475.99,16872.29,C729356807,32977.81,65581.51,0,0
463,PAYMENT,11088.65,C997283885,11383.68,295.03,M654149760,0.0,0.0,0,0
299,DEBIT,11126.24,C295211472,14733.42,3607.18,C875619438,21488.62,32614.86,0,0
237,CASH_OUT,18300.33,C133651835,52151.9,33851.57,C674214772,59270.97,77571.3,0,0
14,TRANSFER,36472.54,C957706778,42968.19,6495.65,C637176869,13636.81,50109.35,0,0
655,CASH_IN,20753.0,C704726379,1653.53,22406.53,C144177592,69543.01,48790.01,0,0
373,DEBIT,11098.21,C517100872,13260.28,2162.07,C765618220,14827.47,25925.68,0,0
732,PAYMENT,13611.25,C880252134,18682.55,5071.3,M873265863,0.0,0.0,0,0
45,PAYMENT,5589.76,C906204812,35673.18,30083.42,M418527749,0.0,0.0,0,0
63,TRANSFER,4763.97,C334422207,33001.89,28237.92,C314015883,17572.23,22336.2,0,0
680,PAYMENT,7856.22,C856397473,43020.09,35163.87,M154593596,0.0,0.0,0,0
354,PAYMENT,5725.6,C659737799,10388.52,4662.92,M854425807,0.0,0.0,0,0
106,CASH_OUT,18273.66,C277316964,70027.2,51753.54,C912762470,15998.0,34271.66,0,0
294,DEBIT,4189.9,C668154170,28914.29,24724.39,C106452689,2606.81,6796.71,0,0
642,TRANSFER,70872.73,C774800849,142425.58,71552.85,C439329217,2650.09,73522.82,0,0
64,PAYMENT,32866.64,C773991247,40032.04,7165.4,M356123645,0.0,0.0,0,0
247,PAYMENT,1731.42,C480397409,6389.95,4658.53,M374497054,0.0,0.0,0,0
28,PAYMENT,2485.96,C329936273,19313.06,16827.1,M962144799,0.0,0.0,0,0
673,PAYMENT,1732.44,C896285237,6359.03,4626.59,M843336599,0.0,0.0,0,0
571,PAYMENT,6276.66,C978354696,11425.51,5148.85,M586764876,0.0,0.0,0,0
731,CASH_IN,3264.58,C655682843,84149.55,87414.13,C126308246,34476.01,31211.43,0,0
105,CASH_OUT,29685.36,C709103214,32234.34,2548.98,C376866139,111142.97,140828.33,0,0
191,PAYMENT,293.85,C807775564,5562.06,5268.21,M580065590,0.0,0.0,0,0
507,CASH_OUT,16469.89,C774366422,36892.8,20422.91,C637469260,15206.43,31676.32,0,0
283,CASH_OUT,67667.98,C147878676,115566.59,47898.61,C552976585,17993.86,85661.84,0,0
415,PAYMENT,5039.55,C109760099,8854.24,3814.69,M111751042,0.0,0.0,0,0
35,TRANSFER,1209720.21,C445349762,1209720.21,0.0,C888575970,0.0,0.0,1,0
266,CASH_OUT,28365.37,C996731787,48902.73,20537.36,C582203421,139433.21,167798.58,0,0
370,PAYMENT,3129.43,C124239388,16333.36,13203.93,M204033535,0.0,0.0,0,0
580,CASH_OUT,47610.38,C153479589,49276.98,1666.6,C966264703,2704.33,50314.71,0,0
170,CASH_OUT,61591.48,C600843176,95351.62,33760.14,C691653679,76432.98,138024.46,0,0
255,PAYMENT,324.89,C113067625,1266.18,941.29,M738873558,0.0,0.0,0,0
428,TRANSFER,56836.76,C784231835,76834.01,19997.25,C591930330,24330.73,81167.49,0,0
196,CASH_IN,16285.96,C936705569,8276.55,24562.51,C121999564,17917.76,1631.8,0,0
555,CASH_OUT,8152.37,C799090328,133122.2,124969.83,C854292113,30331.89,38484.26,0,0
444,TRANSFER,63104.59,C101956996,107811.35,44706.76,C207905199,68711.0,131815.59,0,0
509,CASH_IN,119155.33,C268446858,23637.66,142792.99,C978320859,170794.94,51639.61,0,0
536,CASH_IN,2361.37,C374329037,52420.88,54782.25,C441694771,26221.89,23860.52,0,0
129,CASH_OUT,55500.45,C856551960,78103.84,22603.39,C588878328,45220.55,100721.0,0,0
175,PAYMENT,4157.31,C167565365,23008.96,18851.65,M994393362,0.0,0.0,0,0
357,PAYMENT,3236.5,C685103034,13331.26,10094.76,M603143300,0.0,0.0,0,0
724,CASH_OUT,37183.87,C435483603,60342.23,23158.36,C151011801,9864.12,47047.99,0,0
537,CASH_IN,16258.52,C307947065,27657.01,43915.53,C141871397,58706.81,42448.29,0,0
63,CASH_OUT,214125.4,C433095909,223843.44,9718.04,C544345116,12206.96,226332.36,0,0
313,CASH_OUT,16140.69,C955102248,21354.13,5213.44,C613060134,27991.3,44131.99,0,0
267,PAYMENT,20783.41,C298153705,25234.13,4450.72,M454539650,0.0,0.0,0,0
291,PAYMENT,454.56,C935483545,14344.47,13889.91,M560474746,0.0,0.0,0,0
473,CASH_IN,93334.57,C907820054,120314.56,213649.13,C969939491,230489.34,137154.77,0,0
698,CASH_OUT,7924.03,C442683240,15353.09,7429.06,C738590420,10012.75,17936.78,0,0
637,CASH_OUT,31222.89,C493944304,75623.03,44400.14,C408535412,65542.3,96765.19,0,0
625,TRANSFER,1441101.73,C163335698,1441101.73,0.0,C243094544,0.0,1441101.73,1,0
440,PAYMENT,8267.67,C847183736,16162.5,7894.83,M371440585,0.0,0.0,0,0
102,CASH_OUT,20214.16,C710275467,59622.19,39408.03,C432116802,116229.21,136443.37,0,0
663,CASH_IN,22669.75,C570215255,2043.25,24713.0,C762568748,23720.75,1051.0,0,0
345,PAYMENT,365.14,C315861222,25626.36,25261.22,M414574878,0.0,0.0,0,0
151,PAYMENT,2196.49,C181231645,14047.25,11850.76,M476392968,0.0,0.0,0,0
191,PAYMENT,2349.67,C139830167,3976.7,1627.03,M548353841,0.0,0.0,0,0
239,PAYMENT,3844.25,C771137360,6463.38,2619.13,M115960516,0.0,0.0,0,0
29,PAYMENT,2493.78,C595969469,6740.73,4246.95,M518570427,0.0,0.0,0,0
565,PAYMENT,2160.47,C129635867,8592.57,6432.1,M100591145,0.0,0.0,0,0
670,CASH_IN,36284.56,C303963615,18883.7,55168.26,C931865632,85694.96,49410.4,0,0
158,CASH_OUT,56936.02,C590536191,58688.43,1752.41,C646332497,15101.53,72037.55,0,0
625,CASH_OUT,15237.81,C947818097,40142.88,24905.07,C949621045,3399.67,18637.48,0,0
160,DEBIT,11841.69,C507826191,27089.29,15247.6,C226605328,12361.67,24203.36,0,0
127,PAYMENT,2268.01,C622366356,5217.47,2949.46,M357159566,0.0,0.0,0,0
606,CASH_OUT,64604.59,C480526368,93385.27,28780.68,C103128253,31250.99,95855.58,0,0
22,CASH_IN,33526.69,C797997259,108255.45,141782.14,C977296833,56790.54,23263.85,0,0
89,CASH_IN,50614.34,C558455469,29964.75,80579.09,C573074814,164993.69,114379.35,0,0
278,CASH_OUT,25572.83,C867670244,116354.97,90782.14,C982628577,36856.92,62429.75,0,0
222,PAYMENT,782.84,C383276629,13955.15,13172.31,M835335169,0.0,0.0,0,0
339,TRANSFER,80255.8,C622982595,105318.67,25062.87,C307033605,37349.53,117605.33,0,0
499,CASH_OUT,29911.1,C785343411,36493.13,6582.03,C250630009,6071.7,35982.8,0,0
188,DEBIT,6634.97,C969568455,22309.56,15674.59,C288646680,1197.46,7832.43,0,0
442,TRANSFER,15354.82,C921812565,46732.84,31378.02,C283869955,18469.45,33824.27,0,0
86,DEBIT,2401.03,C483843267,6355.19,3954.16,C999490297,20509.28,22910.31,0,0
715,CASH_IN,68069.19,C431149549,7276.18,75345.37,C215079226,196162.33,128093.14,0,0
298,CASH_IN,17926.39,C656859752,24858.31,42784.7,C898731909,112579.86,94653.47,0,0
323,CASH_OUT,737745.69,C225128235,737745.69,0.0,C567750897,9441.23,747186.92,1,1
608,PAYMENT,15770.25,C556028050,22437.58,6667.33,M911095165,0.0,0.0,0,0
712,PAYMENT,3112.95,C659686618,14376.48,11263.53,M792470719,0.0,0.0,0,0
20,CASH_OUT,134978.36,C452959964,154634.92,19656.56,C538606777,96671.37,231649.73,0,0
123,CASH_OUT,5170.03,C885517219,10724.08,5554.05,C253888301,12232.58,17402.61,0,0
494,CASH_OUT,659.35,C735862940,8738.89,8079.54,C410619907,20002.97,20662.32,0,0
339,PAYMENT,7222.7,C161761554,13711.54,6488.84,M833681323,0.0,0.0,0,0
24,PAYMENT,4730.74,C576494586,5806.43,1075.69,M679159670,0.0,0.0,0,0
419,CASH_OUT,3605.7,C577405444,9645.02,6039.32,C242690363,144668.13,148273.83,0,0
507,PAYMENT,2094.65,C141458963,10388.09,8293.44,M243642232,0.0,0.0,0,0
30,CASH_OUT,18071.4,C199134066,37022.56,18951.16,C405252871,23073.83,41145.23,0,0
31,DEBIT,8290.53,C798437686,13772.51,5481.98,C237515463,4236.92,12527.45,0,0
74,PAYMENT,3709.39,C578257604,3786.67,77.28,M299946286,0.0,0.0,0,0
707,CASH_OUT,27128.68,C155716957,27128.68,0.0,C495803548,46733.59,73862.27,1,0
697,PAYMENT,529.13,C150475584,40765.05,40235.92,M942697519,0.0,0.0,0,0
654,CASH_OUT,48485.98,C286309369,49642.16,1156.18,C600090953,28282.72,76768.7,0,0
273,CASH_OUT,63845.55,C299402946,79376.49,15530.94,C688063850,69718.78,133564.33,0,0
501,CASH_OUT,125585.84,C820611010,136684.74,11098.9,C869679543,82748.72,208334.56,0,0
311,TRANSFER,6499.09,C978801293,63465.73,56966.64,C780699712,8560.87,15059.96,0,0
308,CASH_OUT,4590.27,C373647018,5027.84,437.57,C343583051,36057.34,40647.61,0,0
128,PAYMENT,1898.12,C197950813,3380.8,1482.68,M327212559,0.0,0.0,0,0
380,PAYMENT,3645.34,C750584861,51772.88,48127.54,M607527699,0.0,0.0,0,0
371,TRANSFER,76701.43,C428162481,78111.91,1410.48,C950935143,7042.4,83743.83,0,0
197,CASH_OUT,3477.87,C821220356,11043.79,7565.92,C831272292,15134.67,18612.54,0,0
667,CASH_OUT,51690.45,C914494113,53612.44,1921.99,C871123483,846.99,52537.44,0,0
716,TRANSFER,99173.73,C388309490,109781.98,10608.25,C313424494,89751.82,188925.55,0,0
599,DEBIT,1295.26,C685379577,5824.09,4528.83,C523720143,7693.87,8989.13,0,0
735,PAYMENT,8911.81,C566295988,22683.63,13771.82,M173506566,0.0,0.0,0,0
603,CASH_IN,4660.17,C961922345,1673.38,6333.55,C567662611,60843.22,56183.05,0,0
37,PAYMENT,439.12,C869240501,8536.76,8097.64,M195477680,0.0,0.0,0,0
305,PAYMENT,8208.76,C922520302,26789.21,18580.45,M705827795,0.0,0.0,0,0
695,CASH_OUT,13373.19,C656447761,80692.31,67319.12,C865260954,76845.79,90218.98,0,0
274,CASH_IN,11420.19,C361289702,102527.2,113947.39,C179847556,22589.11,11168.92,0,0
20,PAYMENT,14327.11,C650401338,17801.89,3474.78,M324483284,0.0,0.0,0,0
351,PAYMENT,4204.81,C391180241,4633.58,428.77,M182765846,0.0,0.0,0,0
252,PAYMENT,4188.93,C985678018,5806.88,1617.95,M245905716,0.0,0.0,0,0
487,PAYMENT,7623.9,C356239809,52467.07,44843.17,M205720329,0.0,0.0,0,0
605,PAYMENT,8006.17,C149430031,13152.77,5146.6,M508093406,0.0,0.0,0,0
235,CASH_OUT,14041.95,C623139861,40155.67,26113.72,C110617218,21766.49,35808.44,0,0
723,PAYMENT,19449.39,C221433737,20375.89,926.5,M645381898,0.0,0.0,0,0
219,CASH_OUT,539176.59,C947997968,539176.59,0.0,C725050662,21694.08,560870.67,1,1
397,CASH_OUT,236787.15,C406290612,252126.23,15339.08,C545664020,178877.12,415664.27,0,0
6,PAYMENT,2480.2,C839391015,6969.48,4489.28,M252634192,0.0,0.0,0,0
438,PAYMENT,4843.3,C315836468,20810.05,15966.75,M797282099,0.0,0.0,0,0
725,DEBIT,1412.95,C394498444,5388.41,3975.46,C395768022,21561.04,22973.99,0,0
2,PAYMENT,679.93,C315583254,13562.17,12882.24,M861217382,0.0,0.0,0,0
290,PAYMENT,8864.0,C267381548,13991.87,5127.87,M746904975,0.0,0.0,0,0
480,CASH_OUT,16210.1,C127053211,22693.93,6483.83,C891432351,48018.15,64228.25,0,0
70,PAYMENT,14713.3,C210320799,23756.93,9043.63,M386891247,0.0,0.0,0,0
315,CASH_IN,39688.86,C616065391,37000.62,76689.48,C180170096,157033.83,117344.97,0,0
205,CASH_IN,37208.12,C541176734,69564.18,106772.3,C776477773,127020.28,89812.16,0,0
332,PAYMENT,5869.84,C222282996,14890.58,9020.74,M102412712,0.0,0.0,0,0
266,TRANSFER,48660.01,C301727794,69848.68,21188.67,C496240191,10962.02,59622.03,0,0
4,PAYMENT,17029.81,C649973369,30121.03,13091.22,M880285588,0.0,0.0,0,0
541,PAYMENT,1917.14,C180426902,2565.04,647.9,M854019047,0.0,0.0,0,0
532,CASH_OUT,49800.96,C690275118,91190.17,41389.21,C880895827,3116.44,52917.4,0,0
326,PAYMENT,6153.69,C792841180,13208.97,7055.28,M142106022,0.0,0.0,0,0
585,CASH_OUT,45627.78,C393694685,111393.21,65765.43,C518115190,1879.74,47507.52,0,0
297,CASH_IN,8192.88,C199845426,16514.06,24706.94,C621216430,51733.76,43540.88,0,0
676,PAYMENT,1945.49,C842484622,13951.41,12005.92,M197863997,0.0,0.0,0,0
369,CASH_OUT,7023.99,C450075534,75443.32,68419.33,C662054565,66726.67,73750.66,0,0
419,CASH_IN,38211.26,C371840772,74850.9,113062.16,C502538557,136517.61,98306.35,0,0
455,PAYMENT,1007.74,C812301451,7130.31,6122.57,M581509442,0.0,0.0,0,0
653,PAYMENT,3847.12,C172184125,21727.76,17880.64,M209800131,0.0,0.0,0,0
207,PAYMENT,896.93,C697961438,17797.5,16900.57,M546182155,0.0,0.0,0,0
624,PAYMENT,5035.82,C143582180,19824.4,14788.58,M241455556,0.0,0.0,0,0
53,PAYMENT,9363.33,C859278549,9409.78,46.45,M600168008,0.0,0.0,0,0
500,CASH_OUT,4622.86,C725181482,62131.81,57508.95,C433772487,61733.28,66356.14,0,0
583,PAYMENT,15572.06,C739793962,25078.66,9506.6,M617913836,0.0,0.0,0,0
402,PAYMENT,7053.68,C832790522,18277.72,11224.04,M894666768,0.0,0.0,0,0
126,CASH_OUT,84996.16,C395016673,102790.89,17794.73,C212503505,7165.25,92161.41,0,0
548,TRANSFER,596309.37,C251879119,596309.37,0.0,C760815255,0.0,0.0,1,1
703,PAYMENT,15895.93,C577809333,20045.74,4149.81,M757765830,0.0,0.0,0,0
345,TRANSFER,22963.47,C703151670,82017.42,59053.95,C744286075,11967.35,34930.82,0,0
92,CASH_IN,25523.1,C691727438,36247.8,61770.9,C366160775,131032.18,105509.08,0,0
449,TRANSFER,27902.91,C631818894,39969.96,12067.05,C959139667,167753.02,195655.93,0,0
156,TRANSFER,5566.28,C837569886,11587.03,6020.75,C736534368,37444.44,43010.72,0,0
78,CASH_OUT,16663.6,C564151752,34575.52,17911.92,C294541119,19399.83,36063.43,0,0
508,PAYMENT,5885.39,C239176715,27642.35,21756.96,M156590535,0.0,0.0,0,0
329,TRANSFER,85277.01,C509577335,108334.46,23057.45,C601329375,139300.26,224577.27,0,0
134,TRANSFER,1040646.51,C228924802,1040646.51,0.0,C797831331,0.0,0.0,1,0
493,CASH_OUT,35265.77,C617774378,42344.34,7078.57,C487547710,4731.02,39996.79,0,0
81,CASH_OUT,52928.67,C257169257,66954.3,14025.63,C209852466,24298.79,77227.46,0,0
43,PAYMENT,9573.83,C218624860,11775.39,2201.56,M736679933,0.0,0.0,0,0
19,CASH_IN,33041.53,C529008464,26507.62,59549.15,C786869610,108378.83,75337.3,0,0
243,PAYMENT,10741.68,C572274973,16250.62,5508.94,M716310775,0.0,0.0,0,0
679,PAYMENT,147.96,C879278166,35416.16,35268.2,M231450665,0.0,0.0,0,0
119,PAYMENT,129.15,C190297777,10415.67,10286.52,M844564963,0.0,0.0,0,0
165,PAYMENT,463.72,C925375609,4573.56,4109.84,M682369589,0.0,0.0,0,0
264,CASH_OUT,32239.81,C989627923,55077.97,22838.16,C769203514,95533.64,127773.45,0,0
326,CASH_OUT,59855.57,C696509427,62435.09,2579.52,C323376572,26610.05,86465.62,0,0
259,CASH_IN,27941.33,C985394817,64209.28,92150.61,C395946214,94109.45,66168.12,0,0
638,CASH_OUT,71716.3,C430689340,85485.28,13768.98,C571138383,12856.25,84572.55,0,0
477,CASH_IN,23900.96,C831434090,38439.94,62340.9,C718730922,105210.24,81309.28,0,0
420,CASH_OUT,2367.66,C619664183,4822.34,2454.68,C501531622,17694.52,20062.18,0,0
637,PAYMENT,3581.11,C579475621,8380.69,4799.58,M951292850,0.0,0.0,0,0
173,PAYMENT,12479.2,C580405126,21243.17,8763.97,M667041476,0.0,0.0,0,0
367,PAYMENT,7583.42,C842743185,33226.85,25643.43,M148063300,0.0,0.0,0,0
455,CASH_OUT,239.09,C986999080,78988.36,78749.27,C533067928,111431.63,111670.72,0,0
697,CASH_IN,33899.85,C530744177,1988.6,35888.45,C585882958,117243.15,83343.3,0,0
171,TRANSFER,744128.7,C478507466,744128.7,0.0,C554490597,0.0,744128.7,1,0
609,PAYMENT,13195.03,C836957937,17566.15,4371.12,M627733211,0.0,0.0,0,0
207,PAYMENT,11080.66,C942887277,29209.92,18129.26,M434288515,0.0,0.0,0,0
683,PAYMENT,2725.8,C359055951,4963.56,2237.76,M371838145,0.0,0.0,0,0
650,PAYMENT,6312.33,C960890997,13095.54,6783.21,M461908423,0.0,0.0,0,0
433,CASH_IN,51280.46,C970225886,36478.52,87758.98,C121440973,55596.04,4315.58,0,0
725,PAYMENT,9636.22,C920565682,12391.17,2754.95,M720700454,0.0,0.0,0,0
708,CASH_OUT,38590.06,C981279953,51259.15,12669.09,C361680517,28642.27,67232.33,0,0
158,PAYMENT,1320.72,C130636825,10161.12,8840.4,M253881495,0.0,0.0,0,0
381,CASH_IN,35327.15,C664036106,75389.52,110716.67,C288278298,52484.74,17157.59,0,0
75,CASH_OUT,55333.51,C469841944,64564.28,9230.77,C240598790,9588.05,64921.56,0,0
494,CASH_OUT,5920.75,C356509581,39502.36,33581.61,C763580242,54455.86,60376.61,0,0
463,CASH_OUT,3374.28,C933500642,35137.5,31763.22,C632314815,11019.79,14394.07,0,0
313,PAYMENT,9256.11,C349547830,11280.37,2024.26,M165600618,0.0,0.0,0,0
611,PAYMENT,2034.17,C499799735,3380.29,1346.12,M170459542,0.0,0.0,0,0
486,PAYMENT,2779.29,C755751093,9716.32,6937.03,M487367022,0.0,0.0,0,0
164,PAYMENT,6704.09,C300528259,10028.1,3324.01,M791379170,0.0,0.0,0,0
502,CASH_OUT,38223.63,C342237698,69814.15,31590.52,C938415688,12911.92,51135.55,0,0
549,PAYMENT,2118.6,C649998441,14721.02,12602.42,M186675289,0.0,0.0,0,0
727,PAYMENT,8513.55,C790150445,20399.43,11885.88,M395476815,0.0,0.0,0,0
505,PAYMENT,2838.85,C891855197,5025.95,2187.1,M890242610,0.0,0.0,0,0
549,CASH_OUT,13703.2,C338383364,62107.85,48404.65,C322883389,102577.01,116280.21,0,0
635,PAYMENT,1192.25,C163774450,17432.44,16240.19,M245353648,0.0,0.0,0,0
419,CASH_OUT,31055.52,C981255770,42239.82,11184.3,C970329860,30320.09,61375.61,0,0
486,TRANSFER,6363.4,C115495610,62194.13,55830.73,C970790043,31091.61,37455.01,0,0
630,PAYMENT,10487.4,C924249508,12827.77,2340.37,M354295291,0.0,0.0,0,0
429,TRANSFER,92259.11,C477600665,111287.57,19028.46,C414287397,8223.16,100482.27,0,0
578,PAYMENT,2706.58,C252579978,6245.93,3539.35,M111823661,0.0,0.0,0,0
630,PAYMENT,1632.93,C101762293,13003.87,11370.94,M784860354,0.0,0.0,0,0
703,CASH_OUT,1068.07,C451981564,8071.98,7003.91,C672932342,33781.53,34849.6,0,0
103,CASH_IN,10533.0,C463844370,45843.89,56376.89,C481342033,62103.92,51570.92,0,0
19,PAYMENT,1155.31,C706350941,22294.87,21139.56,M360968528,0.0,0.0,0,0
165,DEBIT,1871.07,C562491136,20159.04,18287.97,C722915541,722.79,2593.86,0,0
540,PAYMENT,5564.32,C811970902,15882.28,10317.96,M621250176,0.0,0.0,0,0
175,CASH_OUT,13513.74,C851514534,62055.18,48541.44,C393343440,44034.16,57547.9,0,0
386,PAYMENT,4630.4,C703503688,9841.89,5211.49,M393667418,0.0,0.0,0,0
199,PAYMENT,943.14,C322324743,4248.6,3305.46,M762324980,0.0,0.0,0,0
517,PAYMENT,5854.01,C294465541,40452.57,34598.56,M875247465,0.0,0.0,0,0
92,PAYMENT,3400.26,C229166583,33668.33,30268.07,M363609362,0.0,0.0,0,0
143,CASH_IN,93305.22,C501217552,8919.37,102224.59,C163287544,116071.78,22766.56,0,0
109,PAYMENT,13686.17,C259507948,31783.08,18096.91,M829571291,0.0,0.0,0,0
702,CASH_OUT,69600.39,C171388735,73255.18,3654.79,C302677989,4143.1,73743.49,0,0
681,PAYMENT,14572.76,C790784871,21534.87,6962.11,M900858047,0.0,0.0,0,0
216,CASH_OUT,26358.11,C365734207,44441.05,18082.94,C920628424,36735.22,63093.33,0,0
350,PAYMENT,214.78,C765100008,9620.14,9405.36,M380193875,0.0,0.0,0,0
706,PAYMENT,3348.15,C782703788,14947.36,11599.21,M948467143,0.0,0.0,0,0
69,PAYMENT,5228.92,C258591414,9668.73,4439.81,M372410700,0.0,0.0,0,0
263,TRANSFER,57749.28,C632836105,79143.49,21394.21,C100108879,49200.78,106950.06,0,0
106,PAYMENT,2015.73,C878733758,9742.36,7726.63,M544744840,0.0,0.0,0,0
678,CASH_OUT,26258.84,C946324607,33836.68,7577.84,C268801877,4536.27,30795.11,0,0
18,DEBIT,3908.22,C204124410,7054.51,3146.29,C592313235,869.68,4777.9,0,0
84,CASH_IN,90539.92,C789715345,45249.67,135789.59,C894945516,195095.4,104555.48,0,0
39,CASH_IN,97071.8,C693718531,57481.22,154553.02,C607167396,104205.57,7133.77,0,0
581,TRANSFER,576405.74,C490201243,576405.74,0.0,C244220535,0.0,576405.74,1,1
49,PAYMENT,950.52,C809155811,2222.23,1271.71,M790831265,0.0,0.0,0,0
136,CASH_OUT,4115.28,C984159971,17897.15,13781.87,C687067171,29694.69,33809.97,0,0
293,CASH_OUT,27716.44,C236129770,28635.33,918.89,C858325966,15884.04,43600.48,0,0
681,PAYMENT,11866.12,C615310569,18467.97,6601.85,M406305421,0.0,0.0,0,0
307,PAYMENT,386.36,C132758027,1197.62,811.26,M847806763,0.0,0.0,0,0
57,PAYMENT,7322.96,C419415535,10731.39,3408.43,M827339776,0.0,0.0,0,0
655,DEBIT,211.58,C208218055,15412.61,15201.03,C245543400,9250.49,9462.07,0,0
502,CASH_IN,59016.43,C362419013,104941.83,163958.26,C258871322,205460.85,146444.42,0,0
6,DEBIT,1885.26,C113865640,49861.08,47975.82,C885652606,10203.48,12088.74,0,0
615,PAYMENT,1725.36,C546737440,22265.5,20540.14,M146379784,0.0,0.0,0,0
546,PAYMENT,2093.9,C747547812,2391.73,297.83,M459699242,0.0,0.0,0,0
177,DEBIT,454.96,C837900265,6121.81,5666.85,C788375373,1474.61,1929.57,0,0
696,TRANSFER,9704.27,C837079799,59521.94,49817.67,C671626919,7444.78,17149.05,0,0
71,CASH_OUT,246396.47,C299278269,256197.42,9800.95,C513959608,36044.39,282440.86,0,0
9,PAYMENT,7167.72,C367316780,14603.4,7435.68,M869352461,0.0,0.0,0,0
699,PAYMENT,1260.91,C204242186,15043.3,13782.39,M944681796,0.0,0.0,0,0
555,PAYMENT,3769.56,C604298078,6452.37,2682.81,M888244627,0.0,0.0,0,0
604,TRANSFER,83890.84,C269479747,94955.16,11064.32,C989052737,24053.86,107944.7,0,0
7,PAYMENT,3427.35,C738026587,3963.25,535.9,M977703606,0.0,0.0,0,0
575,PAYMENT,2425.67,C394265537,8226.91,5801.24,M979450022,0.0,0.0,0,0
321,CASH_OUT,11172.35,C821591422,37881.12,26708.77,C663920923,17084.49,28256.84,0,0
63,DEBIT,821.2,C683395810,12796.2,11975.0,C874602403,53359.46,54180.66,0,0
712,CASH_OUT,57199.8,C717065178,70907.22,13707.42,C667436004,1973.39,59173.19,0,0
245,PAYMENT,988.85,C748039642,1514.84,525.99,M383672165,0.0,0.0,0,0
733,CASH_OUT,128777.09,C600392816,166549.46,37772.37,C326946084,26634.08,155411.17,0,0
713,CASH_IN,99307.56,C342681652,12235.45,111543.01,C185367037,127895.71,28588.15,0,0
214,CASH_IN,59362.42,C155993154,78735.73,138098.15,C140902358,100127.09,40764.67,0,0
463,TRANSFER,49466.67,C757715896,128730.84,79264.17,C675882717,12321.67,61788.34,0,0
685,PAYMENT,2834.95,C930698500,17668.39,14833.44,M605255373,0.0,0.0,0,0
551,PAYMENT,22220.2,C408579042,26899.31,4679.11,M152705619,0.0,0.0,0,0
5,CASH_OUT,81734.57,C459378652,95062.79,13328.22,C221386925,6902.25,88636.82,0,0
72,DEBIT,5217.21,C535623040,12192.73,6975.52,C926600121,18524.58,23741.79,0,0
186,PAYMENT,1393.04,C280815794,1987.85,594.81,M915356021,0.0,0.0,0,0
344,CASH_OUT,13801.33,C918445820,15797.8,1996.47,C220874488,2872.08,16673.41,0,0
118,TRANSFER,8148.29,C696494553,27581.8,19433.51,C823656221,1248.03,9396.32,0,0
657,PAYMENT,2803.57,C113180195,14226.17,11422.6,M173159821,0.0,0.0,0,0
547,PAYMENT,698.11,C890582482,4375.71,3677.6,M316250767,0.0,0.0,0,0
475,PAYMENT,330.66,C563210178,10268.14,9937.48,M379252320,0.0,0.0,0,0
452,CASH_IN,50478.65,C658659927,161689.69,212168.34,C736256972,61300.75,10822.1,0,0
51,PAYMENT,2976.59,C698824263,13828.8,10852.21,M880468070,0.0,0.0,0,0
471,PAYMENT,3671.49,C133751465,7617.11,3945.62,M926700174,0.0,0.0,0,0
638,TRANSFER,13167.72,C240023530,35850.72,22683.0,C201014153,24383.03,37550.75,0,0
479,CASH_IN,50342.3,C272485035,9046.78,59389.08,C951907225,123392.78,73050.48,0,0
78,CASH_OUT,454696.82,C411654238,454696.82,0.0,C108413841,40350.1,495046.92,1,0
693,DEBIT,881.93,C841485907,17685.51,16803.58,C383445688,8591.82,9473.75,0,0
462,PAYMENT,1266.48,C282080684,2855.53,1589.05,M379249196,0.0,0.0,0,0
388,PAYMENT,2532.16,C837429924,10383.0,7850.84,M827541369,0.0,0.0,0,0
330,CASH_OUT,61286.05,C927241356,67359.56,6073.51,C970123581,28040.87,89326.92,0,0
539,CASH_OUT,34650.15,C691818023,67117.37,32467.22,C862050048,13072.59,47722.74,0,0
51,TRANSFER,24860.86,C709943705,35787.57,10926.71,C874152773,7543.14,32404.0,0,0
373,PAYMENT,3641.18,C918366883,7087.97,3446.79,M276990009,0.0,0.0,0,0
145,CASH_OUT,162764.37,C845904294,168159.15,5394.78,C832562474,4787.64,167552.01,0,0
254,DEBIT,797.76,C413654204,1626.77,829.01,C899937381,58251.91,59049.67,0,0
250,CASH_OUT,43997.25,C913314097,48371.59,4374.34,C877239253,65275.59,109272.84,0,0
518,CASH_IN,14426.49,C246415697,288409.65,302836.14,C145919866,81086.81,66660.32,0,0
456,CASH_OUT,129739.63,C305462091,144894.48,15154.85,C646779555,27378.97,157118.6,0,0
469,TRANSFER,100183.28,C508750006,100933.05,749.77,C840877806,3292.86,103476.14,0,0
710,PAYMENT,925.01,C323249150,2640.06,1715.05,M623514358,0.0,0.0,0,0
112,TRANSFER,3418.35,C759814910,74551.45,71133.1,C674373819,22139.9,25558.25,0,0
526,PAYMENT,674.7,C240979335,7646.24,6971.54,M311304454,0.0,0.0,0,0
379,PAYMENT,2539.89,C353032106,9019.32,6479.43,M674956775,0.0,0.0,0,0
300,PAYMENT,4042.24,C215805482,27822.41,23780.17,M894620190,0.0,0.0,0,0
72,PAYMENT,7664.06,C622868823,26249.99,18585.93,M343192335,0.0,0.0,0,0
455,CASH_OUT,1171.29,C455055484,30100.01,28928.72,C700461837,26547.99,27719.28,0,0
314,TRANSFER,32969.56,C963449046,38970.37,6000.81,C130436132,30629.04,63598.6,0,0
143,PAYMENT,1134.79,C501493336,6553.43,5418.64,M240564316,0.0,0.0,0,0
406,CASH_OUT,11564.9,C732414141,17193.95,5629.05,C119717271,10855.25,22420.15,0,0
293,TRANSFER,12915.74,C195481892,34464.9,21549.16,C331251618,13119.8,26035.54,0,0
308,CASH_OUT,24218.27,C112597904,35117.98,10899.71,C508671538,14538.3,38756.57,0,0
329,TRANSFER,31188.4,C573115099,46813.91,15625.51,C651684679,54371.27,85559.67,0,0
336,CASH_OUT,14968.67,C750613341,18282.28,3313.61,C360069967,87134.25,102102.92,0,0
145,PAYMENT,12946.53,C556241913,17997.25,5050.72,M737914562,0.0,0.0,0,0
50,TRANSFER,1365113.92,C175056769,1365113.92,0.0,C729895513,0.0,1365113.92,1,0
20,PAYMENT,5165.48,C170264560,16459.18,11293.7,M390431747,0.0,0.0,0,0
110,CASH_OUT,46478.99,C445163237,46702.66,223.67,C288263741,19933.81,66412.8,0,0
483,PAYMENT,81.36,C508095987,26553.69,26472.33,M295743540,0.0,0.0,0,0
690,PAYMENT,6377.99,C420979351,11588.75,5210.76,M507272602,0.0,0.0,0,0
176,CASH_IN,23761.83,C640473059,42187.31,65949.14,C680850629,79596.65,55834.82,0,0
263,TRANSFER,79175.43,C892941722,92697.28,13521.85,C438048335,19739.4,98914.83,0,0
335,PAYMENT,1127.08,C221856133,21079.6,19952.52,M892972966,0.0,0.0,0,0
302,PAYMENT,1046.95,C598796840,12456.0,11409.05,M476151530,0.0,0.0,0,0
2,PAYMENT,7862.7,C884350841,23270.0,15407.3,M924598405,0.0,0.0,0,0
330,CASH_OUT,2853.21,C322765240,57326.61,54473.4,C662546470,9515.95,12369.16,0,0
539,TRANSFER,70741.88,C391201460,70833.1,91.22,C198260018,31038.03,101779.91,0,0
436,TRANSFER,3638.82,C376230289,22377.61,18738.79,C740052058,41362.91,45001.73,0,0
443,PAYMENT,6577.66,C284278471,21715.11,15137.45,M236072439,0.0,0.0,0,0
288,CASH_OUT,65936.48,C129123798,130935.44,64998.96,C510533561,21629.07,87565.55,0,0
739,CASH_IN,52436.45,C893096530,68391.08,120827.53,C984508082,90776.21,38339.76,0,0
571,TRANSFER,54581.56,C912348572,70087.4,15505.84,C456050434,27504.44,82086.0,0,0
81,DEBIT,210.67,C696400907,1720.93,1510.26,C144515307,30701.01,30911.68,0,0
288,CASH_OUT,201408.38,C770530671,209024.96,7616.58,C229861309,35124.76,236533.14,0,0
166,CASH_OUT,129.6,C884327120,36498.03,36368.43,C775696895,36618.06,36747.66,0,0
317,PAYMENT,1878.7,C867645796,31122.7,29244.0,M217651703,0.0,0.0,0,0
715,PAYMENT,6344.74,C293541664,8929.78,2585.04,M817513672,0.0,0.0,0,0
683,PAYMENT,9156.28,C892373463,12046.7,2890.42,M620553909,0.0,0.0,0,0
506,CASH_OUT,35793.35,C162788928,43068.3,7274.95,C224037321,90877.05,126670.4,0,0
215,CASH_IN,49744.35,C416100338,37401.47,87145.82,C864050306,108476.19,58731.84,0,0
185,PAYMENT,1878.86,C652610864,9769.16,7890.3,M744841272,0.0,0.0,0,0
139,PAYMENT,7599.03,C109925557,17346.19,9747.16,M637628536,0.0,0.0,0,0
405,PAYMENT,872.41,C127460944,39347.5,38475.09,M645626773,0.0,0.0,0,0
575,PAYMENT,16268.87,C100279986,22402.09,6133.22,M774077923,0.0,0.0,0,0
272,DEBIT,1143.26,C143871410,6109.71,4966.45,C677787865,280.6,1423.86,0,0
590,CASH_OUT,88623.74,C524609493,133258.11,44634.37,C159365903,8272.82,96896.56,0,0
215,PAYMENT,551.63,C279576129,15553.44,15001.81,M852043156,0.0,0.0,0,0
533,CASH_OUT,151897.76,C443721950,165810.5,13912.74,C530487865,37154.95,189052.71,0,0
550,TRANSFER,57096.56,C733405102,117533.31,60436.75,C367774651,9110.79,66207.35,0,0
268,CASH_OUT,10897.53,C622152532,13325.59,2428.06,C791239923,53929.86,64827.39,0,0
667,PAYMENT,1706.63,C665513895,38768.42,37061.79,M188651292,0.0,0.0,0,0
87,PAYMENT,5645.92,C645112642,10061.77,4415.85,M855449917,0.0,0.0,0,0
647,CASH_OUT,41343.31,C187232789,53863.5,12520.19,C517511556,42769.66,84112.97,0,0
696,PAYMENT,1930.92,C570374020,19410.95,17480.03,M936495415,0.0,0.0,0,0
81,PAYMENT,294.86,C484155691,814.59,519.73,M548845978,0.0,0.0,0,0
155,DEBIT,3978.54,C118405010,5267.71,1289.17,C912284498,6443.01,10421.55,0,0
305,CASH_OUT,3516.1,C659624421,43941.55,40425.45,C510180566,19891.33,23407.43,0,0
435,CASH_IN,18791.36,C758120105,15765.28,34556.64,C406455831,39934.83,21143.47,0,0
121,CASH_IN,36390.73,C728766967,11092.52,47483.25,C818899186,135393.27,99002.54,0,0
133,CASH_IN,44365.71,C294180100,141699.07,186064.78,C225844211,125037.14,80671.43,0,0
454,PAYMENT,13732.99,C205212645,39120.42,25387.43,M869347749,0.0,0.0,0,0
496,PAYMENT,5596.96,C103143828,45904.89,40307.93,M566480926,0.0,0.0,0,0
280,CASH_IN,6567.24,C753857011,48014.99,54582.23,C135619490,121295.09,114727.85,0,0
428,CASH_OUT,81498.47,C377876143,110039.52,28541.05,C684351593,58034.64,139533.11,0,0
95,TRANSFER,1230586.9,C241245753,1230586.9,0.0,C956852062,0.0,1230586.9,1,0
336,CASH_OUT,8795.79,C654001187,24053.35,15257.56,C781374550,40932.63,49728.42,0,0
352,CASH_IN,9346.35,C353636046,26299.26,35645.61,C916254795,22398.6,13052.25,0,0
243,DEBIT,190.31,C137294620,1525.78,1335.47,C158954978,44249.13,44439.44,0,0
405,TRANSFER,10022.12,C437490276,60456.53,50434.41,C413434652,41231.78,51253.9,0,0
604,PAYMENT,755.38,C697954507,777.81,22.43,M874151254,0.0,0.0,0,0
82,TRANSFER,6147.97,C880408344,32703.85,26555.88,C680271508,6730.86,12878.83,0,0
465,PAYMENT,2775.74,C484746724,20490.2,17714.46,M903901285,0.0,0.0,0,0
10,TRANSFER,16608.3,C785204043,16946.36,338.06,C190567078,130231.77,146840.07,0,0
620,CASH_OUT,46737.58,C952559131,52283.07,5545.49,C768417122,70985.87,117723.45,0,0
372,PAYMENT,4029.84,C707706855,4441.66,411.82,M756797649,0.0,0.0,0,0
445,PAYMENT,6768.2,C709376717,14383.28,7615.08,M219551117,0.0,0.0,0,0
385,PAYMENT,2022.54,C338114273,12324.98,10302.44,M312760154,0.0,0.0,0,0
145,PAYMENT,508.22,C228949557,37648.19,37139.97,M132235412,0.0,0.0,0,0
419,PAYMENT,950.83,C769484153,15715.05,14764.22,M529803038,0.0,0.0,0,0
701,PAYMENT,3795.8,C585855182,15283.21,11487.41,M325347609,0.0,0.0,0,0
72,TRANSFER,119804.1,C905126965,134296.32,14492.22,C584188040,27623.02,147427.12,0,0
525,CASH_OUT,350.94,C225750784,5208.9,4857.96,C132943765,48167.47,48518.41,0,0
344,CASH_IN,634.21,C252511888,29328.07,29962.28,C769745755,12428.71,11794.5,0,0
35,PAYMENT,7528.87,C408728609,15719.45,8190.58,M824231305,0.0,0.0,0,0
685,CASH_OUT,11067.91,C302681772,71053.22,59985.31,C825760806,32289.2,43357.11,0,0
36,PAYMENT,299.49,C250375363,1402.72,1103.23,M706872716,0.0,0.0,0,0
178,CASH_IN,54982.78,C599476992,51990.07,106972.85,C975892312,142103.21,87120.43,0,0
234,PAYMENT,3132.4,C866464065,3446.3,313.9,M249799141,0.0,0.0,0,0
31,TRANSFER,127457.42,C692182442,146045.53,18588.11,C426408546,25056.0,152513.42,0,0
90,CASH_IN,3770.52,C652310995,12056.36,15826.88,C556221767,82376.53,78606.01,0,0
95,PAYMENT,10736.87,C335417725,41330.48,30593.61,M223795752,0.0,0.0,0,0
680,PAYMENT,25675.95,C612471670,27662.73,1986.78,M233169125,0.0,0.0,0,0
370,CASH_OUT,296.43,C441231144,1127.0,830.57,C398221469,58400.81,58697.24,0,0
338,CASH_OUT,17458.0,C182984437,24743.11,7285.11,C963130845,15901.78,33359.78,0,0
644,CASH_OUT,36949.9,C183941780,98019.07,61069.17,C681544001,37043.07,73992.97,0,0
94,PAYMENT,8440.75,C752665336,25439.89,16999.14,M930928902,0.0,0.0,0,0
234,PAYMENT,3823.45,C502656396,5023.75,1200.3,M167585521,0.0,0.0,0,0
127,TRANSFER,81648.56,C951060073,87316.09,5667.53,C631659117,715.94,82364.5,0,0
441,PAYMENT,14677.52,C933685481,18773.9,4096.38,M819238022,0.0,0.0,0,0
49,PAYMENT,1242.51,C568435620,11774.17,10531.66,M911758366,0.0,0.0,0,0
738,TRANSFER,1559.66,C735820218,34856.55,33296.89,C240990977,1804.52,3364.18,0,0
10,PAYMENT,2705.34,C613808829,3460.79,755.45,M278191257,0.0,0.0,0,0
13,CASH_OUT,19554.71,C582277958,27818.3,8263.59,C827578104,26093.27,45647.98,0,0
588,PAYMENT,6143.61,C139330634,8469.15,2325.54,M937062209,0.0,0.0,0,0
234,CASH_OUT,99185.07,C525506166,107655.85,8470.78,C600275025,16614.3,115799.37,0,0
491,TRANSFER,35742.52,C921537148,108574.04,72831.52,C486628748,12949.35,48691.87,0,0
178,PAYMENT,3806.38,C541455066,38289.21,34482.83,M249585468,0.0,0.0,0,0
511,PAYMENT,3293.94,C235363417,18703.89,15409.95,M613981378,0.0,0.0,0,0
397,PAYMENT,9988.09,C511894511,24076.38,14088.29,M807900341,0.0,0.0,0,0
724,TRANSFER,12552.33,C199970613,64006.18,51453.85,C883425635,162843.98,175396.31,0,0
588,DEBIT,281.52,C666098722,12136.54,11855.02,C274370140,3976.97,4258.49,0,0
420,CASH_IN,6989.07,C359205844,21670.63,28659.7,C402048715,41244.43,34255.36,0,0
606,PAYMENT,2253.08,C819614356,10124.87,7871.79,M929100523,0.0,0.0,0,0
42,CASH_OUT,152847.63,C979671430,178181.79,25334.16,C757671426,54886.32,207733.95,0,0
318,CASH_OUT,1283.5,C620091337,17577.45,16293.95,C262856051,19370.61,20654.11,0,0
37,CASH_OUT,4836.76,C159716324,68000.1,63163.34,C764262288,11222.47,16059.23,0,0
375,CASH_IN,10039.67,C121980757,34757.14,44796.81,C327443447,35905.29,25865.62,0,0
231,CASH_OUT,91066.14,C969882086,91066.14,0.0,C946400626,44071.99,135138.13,1,0
264,PAYMENT,389.95,C101670411,1327.33,937.38,M789220415,0.0,0.0,0,0
174,TRANSFER,60829.95,C771107766,61947.7,1117.75,C216130888,85795.58,146625.53,0,0
38,PAYMENT,1847.26,C939853210,18453.93,16606.67,M702521078,0.0,0.0,0,0
241,CASH_OUT,3409.92,C978980201,5066.51,1656.59,C213003393,57092.52,60502.44,0,0
223,PAYMENT,3917.63,C463932360,5646.36,1728.73,M943715025,0.0,0.0,0,0
632,PAYMENT,25404.39,C937679533,38457.14,13052.75,M307326158,0.0,0.0,0,0
555,PAYMENT,525.65,C303077931,16526.78,16001.13,M144092367,0.0,0.0,0,0
283,CASH_OUT,75667.52,C936811879,94098.7,18431.18,C479220328,24275.87,99943.39,0,0
462,CASH_OUT,13133.06,C611836449,22824.79,9691.73,C309808597,51094.65,64227.71,0,0
536,CASH_OUT,1004.08,C828815010,6488.69,5484.61,C559657622,21307.87,22311.95,0,0
637,PAYMENT,6913.27,C503122487,8545.52,1632.25,M295090239,0.0,0.0,0,0
499,CASH_IN,23845.85,C956943227,50866.33,74712.18,C298955149,38158.66,14312.81,0,0
585,DEBIT,461.56,C102817422,4418.17,3956.61,C747650237,5013.97,5475.53,0,0
561,PAYMENT,1659.28,C740425161,4341.18,2681.9,M698062070,0.0,0.0,0,0
133,CASH_OUT,21615.41,C900552952,23417.82,1802.41,C294080882,8228.57,29843.98,0,0
171,CASH_IN,2433.95,C966754087,4163.52,6597.47,C585272863,25505.73,23071.78,0,0
140,CASH_OUT,104668.35,C398551224,157350.45,52682.1,C840628779,30099.35,134767.7,0,0
164,PAYMENT,385.05,C156718068,10492.41,10107.36,M959776834,0.0,0.0,0,0
116,TRANSFER,59062.63,C463335924,109509.36,50446.73,C474411923,21919.13,80981.76,0,0
381,CASH_OUT,75435.11,C104679501,138089.43,62654.32,C317170220,12395.3,87830.41,0,0
406,CASH_OUT,594955.46,C262074191,594955.46,0.0,C738788721,8837.9,603793.36,1,0
247,CASH_OUT,81925.83,C722876086,140407.3,58481.47,C747997127,46399.15,128324.98,0,0
230,PAYMENT,129.39,C192526616,5781.22,5651.83,M797394862,0.0,0.0,0,0
269,PAYMENT,8113.03,C594138813,15652.26,7539.23,M739770697,0.0,0.0,0,0
560,PAYMENT,12403.69,C320989066,43561.34,31157.65,M739061537,0.0,0.0,0,0
379,CASH_OUT,53476.99,C248920663,72143.47,18666.48,C778753509,40491.58,93968.57,0,0
205,CASH_OUT,13528.21,C587935504,15759.12,2230.91,C440961369,2059.07,15587.28,0,0
616,PAYMENT,6544.02,C365227312,15013.53,8469.51,M840115458,0.0,0.0,0,0
207,TRANSFER,55412.31,C385352346,87762.6,32350.29,C718146049,24751.27,80163.58,0,0
266,PAYMENT,1668.32,C490124711,6679.35,5011.03,M749218648,0.0,0.0,0,0
290,PAYMENT,3073.21,C712376095,18789.33,15716.12,M562639988,0.0,0.0,0,0
179,CASH_OUT,11601.97,C100878269,14524.42,2922.45,C267821474,22110.19,33712.16,0,0
76,PAYMENT,8452.58,C271690299,9337.93,885.35,M773490752,0.0,0.0,0,0
257,PAYMENT,798.3,C392945962,31773.56,30975.26,M927873521,0.0,0.0,0,0
9,CASH_OUT,31024.22,C802112341,36949.45,5925.23,C526037270,52035.43,83059.65,0,0
525,PAYMENT,6521.69,C364639368,17503.97,10982.28,M977915135,0.0,0.0,0,0
237,CASH_OUT,133712.82,C224930380,193281.55,59568.73,C443351312,119157.41,252870.23,0,0
185,CASH_OUT,92129.09,C919999960,123373.57,31244.48,C699897118,15994.65,108123.74,0,0
81,CASH_OUT,13778.15,C352170211,30055.48,16277.33,C535545766,56433.5,70211.65,0,0
333,PAYMENT,141.0,C367994285,2553.36,2412.36,M847435782,0.0,0.0,0,0
79,PAYMENT,50.6,C285218871,1062.6,1012.0,M891971681,0.0,0.0,0,0
687,CASH_OUT,39965.21,C863959257,48003.53,8038.32,C536259328,7403.68,47368.89,0,0
666,PAYMENT,6544.12,C449701162,9245.24,2701.12,M299431018,0.0,0.0,0,0
262,TRANSFER,10728.37,C806505069,52474.34,41745.97,C737350654,1775.98,12504.35,0,0
241,CASH_OUT,63869.17,C147131078,110754.34,46885.17,C742097102,1376.27,65245.44,0,0
39,PAYMENT,597.91,C972005761,14494.13,13896.22,M676338034,0.0,0.0,0,0
155,PAYMENT,513.35,C408578807,2260.99,1747.64,M692040210,0.0,0.0,0,0
44,PAYMENT,5285.62,C137091245,15248.08,9962.46,M636351061,0.0,0.0,0,0
673,PAYMENT,2390.37,C801854868,27848.18,25457.81,M863692468,0.0,0.0,0,0
462,CASH_OUT,7298.15,C817430809,54713.76,47415.61,C914408445,50655.18,57953.33,0,0
131,PAYMENT,10133.42,C637395164,20102.21,9968.79,M144656300,0.0,0.0,0,0
36,DEBIT,938.65,C434625924,3495.37,2556.72,C386903158,7423.8,8362.45,0,0
349,CASH_OUT,66008.38,C229466595,71725.1,5716.72,C748759585,18401.53,84409.91,0,0
690,CASH_OUT,97629.49,C182807322,107560.65,9931.16,C549881207,87818.6,185448.09,0,0
528,CASH_OUT,28290.17,C879964171,29706.14,1415.97,C735060325,52966.34,81256.51,0,0
562,PAYMENT,4030.8,C195715417,25289.88,21259.08,M244741991,0.0,0.0,0,0
49,TRANSFER,5014.37,C879300288,8269.34,3254.97,C634975273,42116.92,47131.29,0,0
239,TRANSFER,24954.59,C829672685,36374.41,11419.82,C912321400,34922.67,59877.26,0,0
484,TRANSFER,4578.51,C614060780,5436.93,858.42,C749705749,93369.86,97948.37,0,0
181,CASH_OUT,113463.16,C386925868,114114.39,651.23,C925630164,1136.75,114599.91,0,0
567,CASH_OUT,75087.47,C154005460,100967.02,25879.55,C719301189,1595.92,76683.39,0,0
451,DEBIT,14374.78,C183709131,16134.01,1759.23,C442119229,12853.36,27228.14,0,0
468,PAYMENT,1962.94,C108813459,4479.05,2516.11,M532340571,0.0,0.0,0,0
725,CASH_OUT,32356.86,C825700486,44730.46,12373.6,C286965767,5373.17,37730.03,0,0
672,TRANSFER,28686.43,C300014352,32726.9,4040.47,C912181770,55401.18,84087.61,0,0
38,TRANSFER,104062.5,C945294483,104062.5,0.0,C486136956,0.0,0.0,1,0
697,PAYMENT,319.35,C176433124,13528.97,13209.62,M468177374,0.0,0.0,0,0
708,DEBIT,978.77,C289866441,4661.85,3683.08,C600636995,181.05,1159.82,0,0
2,CASH_OUT,125452.71,C830293519,134370.36,8917.65,C140768655,110574.48,236027.19,0,0
732,PAYMENT,723.57,C672742509,949.77,226.2,M618448344,0.0,0.0,0,0
625,CASH_IN,14685.07,C527555571,34743.93,49429.0,C338450853,30499.62,15814.55,0,0
160,TRANSFER,90401.28,C933858434,90499.88,98.6,C826584293,81549.79,171951.07,0,0
134,PAYMENT,2366.13,C650618187,26383.84,24017.71,M625544047,0.0,0.0,0,0
495,PAYMENT,4732.98,C794398920,15706.95,10973.97,M550930210,0.0,0.0,0,0
238,PAYMENT,959.17,C950549336,20553.47,19594.3,M576292341,0.0,0.0,0,0
210,PAYMENT,7241.98,C275154215,17505.89,10263.91,M286079978,0.0,0.0,0,0
646,CASH_OUT,67601.89,C403765171,93726.5,26124.61,C448728609,68352.31,135954.2,0,0
316,CASH_OUT,127257.28,C388127147,174733.63,47476.35,C232985230,8943.87,136201.15,0,0
234,PAYMENT,6080.66,C124874334,18145.05,12064.39,M289597857,0.0,0.0,0,0
339,PAYMENT,527.79,C383293879,539.32,11.53,M527872311,0.0,0.0,0,0
8,PAYMENT,2264.23,C603435020,20647.57,18383.34,M123112470,0.0,0.0,0,0
288,PAYMENT,3253.52,C272725385,18544.9,15291.38,M724023144,0.0,0.0,0,0
488,TRANSFER,1033573.51,C854808550,1033573.51,0.0,C763914396,0.0,0.0,1,1
287,CASH_OUT,796085.41,C545351353,796085.41,0.0,C695004854,20616.66,816702.07,1,1
396,CASH_IN,19442.94,C964734653,28311.09,47754.03,C371198813,251989.8,232546.86,0,0
116,PAYMENT,2034.7,C236343931,15890.99,13856.29,M596162386,0.0,0.0,0,0
54,CASH_IN,16260.01,C884591178,6851.58,23111.59,C728847096,89785.02,73525.01,0,0
39,CASH_OUT,1152776.7,C689084718,1152776.7,0.0,C742852151,24228.63,1177005.33,1,0
678,TRANSFER,12944.94,C857687745,88789.77,75844.83,C499825465,9878.35,22823.29,0,0
332,CASH_OUT,32281.87,C421447480,43234.49,10952.62,C980475232,23507.19,55789.06,0,0
154,CASH_OUT,95680.14,C235711216,98639.71,2959.57,C126087196,88077.54,183757.68,0,0
338,PAYMENT,881.35,C546565444,11332.38,10451.03,M882975857,0.0,0.0,0,0
36,CASH_OUT,21603.72,C313847513,24130.24,2526.52,C784613854,1176.35,22780.07,0,0
409,PAYMENT,3018.07,C618030060,57209.55,54191.48,M759346184,0.0,0.0,0,0
559,CASH_OUT,14347.24,C998392257,49001.51,34654.27,C303791583,12717.59,27064.83,0,0
607,PAYMENT,10387.33,C905051781,21321.35,10934.02,M420961560,0.0,0.0,0,0
243,PAYMENT,2165.48,C731848766,34644.93,32479.45,M574398681,0.0,0.0,0,0
177,CASH_IN,40608.25,C361851162,16550.72,57158.97,C431419952,96583.01,55974.76,0,0
649,CASH_IN,34394.78,C416635926,152075.5,186470.28,C934366797,69459.97,35065.19,0,0
508,CASH_OUT,95165.47,C717707206,147564.3,52398.83,C622665105,4942.56,100108.03,0,0
318,PAYMENT,7091.37,C140655185,40494.14,33402.77,M976625670,0.0,0.0,0,0
138,TRANSFER,5830.3,C344673670,15997.76,10167.46,C963677896,20369.99,26200.29,0,0
346,PAYMENT,403.6,C668816088,9164.22,8760.62,M495762339,0.0,0.0,0,0
434,PAYMENT,2057.41,C560890674,8963.7,6906.29,M859496311,0.0,0.0,0,0
44,CASH_OUT,28252.13,C574878058,34834.03,6581.9,C767426397,13974.07,42226.2,0,0
477,PAYMENT,9394.14,C829840339,16361.83,6967.69,M788921328,0.0,0.0,0,0
589,TRANSFER,16385.29,C762905643,38153.7,21768.41,C348436686,10434.83,26820.12,0,0
136,TRANSFER,143340.46,C763440460,153624.67,10284.21,C235011681,93823.83,237164.29,0,0
352,CASH_IN,24008.84,C310587609,20135.37,44144.21,C405802093,213725.22,189716.38,0,0
374,CASH_OUT,3898.03,C140745510,40098.58,36200.55,C511671057,15719.24,19617.27,0,0
693,TRANSFER,396369.56,C958074483,396369.56,0.0,C516754588,0.0,396369.56,1,0
15,PAYMENT,22.75,C982606258,36154.86,36132.11,M350666428,0.0,0.0,0,0
469,CASH_OUT,525138.81,C539087221,525138.81,0.0,C126330707,23874.07,549012.88,1,1
200,CASH_OUT,43566.34,C891118049,107303.1,63736.76,C262433987,866.92,44433.26,0,0
574,CASH_OUT,3377.51,C136700134,14162.92,10785.41,C609740538,44863.81,48241.32,0,0
651,PAYMENT,26143.97,C911441967,29695.53,3551.56,M776845275,0.0,0.0,0,0
726,PAYMENT,6531.1,C428322376,8625.67,2094.57,M341785884,0.0,0.0,0,0
232,CASH_OUT,36367.49,C195687490,59892.72,23525.23,C838070785,1964.47,38331.96,0,0
14,CASH_OUT,22179.71,C659933131,32755.25,10575.54,C881439868,15132.09,37311.8,0,0
553,CASH_OUT,26793.18,C443854225,46510.94,19717.76,C588523683,28841.56,55634.74,0,0
455,CASH_OUT,14736.12,C124956681,38723.32,23987.2,C555650241,27052.53,41788.65,0,0
588,PAYMENT,4510.04,C892035881,15635.23,11125.19,M943839326,0.0,0.0,0,0
575,DEBIT,4004.23,C457256436,6826.23,2822.0,C339652670,21183.2,25187.43,0,0
457,TRANSFER,2652.33,C492144044,14218.27,11565.94,C295465660,4607.63,7259.96,0,0
510,PAYMENT,319.83,C488281039,36402.77,36082.94,M787205970,0.0,0.0,0,0
54,CASH_OUT,3334.99,C153283984,48398.01,45063.02,C694695523,156361.61,159696.6,0,0
230,CASH_OUT,396333.73,C685681628,400680.92,4347.19,C636736101,318.28,396652.01,0,0
385,DEBIT,4460.41,C976779355,5522.44,1062.03,C743054970,15781.93,20242.34,0,0
105,CASH_IN,78678.01,C895115043,144849.45,223527.46,C276313657,83681.86,5003.85,0,0
103,CASH_OUT,1033.45,C207547123,9901.0,8867.55,C677868603,11996.13,13029.58,0,0
138,CASH_IN,52649.99,C226084453,43205.72,95855.71,C133536811,68917.32,16267.33,0,0
145,PAYMENT,2595.41,C118110003,12263.17,9667.76,M793495865,0.0,0.0,0,0
128,CASH_IN,21086.66,C199658278,60072.59,81159.25,C588322582,82173.35,61086.69,0,0
583,CASH_OUT,62786.43,C660808180,85614.46,22828.03,C295744293,197952.6,260739.03,0,0
549,CASH_OUT,134447.1,C764400162,135288.08,840.98,C576187045,46028.41,180475.51,0,0
370,CASH_OUT,39227.68,C334659119,39641.47,413.79,C219541407,29515.33,68743.01,0,0
47,PAYMENT,3186.61,C950645530,7338.26,4151.65,M750747361,0.0,0.0,0,0
490,PAYMENT,1633.28,C764515080,3383.13,1749.85,M589605397,0.0,0.0,0,0
105,CASH_OUT,29037.63,C180344324,40854.06,11816.43,C271305566,59561.75,88599.38,0,0
406,CASH_OUT,95656.41,C284984988,121785.89,26129.48,C443862460,17357.83,113014.24,0,0
362,TRANSFER,39980.3,C674948916,55629.91,15649.61,C184203249,94298.78,134279.08,0,0
381,TRANSFER,86255.68,C640549891,129141.08,42885.4,C340642274,22661.42,108917.1,0,0
577,PAYMENT,1948.98,C416674568,4918.88,2969.9,M287891084,0.0,0.0,0,0
407,CASH_OUT,2180.28,C343015631,9167.8,6987.52,C605240960,94100.52,96280.8,0,0
660,PAYMENT,9260.32,C102972352,10377.85,1117.53,M227331074,0.0,0.0,0,0
738,TRANSFER,136656.61,C586865161,178031.15,41374.54,C694618071,169.16,136825.77,0,0
481,PAYMENT,11913.49,C309022223,14343.51,2430.02,M878377869,0.0,0.0,0,0
529,CASH_OUT,72473.08,C942945196,75925.8,3452.72,C326880100,35935.31,108408.39,0,0
128,CASH_OUT,113049.58,C629951579,147291.32,34241.74,C615299039,25238.26,138287.84,0,0
153,PAYMENT,5526.49,C470407128,43669.29,38142.8,M198724843,0.0,0.0,0,0
586,TRANSFER,77567.12,C709851875,81035.16,3468.04,C201645775,31859.88,109427.0,0,0
369,CASH_OUT,12834.3,C296747511,12851.03,16.73,C639188699,43856.95,56691.25,0,0
77,TRANSFER,59443.76,C728039226,131633.49,72189.73,C526492141,16923.61,76367.37,0,0
635,CASH_OUT,631.35,C284996205,13598.48,12967.13,C962470564,79219.92,79851.27,0,0
470,PAYMENT,1273.37,C651637392,12863.09,11589.72,M600479054,0.0,0.0,0,0
458,CASH_OUT,204602.85,C305839179,210270.12,5667.27,C658275921,51673.3,256276.15,0,0
32,CASH_OUT,76905.67,C510009068,89029.78,12124.11,C503232833,27123.31,104028.98,0,0
414,PAYMENT,12227.3,C863895677,15004.43,2777.13,M745307513,0.0,0.0,0,0
157,PAYMENT,8276.59,C277394228,33567.83,25291.24,M720295975,0.0,0.0,0,0
176,PAYMENT,9196.28,C967606035,17454.0,8257.72,M349757124,0.0,0.0,0,0
331,TRANSFER,9540.47,C133521914,56589.13,47048.66,C296862311,11661.31,21201.78,0,0
186,CASH_OUT,56771.27,C615633144,78378.81,21607.54,C116016792,38143.39,94914.66,0,0
681,PAYMENT,7882.59,C749631798,17856.46,9973.87,M887244502,0.0,0.0,0,0
515,TRANSFER,51530.36,C444145814,79611.68,28081.32,C773272184,20875.1,72405.46,0,0
414,CASH_IN,39354.4,C505882382,120626.19,159980.59,C267530926,58565.94,19211.54,0,0
162,PAYMENT,1040.88,C772511889,27188.71,26147.83,M348480402,0.0,0.0,0,0
686,PAYMENT,1811.28,C894093053,8680.05,6868.77,M158568249,0.0,0.0,0,0
121,PAYMENT,4204.86,C314833468,13781.7,9576.84,M180877705,0.0,0.0,0,0
155,CASH_IN,17272.23,C379480484,71826.1,89098.33,C721542337,69712.65,52440.42,0,0
18,PAYMENT,1519.06,C362868462,6646.67,5127.61,M331784707,0.0,0.0,0,0
603,CASH_OUT,28043.16,C606468944,38988.41,10945.25,C248033751,26887.59,54930.75,0,0
367,PAYMENT,1589.3,C788003414,4382.72,2793.42,M977304154,0.0,0.0,0,0
146,TRANSFER,13816.38,C347840076,66633.79,52817.41,C262755040,33441.14,47257.52,0,0
138,PAYMENT,640.76,C347716859,6801.87,6161.11,M361658287,0.0,0.0,0,0
351,PAYMENT,1597.03,C106867526,14350.57,12753.54,M482147024,0.0,0.0,0,0
418,PAYMENT,6243.43,C857287231,16618.58,10375.15,M444422703,0.0,0.0,0,0
593,CASH_OUT,6276.83,C293575152,12232.43,5955.6,C893762627,19598.11,25874.94,0,0
233,CASH_IN,16188.55,C668040103,55657.2,71845.75,C471413224,70013.01,53824.46,0,0
52,CASH_OUT,13714.29,C476511918,34711.92,20997.63,C917920913,35862.36,49576.65,0,0
341,PAYMENT,1405.15,C417319030,7211.42,5806.27,M115198436,0.0,0.0,0,0
396,CASH_OUT,51118.29,C491217146,59600.61,8482.32,C822351314,4629.0,55747.29,0,0
445,PAYMENT,510.71,C118387386,30232.8,29722.09,M770372170,0.0,0.0,0,0
670,CASH_OUT,63158.65,C244079072,83302.49,20143.84,C938751915,3395.92,66554.57,0,0
302,PAYMENT,2040.19,C736639525,50371.54,48331.35,M227080380,0.0,0.0,0,0
718,CASH_OUT,3511.7,C863408196,12904.82,9393.12,C311256724,110467.35,113979.05,0,0
657,PAYMENT,1280.77,C764016427,12815.19,11534.42,M248806275,0.0,0.0,0,0
159,CASH_OUT,37293.72,C540733562,81515.08,44221.36,C297538532,126.89,37420.61,0,0
542,CASH_IN,29764.49,C965874376,24075.15,53839.64,C940107533,34548.52,4784.03,0,0
532,TRANSFER,29416.04,C845155511,34710.49,5294.45,C876307893,3452.62,32868.66,0,0
24,PAYMENT,6676.93,C409664240,6862.13,185.2,M326771821,0.0,0.0,0,0
103,CASH_OUT,44603.04,C104932206,73925.97,29322.93,C400885447,22404.44,67007.48,0,0
687,CASH_OUT,14267.28,C244590933,20039.76,5772.48,C903368700,23576.53,37843.81,0,0
510,CASH_OUT,28847.18,C598744392,45630.09,16782.91,C915049515,27192.83,56040.01,0,0
682,TRANSFER,157515.01,C424444773,324311.63,166796.62,C860832105,19421.6,176936.61,0,0
645,CASH_OUT,114297.59,C826959932,135434.33,21136.74,C463568683,26439.79,140737.38,0,0
536,CASH_OUT,7399.07,C273865746,16386.72,8987.65,C994579786,24939.8,32338.87,0,0
642,PAYMENT,7258.59,C170143567,8761.39,1502.8,M395814508,0.0,0.0,0,0
349,TRANSFER,16800.25,C988220158,24585.61,7785.36,C515694849,29460.26,46260.51,0,0
130,CASH_OUT,31076.06,C773078810,63664.7,32588.64,C965551873,4771.18,35847.24,0,0
556,TRANSFER,23088.2,C968215667,47149.79,24061.59,C807316445,41425.27,64513.47,0,0
479,DEBIT,94.05,C612495224,7067.08,6973.03,C425535596,3687.43,3781.48,0,0
209,DEBIT,6830.75,C640998813,6968.91,138.16,C952434256,18000.74,24831.49,0,0
573,PAYMENT,1814.13,C650137807,9873.55,8059.42,M497784928,0.0,0.0,0,0
9,PAYMENT,3394.75,C893559571,10945.5,7550.75,M878959230,0.0,0.0,0,0
260,PAYMENT,8225.91,C908430913,17044.06,8818.15,M810871116,0.0,0.0,0,0
110,PAYMENT,7183.33,C464206763,11174.62,3991.29,M151129282,0.0,0.0,0,0
264,CASH_OUT,65144.21,C950682756,65464.12,319.91,C992271879,63654.81,128799.02,0,0
8,TRANSFER,10893.5,C811898297,20162.49,9268.99,C395359540,7486.54,18380.04,0,0
130,DEBIT,566.31,C407741866,3349.97,2783.66,C195637909,297.88,864.19,0,0
464,PAYMENT,718.72,C304101129,1473.62,754.9,M360931195,0.0,0.0,0,0
240,CASH_OUT,26190.23,C822054659,29701.33,3511.1,C806474601,3765.28,29955.51,0,0
174,PAYMENT,3135.14,C488150267,13215.83,10080.69,M827057541,0.0,0.0,0,0
461,PAYMENT,315.07,C812769128,12234.03,11918.96,M546624029,0.0,0.0,0,0
213,PAYMENT,4345.25,C368458098,12175.72,7830.47,M997388995,0.0,0.0,0,0
550,CASH_OUT,5185.34,C859217765,40094.66,34909.32,C915201803,73384.43,78569.77,0,0
723,PAYMENT,3044.25,C902780777,16818.2,13773.95,M100889515,0.0,0.0,0,0
685,PAYMENT,5836.73,C357667577,31390.17,25553.44,M696029002,0.0,0.0,0,0
383,CASH_OUT,1428.97,C549768130,17541.12,16112.15,C848776639,9504.96,10933.93,0,0
78,PAYMENT,7554.0,C987508707,8863.65,1309.65,M838443333,0.0,0.0,0,0
113,PAYMENT,11688.52,C513138820,14209.17,2520.65,M179047687,0.0,0.0,0,0
193,PAYMENT,2395.16,C381876667,4298.7,1903.54,M167468013,0.0,0.0,0,0
620,PAYMENT,6577.64,C252297457,19305.43,12727.79,M659373913,0.0,0.0,0,0
428,CASH_OUT,112597.98,C845874416,113267.43,669.45,C903497149,66948.63,179546.61,0,0
607,PAYMENT,2275.68,C909211960,30179.19,27903.51,M413844661,0.0,0.0,0,0
658,PAYMENT,709.9,C941062201,27883.96,27174.06,M713442812,0.0,0.0,0,0
239,CASH_OUT,12421.8,C878701803,38851.47,26429.67,C447704153,29203.56,41625.36,0,0
162,TRANSFER,49302.41,C101749953,92746.17,43443.76,C898343629,48838.02,98140.43,0,0
560,CASH_IN,117720.24,C739682860,154123.07,271843.31,C827016291,396892.01,279171.77,0,0
506,PAYMENT,19313.55,C120494300,21148.52,1834.97,M194487714,0.0,0.0,0,0
430,CASH_OUT,58125.98,C202366907,89194.86,31068.88,C971613758,47504.99,105630.97,0,0
605,PAYMENT,6451.25,C731525126,19801.01,13349.76,M744829104,0.0,0.0,0,0
296,PAYMENT,992.52,C780827888,1438.8,446.28,M900147648,0.0,0.0,0,0
700,PAYMENT,492.67,C819134133,7130.83,6638.16,M815136888,0.0,0.0,0,0
499,PAYMENT,7433.43,C123708714,8526.99,1093.56,M232347819,0.0,0.0,0,0
556,CASH_OUT,9215.02,C598364276,45598.38,36383.36,C745862889,12833.95,22048.97,0,0
202,PAYMENT,3587.26,C688730259,4172.47,585.21,M160603648,0.0,0.0,0,0
193,DEBIT,1719.03,C710177644,11417.68,9698.65,C323651420,16314.9,18033.93,0,0
173,PAYMENT,332.42,C996017797,690.36,357.94,M790860533,0.0,0.0,0,0
297,PAYMENT,2562.18,C905996286,3544.2,982.02,M845919829,0.0,0.0,0,0
35,CASH_OUT,38082.41,C737048685,60974.96,22892.55,C454820096,13861.58,51943.99,0,0
145,CASH_IN,37920.4,C763996218,6379.08,44299.48,C620348382,48619.39,10698.99,0,0
90,CASH_OUT,9784.67,C423617751,29520.15,19735.48,C440751605,34716.42,44501.09,0,0
411,PAYMENT,4535.93,C716870841,14934.79,10398.86,M109369305,0.0,0.0,0,0
638,PAYMENT,13611.61,C654582964,16007.05,2395.44,M853035476,0.0,0.0,0,0
243,CASH_OUT,202238.79,C227667662,229779.28,27540.49,C424614493,34298.42,236537.21,0,0
249,CASH_OUT,160653.5,C433572340,202891.52,42238.02,C147470842,56208.08,216861.58,0,0
211,CASH_OUT,8876.63,C606472790,18672.11,9795.48,C669826662,33094.63,41971.26,0,0
16,CASH_OUT,5973.85,C473353748,12591.67,6617.82,C483705420,9443.84,15417.69,0,0
60,CASH_OUT,101413.17,C394604570,130379.96,28966.79,C720586449,62566.12,163979.29,0,0
587,CASH_IN,18567.81,C280840379,62250.43,80818.24,C974446473,175018.64,156450.83,0,0
617,PAYMENT,3306.63,C633734744,14356.44,11049.81,M639598683,0.0,0.0,0,0
69,PAYMENT,1932.55,C783616082,10095.76,8163.21,M772840094,0.0,0.0,0,0
613,CASH_OUT,42435.43,C718486433,77320.79,34885.36,C681065016,27747.74,70183.17,0,0
539,PAYMENT,1998.99,C863103056,8305.9,6306.91,M634942320,0.0,0.0,0,0
552,TRANSFER,1503.85,C943795679,73676.29,72172.44,C907052643,91268.32,92772.17,0,0
113,CASH_OUT,42820.66,C452032372,52829.11,10008.45,C584811091,26436.64,69257.3,0,0
477,TRANSFER,60745.12,C911285580,136988.72,76243.6,C556873271,10964.93,71710.05,0,0
422,CASH_OUT,11953.28,C591591131,26140.38,14187.1,C130825694,20904.44,32857.72,0,0
351,PAYMENT,15935.39,C480731281,22427.7,6492.31,M106658015,0.0,0.0,0,0
655,DEBIT,1166.87,C741970746,6697.42,5530.55,C897601523,10499.93,11666.8,0,0
336,PAYMENT,1302.44,C761941928,20172.5,18870.06,M203932570,0.0,0.0,0,0
729,CASH_IN,19563.53,C973844769,19782.1,39345.63,C941643395,27679.88,8116.35,0,0
92,PAYMENT,978.51,C785007055,26082.54,25104.03,M143400395,0.0,0.0,0,0
403,PAYMENT,2712.31,C221513125,18693.02,15980.71,M832476152,0.0,0.0,0,0
163,CASH_IN,120181.24,C577863717,2803.72,122984.96,C412721630,124017.44,3836.2,0,0
624,PAYMENT,7803.79,C676163217,19295.22,11491.43,M598503647,0.0,0.0,0,0
574,PAYMENT,1939.93,C495620061,17280.36,15340.43,M525374986,0.0,0.0,0,0
402,PAYMENT,272.82,C294831943,13957.49,13684.67,M954601195,0.0,0.0,0,0
334,PAYMENT,251.68,C659162631,683.15,431.47,M493704275,0.0,0.0,0,0
131,DEBIT,2349.21,C658675224,21276.61,18927.4,C452646932,614.95,2964.16,0,0
439,CASH_OUT,95665.75,C845474197,103311.87,7646.12,C581650602,72332.46,167998.21,0,0
499,CASH_IN,5364.9,C963646990,21159.89,26524.79,C968330047,14243.73,8878.83,0,0
191,CASH_OUT,36064.62,C229110659,41812.1,5747.48,C383145678,25026.17,61090.79,0,0
114,PAYMENT,11594.34,C401597757,12718.16,1123.82,M608123187,0.0,0.0,0,0
623,PAYMENT,7119.42,C720088032,8685.04,1565.62,M392647132,0.0,0.0,0,0
639,CASH_OUT,6071.1,C728629464,10907.22,4836.12,C113155686,7636.72,13707.82,0,0
713,TRANSFER,29345.96,C661340519,70029.32,40683.36,C704642634,1462.05,30808.01,0,0
663,PAYMENT,3461.44,C190080822,17753.18,14291.74,M493607314,0.0,0.0,0,0
632,PAYMENT,556.51,C944424535,2487.78,1931.27,M360213946,0.0,0.0,0,0
548,CASH_OUT,6711.89,C392227439,35645.37,28933.48,C936374686,11922.11,18634.0,0,0
293,CASH_IN,16972.49,C197252826,5535.63,22508.12,C739876094,207605.56,190633.07,0,0
414,PAYMENT,3091.84,C170628791,8788.46,5696.62,M879429096,0.0,0.0,0,0
709,CASH_IN,32623.37,C969284809,95851.21,128474.58,C777489193,55328.46,22705.09,0,0
433,CASH_OUT,1703.26,C841541342,13829.91,12126.65,C848352111,4190.12,5893.38,0,0
585,CASH_OUT,105101.35,C438539033,125681.56,20580.21,C162346672,88293.64,193394.99,0,0
48,PAYMENT,9833.65,C498817562,12883.03,3049.38,M565483101,0.0,0.0,0,0
198,CASH_OUT,27157.21,C567863753,30468.28,3311.07,C449636799,24922.57,52079.78,0,0
536,CASH_IN,17421.86,C889701208,6727.07,24148.93,C615968520,64149.28,46727.42,0,0
129,PAYMENT,4770.15,C971237660,11909.01,7138.86,M697622102,0.0,0.0,0,0
30,CASH_OUT,39145.19,C279017993,49457.77,10312.58,C498624790,76188.04,115333.23,0,0
220,PAYMENT,630.8,C755878837,3514.42,2883.62,M984404251,0.0,0.0,0,0
132,TRANSFER,1075189.16,C440931065,1075189.16,0.0,C835057873,0.0,1075189.16,1,0
548,CASH_OUT,12625.35,C825385149,18680.73,6055.38,C241885340,33249.81,45875.16,0,0
48,TRANSFER,102094.39,C410199730,149021.85,46927.46,C728679864,6722.26,108816.65,0,0
670,TRANSFER,93982.16,C459678829,116621.17,22639.01,C224678090,35258.99,129241.15,0,0
581,CASH_IN,37248.21,C981080095,147658.66,184906.87,C409492759,52962.17,15713.96,0,0
55,TRANSFER,5906.93,C539594322,24124.65,18217.72,C488021249,1943.25,7850.18,0,0
672,PAYMENT,907.0,C367708575,10326.59,9419.59,M546108722,0.0,0.0,0,0
577,PAYMENT,1948.27,C350074045,27037.74,25089.47,M826304271,0.0,0.0,0,0
615,PAYMENT,10131.86,C748830516,21332.21,11200.35,M328078952,0.0,0.0,0,0
727,CASH_IN,42735.49,C725994099,88120.42,130855.91,C512789597,136813.41,94077.92,0,0
146,CASH_OUT,21882.53,C587244603,30000.28,8117.75,C443434105,1547.07,23429.6,0,0
367,PAYMENT,453.79,C995590744,54491.97,54038.18,M373291006,0.0,0.0,0,0
457,CASH_OUT,9243.88,C144491929,29653.45,20409.57,C495622679,4916.67,14160.55,0,0
150,CASH_OUT,10964.06,C834416117,24053.5,13089.44,C145527540,36925.16,47889.22,0,0
305,PAYMENT,1675.17,C610051333,14905.01,13229.84,M991439432,0.0,0.0,0,0
355,CASH_OUT,44247.69,C434774627,122426.79,78179.1,C504623591,147052.09,191299.78,0,0
151,TRANSFER,19320.7,C815395910,30527.1,11206.4,C312720082,93819.97,113140.67,0,0
55,TRANSFER,73405.38,C129134401,99557.85,26152.47,C375458786,11721.46,85126.84,0,0
739,TRANSFER,795969.89,C552146756,795969.89,0.0,C496152070,0.0,795969.89,1,0
587,DEBIT,1168.58,C174277064,2911.68,1743.1,C682160837,25153.81,26322.39,0,0
390,PAYMENT,796.55,C932110319,5244.38,4447.83,M667645084,0.0,0.0,0,0
418,PAYMENT,120.37,C580954165,50682.15,50561.78,M454356653,0.0,0.0,0,0
95,PAYMENT,3088.44,C290939688,8959.01,5870.57,M241397411,0.0,0.0,0,0
710,CASH_OUT,978.37,C870656243,34610.55,33632.18,C226458519,10994.79,11973.16,0,0
395,DEBIT,2037.99,C986829539,9378.54,7340.55,C639623879,2302.14,4340.13,0,0
171,PAYMENT,587.48,C136346199,11446.71,10859.23,M682143431,0.0,0.0,0,0
602,CASH_OUT,4941.05,C927113560,60486.58,55545.53,C430054068,70106.08,75047.13,0,0
243,TRANSFER,40273.17,C793966825,54742.31,14469.14,C175142813,28502.13,68775.3,0,0
422,DEBIT,3188.29,C867647551,6388.22,3199.93,C289621634,26359.45,29547.74,0,0
47,PAYMENT,4057.29,C357919922,9698.92,5641.63,M275819833,0.0,0.0,0,0
136,CASH_IN,105346.59,C636405395,3483.93,108830.52,C689797110,108252.94,2906.35,0,0
167,CASH_OUT,54334.39,C114616141,117108.94,62774.55,C949303987,35537.1,89871.49,0,0
13,DEBIT,2784.61,C438860539,6727.49,3942.88,C594625232,12234.55,15019.16,0,0
300,TRANSFER,459488.18,C589199491,459488.18,0.0,C780215087,0.0,459488.18,1,0
438,CASH_OUT,105765.03,C686192328,121997.69,16232.66,C160437980,12959.2,118724.23,0,0
623,CASH_OUT,40102.9,C786967073,47546.16,7443.26,C325126282,18979.37,59082.27,0,0
128,CASH_OUT,45825.23,C630539543,51662.62,5837.39,C228615330,28962.48,74787.71,0,0
225,PAYMENT,1900.88,C306823846,9324.79,7423.91,M280644747,0.0,0.0,0,0
135,PAYMENT,13728.94,C564711690,15796.6,2067.66,M662396361,0.0,0.0,0,0
394,CASH_OUT,16521.13,C145828145,27966.73,11445.6,C752569300,89359.43,105880.56,0,0
84,CASH_OUT,53069.7,C634576524,55044.49,1974.79,C970400085,34395.78,87465.48,0,0
271,CASH_OUT,799734.12,C270416549,799734.12,0.0,C461808923,38782.22,838516.34,1,0
17,PAYMENT,628.07,C284853723,13288.56,12660.49,M260698854,0.0,0.0,0,0
347,TRANSFER,52128.91,C267352765,94034.05,41905.14,C893716910,6410.17,58539.08,0,0
739,PAYMENT,3240.09,C230640848,22099.73,18859.64,M530289590,0.0,0.0,0,0
389,CASH_OUT,82453.84,C650000926,83488.64,1034.8,C793214561,86558.14,169011.98,0,0
513,CASH_OUT,284880.03,C787863957,285308.78,428.75,C377360086,14515.83,299395.86,0,0
630,PAYMENT,10826.92,C968326239,15061.28,4234.36,M153231418,0.0,0.0,0,0
186,PAYMENT,9122.91,C520227300,11170.3,2047.39,M132606087,0.0,0.0,0,0
389,CASH_OUT,56416.74,C609377508,71475.59,15058.85,C794284870,19257.69,75674.43,0,0
67,PAYMENT,2224.7,C376837074,7425.88,5201.18,M634733653,0.0,0.0,0,0
120,PAYMENT,4938.0,C381251837,5800.17,862.17,M719145763,0.0,0.0,0,0
233,CASH_OUT,116057.77,C731525620,124022.86,7965.09,C442128336,121840.0,237897.77,0,0
381,PAYMENT,5929.69,C297627319,14097.79,8168.1,M318769728,0.0,0.0,0,0
447,CASH_OUT,15850.47,C559923050,44018.14,28167.67,C318931816,34185.9,50036.37,0,0
703,PAYMENT,1287.86,C917401339,2315.85,1027.99,M972524509,0.0,0.0,0,0
454,CASH_OUT,47357.22,C487735900,81748.5,34391.28,C289840477,50449.06,97806.28,0,0
69,PAYMENT,2147.46,C403044103,40763.5,38616.04,M950622074,0.0,0.0,0,0
704,PAYMENT,1440.04,C471917462,7100.38,5660.34,M288506476,0.0,0.0,0,0
573,PAYMENT,243.15,C949109425,1680.75,1437.6,M538222056,0.0,0.0,0,0
211,CASH_OUT,32466.07,C691613129,87000.21,54534.14,C595409584,13660.44,46126.51,0,0
49,CASH_OUT,32011.0,C755661149,42834.59,10823.59,C447689890,40821.03,72832.03,0,0
540,CASH_IN,11397.02,C377515239,43402.87,54799.89,C442456124,87898.04,76501.02,0,0
324,CASH_OUT,45687.88,C864572660,87680.0,41992.12,C204368214,286387.99,332075.87,0,0
265,CASH_IN,127338.32,C919152120,34916.16,162254.48,C172710238,173807.81,46469.49,0,0
372,PAYMENT,2002.28,C154453772,3857.81,1855.53,M200582906,0.0,0.0,0,0
103,PAYMENT,5952.18,C368953011,12839.68,6887.5,M740719541,0.0,0.0,0,0
599,CASH_OUT,20809.46,C315271571,48520.77,27711.31,C542007621,45038.58,65848.04,0,0
456,CASH_OUT,192711.11,C161337129,198381.67,5670.56,C793854670,21169.93,213881.04,0,0
517,DEBIT,6390.54,C602763257,19286.54,12896.0,C929475183,39047.19,45437.73,0,0
154,PAYMENT,365.39,C415342110,8433.1,8067.71,M268896765,0.0,0.0,0,0
475,PAYMENT,3398.92,C148729394,6860.75,3461.83,M543993840,0.0,0.0,0,0
325,CASH_IN,116354.34,C623363293,55004.48,171358.82,C510833355,170659.15,54304.81,0,0
737,TRANSFER,184653.81,C196408972,209114.91,24461.1,C885742936,1074.88,185728.69,0,0
410,PAYMENT,12011.22,C222492551,12093.79,82.57,M900354022,0.0,0.0,0,0
50,TRANSFER,17710.91,C746713822,117245.0,99534.09,C558578147,82535.15,100246.06,0,0
308,CASH_IN,96023.07,C238704941,42347.99,138371.06,C863035841,124848.19,28825.12,0,0
410,CASH_OUT,33875.26,C475463848,34904.07,1028.81,C731028354,28034.05,61909.31,0,0
716,PAYMENT,9095.57,C686302331,28638.53,19542.96,M432196574,0.0,0.0,0,0
132,CASH_IN,36513.86,C977104555,70193.35,106707.21,C851389537,111579.54,75065.68,0,0
345,CASH_OUT,4843.43,C217801558,8325.39,3481.96,C419775025,19317.94,24161.37,0,0
264,CASH_IN,54709.74,C421581954,21283.78,75993.52,C714593092,60522.85,5813.11,0,0
38,CASH_OUT,68714.25,C512793564,106250.48,37536.23,C416150259,18889.11,87603.36,0,0
340,CASH_OUT,41142.21,C305627267,51290.75,10148.54,C924479552,44917.1,86059.31,0,0
496,PAYMENT,15966.1,C418627000,16113.49,147.39,M966017413,0.0,0.0,0,0
59,CASH_OUT,68896.99,C883250123,80956.82,12059.83,C770438381,24241.41,93138.4,0,0
555,PAYMENT,7985.0,C336609539,23327.46,15342.46,M845309444,0.0,0.0,0,0
72,PAYMENT,3546.71,C633263952,3735.79,189.08,M729227068,0.0,0.0,0,0
177,DEBIT,2219.68,C981183788,7556.27,5336.59,C328797891,7409.35,9629.03,0,0
85,CASH_OUT,44913.35,C173110372,61668.88,16755.53,C623284686,85361.56,130274.91,0,0
128,CASH_OUT,35411.4,C976023572,51296.94,15885.54,C753862946,93475.85,128887.25,0,0
22,CASH_OUT,22935.75,C726748755,33433.8,10498.05,C477557486,11812.72,34748.47,0,0
104,PAYMENT,1823.3,C944286566,2085.01,261.71,M915376970,0.0,0.0,0,0
273,CASH_OUT,164061.41,C273380208,167283.62,3222.21,C850696557,30407.42,194468.83,0,0
274,DEBIT,248.16,C315937008,2212.31,1964.15,C681682086,22702.34,22950.5,0,0
737,PAYMENT,1331.73,C207479805,7558.55,6226.82,M658813670,0.0,0.0,0,0
35,DEBIT,4612.49,C312830117,7121.78,2509.29,C861223672,15899.91,20512.4,0,0
104,CASH_OUT,55569.7,C595738191,72584.78,17015.08,C469096315,137059.48,192629.18,0,0
562,CASH_OUT,58070.66,C255038203,62759.94,4689.28,C444728442,72990.86,131061.52,0,0
190,CASH_OUT,45758.05,C837068846,133693.4,87935.35,C181589065,58022.13,103780.18,0,0
355,CASH_OUT,105544.26,C358548245,105934.62,390.36,C750957766,18018.59,123562.85,0,0
365,CASH_OUT,54111.77,C729606494,54403.1,291.33,C223761204,3223.64,57335.41,0,0
113,CASH_IN,27669.45,C148236020,186400.39,214069.84,C536154725,146946.06,119276.61,0,0
15,CASH_IN,12666.72,C588352824,30522.0,43188.72,C167167561,96125.72,83459.0,0,0
485,PAYMENT,4104.56,C269738574,8694.8,4590.24,M228402294,0.0,0.0,0,0
64,CASH_OUT,9317.8,C516908107,32941.81,23624.01,C658088410,53461.59,62779.39,0,0
335,CASH_OUT,54780.22,C896953154,60128.71,5348.49,C175950719,57119.76,111899.98,0,0
567,CASH_IN,1646.74,C607379930,19791.49,21438.23,C305093036,133197.27,131550.53,0,0
293,PAYMENT,574.06,C490642194,2544.3,1970.24,M355923337,0.0,0.0,0,0
150,DEBIT,2303.0,C160296384,18392.37,16089.37,C937699467,5434.1,7737.1,0,0
139,PAYMENT,2228.81,C745091728,3234.02,1005.21,M181408229,0.0,0.0,0,0
372,CASH_OUT,1773.02,C366262031,11286.75,9513.73,C370834305,47257.95,49030.97,0,0
439,PAYMENT,19621.95,C350902968,26576.48,6954.53,M452603597,0.0,0.0,0,0
96,CASH_OUT,128469.09,C328902320,142219.93,13750.84,C779384423,8618.82,137087.91,0,0
259,CASH_OUT,2909.25,C731627376,28155.34,25246.09,C335316962,4208.53,7117.78,0,0
300,CASH_OUT,32607.93,C414920293,46967.74,14359.81,C436717356,20475.52,53083.45,0,0
700,CASH_OUT,13641.48,C346574369,91144.2,77502.72,C316808947,5997.76,19639.24,0,0
291,CASH_OUT,31505.18,C772419131,57537.1,26031.92,C224446495,12139.86,43645.04,0,0
200,PAYMENT,8359.19,C270185734,12617.82,4258.63,M958231462,0.0,0.0,0,0
131,PAYMENT,239.31,C753445158,3687.08,3447.77,M498213426,0.0,0.0,0,0
265,TRANSFER,21865.22,C918777747,24912.14,3046.92,C966314466,1224.23,23089.45,0,0
241,PAYMENT,1022.48,C487149447,7237.99,6215.51,M228305664,0.0,0.0,0,0
706,TRANSFER,470.6,C263882861,8314.37,7843.77,C375591831,16316.0,16786.6,0,0
36,CASH_OUT,56123.48,C722386486,60698.33,4574.85,C993565995,107933.05,164056.53,0,0
475,PAYMENT,9451.95,C408988677,14762.24,5310.29,M981745788,0.0,0.0,0,0
186,CASH_OUT,17500.81,C532635000,17652.2,151.39,C636967759,14076.43,31577.24,0,0
12,PAYMENT,1879.62,C777692824,1884.86,5.24,M599483041,0.0,0.0,0,0
551,PAYMENT,378.44,C675400233,2306.23,1927.79,M638242119,0.0,0.0,0,0
617,PAYMENT,1538.83,C506992652,14382.68,12843.85,M783544151,0.0,0.0,0,0
271,CASH_IN,39691.17,C604165436,94936.07,134627.24,C431455152,57448.96,17757.79,0,0
222,CASH_OUT,19030.97,C701589636,27392.07,8361.1,C392422155,20257.25,39288.22,0,0
672,PAYMENT,554.09,C486938847,4188.91,3634.82,M886339788,0.0,0.0,0,0
258,CASH_IN,32613.09,C479819241,53326.08,85939.17,C190934607,73845.82,41232.73,0,0
615,CASH_OUT,4321.65,C379825192,9385.52,5063.87,C957429486,81427.5,85749.15,0,0
724,CASH_IN,59347.24,C914892226,1737.65,61084.89,C677663606,101207.53,41860.29,0,0
502,CASH_OUT,58595.11,C782329280,74260.18,15665.07,C719240173,33378.27,91973.38,0,0
182,CASH_IN,74239.39,C966620323,25718.48,99957.87,C856291164,172679.0,98439.61,0,0
703,TRANSFER,7484.9,C195970753,22528.03,15043.13,C352180711,43659.37,51144.27,0,0
354,CASH_OUT,49145.54,C798691506,54084.0,4938.46,C182918071,22022.8,71168.34,0,0
457,PAYMENT,4080.49,C207880424,26063.69,21983.2,M870348442,0.0,0.0,0,0
700,CASH_IN,9667.34,C306358516,15544.62,25211.96,C901105158,25603.35,15936.01,0,0
602,PAYMENT,9875.82,C383784785,27183.97,17308.15,M283632119,0.0,0.0,0,0
337,CASH_OUT,2670.69,C796138921,36375.87,33705.18,C252510157,56695.6,59366.29,0,0
557,PAYMENT,230.11,C469425746,18041.55,17811.44,M868562916,0.0,0.0,0,0
571,CASH_OUT,39807.49,C970861569,41705.77,1898.28,C904527357,17394.36,57201.85,0,0
604,PAYMENT,1175.39,C903076319,12287.35,11111.96,M976024024,0.0,0.0,0,0
246,CASH_OUT,7107.48,C937315693,15746.92,8639.44,C817010504,14546.14,21653.62,0,0
683,CASH_IN,93481.14,C469530155,26449.82,119930.96,C425830973,325014.53,231533.39,0,0
149,CASH_IN,51570.48,C333145544,6204.37,57774.85,C572346406,52440.92,870.44,0,0
288,PAYMENT,3387.72,C733408518,7971.89,4584.17,M116023827,0.0,0.0,0,0
57,TRANSFER,19448.86,C192727939,21586.35,2137.49,C406195875,47121.78,66570.64,0,0
139,CASH_OUT,42259.38,C170415631,54944.6,12685.22,C449630812,46960.52,89219.9,0,0
579,PAYMENT,1490.67,C679160720,37799.49,36308.82,M771421384,0.0,0.0,0,0
193,PAYMENT,3802.59,C656347694,4778.63,976.04,M658220998,0.0,0.0,0,0
652,CASH_IN,2868.21,C264389933,146.8,3015.01,C544120174,90234.64,87366.43,0,0
574,CASH_OUT,3189.24,C932255899,23155.14,19965.9,C977723693,12852.11,16041.35,0,0
266,CASH_OUT,9151.29,C412957113,54101.04,44949.75,C103736437,10520.32,19671.61,0,0
228,CASH_OUT,42416.07,C439814185,48050.12,5634.05,C317220386,42173.74,84589.81,0,0
107,PAYMENT,2315.1,C431581075,12911.88,10596.78,M291933902,0.0,0.0,0,0
13,PAYMENT,4806.93,C376257585,15747.76,10940.83,M361666689,0.0,0.0,0,0
167,PAYMENT,318.36,C738422662,4712.23,4393.87,M938972358,0.0,0.0,0,0
76,CASH_IN,33838.62,C629108052,138636.49,172475.11,C689197712,104734.52,70895.9,0,0
737,DEBIT,3366.0,C148558161,5823.14,2457.14,C897531533,51135.38,54501.38,0,0
394,CASH_OUT,83946.37,C403472825,86934.54,2988.17,C715355672,26754.56,110700.93,0,0
492,PAYMENT,1614.41,C866775553,29990.19,28375.78,M663685762,0.0,0.0,0,0
635,TRANSFER,20806.13,C731764139,63017.66,42211.53,C661790770,506.94,21313.07,0,0
147,CASH_OUT,25579.0,C243821936,110641.58,85062.58,C424179900,63436.52,89015.52,0,0
285,CASH_IN,19410.04,C954825359,89423.24,108833.28,C908031682,172092.29,152682.25,0,0
454,PAYMENT,5033.87,C737770400,24715.54,19681.67,M986424292,0.0,0.0,0,0
722,CASH_OUT,70531.71,C731510620,78290.59,7758.88,C889495003,26908.15,97439.86,0,0
137,PAYMENT,5557.34,C451604948,11901.88,6344.54,M350234694,0.0,0.0,0,0
681,CASH_IN,33161.06,C925007317,22928.76,56089.82,C530362874,75447.27,42286.21,0,0
435,CASH_OUT,109360.52,C104597669,117458.04,8097.52,C165693400,8517.81,117878.33,0,0
703,PAYMENT,2427.36,C302991814,3855.19,1427.83,M409973551,0.0,0.0,0,0
431,CASH_OUT,40944.39,C847621943,44126.4,3182.01,C251238665,20155.65,61100.04,0,0
562,CASH_IN,91634.01,C239151302,303660.17,395294.18,C915094131,175630.38,83996.37,0,0
38,PAYMENT,9184.22,C890832427,10480.26,1296.04,M549013938,0.0,0.0,0,0
265,PAYMENT,17731.15,C478571252,23035.01,5303.86,M214543340,0.0,0.0,0,0
398,PAYMENT,1272.51,C486376072,4626.85,3354.34,M546350563,0.0,0.0,0,0
350,PAYMENT,2193.26,C671761267,2733.57,540.31,M705358727,0.0,0.0,0,0
90,PAYMENT,4892.47,C530293042,11213.33,6320.86,M522047143,0.0,0.0,0,0
172,CASH_OUT,55087.52,C168056057,106726.46,51638.94,C301400180,100254.69,155342.21,0,0
667,CASH_IN,5972.17,C605912980,1899.67,7871.84,C236517691,102084.12,96111.95,0,0
172,CASH_OUT,47307.4,C647059083,53921.27,6613.87,C730853202,21219.89,68527.29,0,0
563,CASH_OUT,32823.17,C881708371,75245.87,42422.7,C813227829,32976.97,65800.14,0,0
201,CASH_OUT,137240.33,C832847492,138170.13,929.8,C889909303,25403.1,162643.43,0,0
412,CASH_OUT,10381.63,C842185274,47104.83,36723.2,C274493108,73280.35,83661.98,0,0
495,PAYMENT,1962.15,C946587049,2098.52,136.37,M207748050,0.0,0.0,0,0
437,PAYMENT,3491.1,C104549013,4252.08,760.98,M218571751,0.0,0.0,0,0
284,TRANSFER,11394.5,C998566692,14785.15,3390.65,C739331355,7134.18,18528.68,0,0
467,CASH_IN,15850.36,C450848827,26540.25,42390.61,C147868832,110558.07,94707.71,0,0
618,CASH_OUT,14425.1,C203683867,25888.67,11463.57,C132272407,39838.37,54263.47,0,0
570,CASH_IN,19343.64,C915352780,157175.45,176519.09,C501488916,39739.02,20395.38,0,0
178,PAYMENT,2317.84,C268771818,3232.44,914.6,M852864096,0.0,0.0,0,0
28,CASH_IN,23156.12,C888810193,21765.95,44922.07,C372776891,158205.25,135049.13,0,0
39,PAYMENT,10617.05,C879053688,10871.87,254.82,M594504021,0.0,0.0,0,0
743,PAYMENT,11200.62,C513016091,13087.68,1887.06,M115866875,0.0,0.0,0,0
534,CASH_OUT,4260.35,C294592250,8460.1,4199.75,C242475920,46998.15,51258.5,0,0
505,PAYMENT,7171.55,C415580059,21485.67,14314.12,M935870623,0.0,0.0,0,0
14,CASH_OUT,146648.37,C733545623,156781.32,10132.95,C994083000,9792.08,156440.45,0,0
106,CASH_OUT,23287.32,C314072566,36600.83,13313.51,C109765167,44053.53,67340.85,0,0
200,CASH_OUT,15643.54,C207575240,28170.0,12526.46,C820654361,84160.68,99804.22,0,0
30,PAYMENT,2357.24,C561937163,2527.01,169.77,M566629296,0.0,0.0,0,0
295,PAYMENT,827.55,C628144840,39063.89,38236.34,M793150865,0.0,0.0,0,0
702,PAYMENT,9095.82,C694477145,15721.49,6625.67,M414025341,0.0,0.0,0,0
149,CASH_IN,12745.81,C534848783,45003.8,57749.61,C811959918,32727.42,19981.61,0,0
468,PAYMENT,24088.35,C989358212,28208.08,4119.73,M601774283,0.0,0.0,0,0
79,CASH_OUT,45052.31,C120118640,97586.4,52534.09,C863225852,20020.66,65072.97,0,0
30,DEBIT,4137.17,C656138957,6705.61,2568.44,C462532588,59883.92,64021.09,0,0
85,CASH_OUT,823703.6,C450194149,823703.6,0.0,C877580056,35748.94,859452.54,1,1
502,PAYMENT,2286.75,C798784904,14805.7,12518.95,M346809786,0.0,0.0,0,0
395,CASH_OUT,55031.82,C732244866,68657.05,13625.23,C822699674,55813.77,110845.59,0,0
5,PAYMENT,922.01,C424335308,9749.06,8827.05,M371838577,0.0,0.0,0,0
15,PAYMENT,3867.15,C702443075,12859.17,8992.02,M973513400,0.0,0.0,0,0
136,CASH_IN,44332.42,C813286903,16491.07,60823.49,C217424061,88741.02,44408.6,0,0
637,CASH_OUT,11511.63,C618609237,19644.77,8133.14,C996977556,6242.06,17753.69,0,0
64,CASH_OUT,78378.08,C851432943,85209.38,6831.3,C525159774,11254.25,89632.33,0,0
569,CASH_OUT,149069.41,C383722225,153843.84,4774.43,C625696326,22530.96,171600.37,0,0
325,CASH_IN,3647.86,C430163376,23555.83,27203.69,C182963742,54096.37,50448.51,0,0
297,DEBIT,828.1,C126221411,5571.98,4743.88,C573329625,45064.68,45892.78,0,0
42,CASH_IN,131140.59,C200943644,14800.29,145940.88,C445004772,239538.36,108397.77,0,0
588,PAYMENT,1610.46,C650306223,4507.28,2896.82,M132664107,0.0,0.0,0,0
725,CASH_OUT,16802.52,C136534063,81148.35,64345.83,C473981895,19062.55,35865.07,0,0
36,CASH_OUT,143011.56,C600106203,190872.67,47861.11,C630139278,4889.09,147900.65,0,0
412,TRANSFER,13135.37,C910038897,30898.68,17763.31,C468016171,16809.19,29944.56,0,0
624,CASH_OUT,147115.19,C879966598,188228.5,41113.31,C582800026,11542.61,158657.8,0,0
430,CASH_OUT,23773.68,C403960110,57252.24,33478.56,C724281520,27232.04,51005.72,0,0
466,CASH_OUT,2634.36,C386020222,5962.73,3328.37,C740759220,15450.55,18084.91,0,0
34,PAYMENT,1895.66,C440139679,6271.34,4375.68,M333346617,0.0,0.0,0,0
379,CASH_IN,37788.03,C596243027,81785.53,119573.56,C503930156,139739.31,101951.28,0,0
484,CASH_OUT,27429.15,C575973674,35711.49,8282.34,C446352946,37004.23,64433.38,0,0
127,CASH_OUT,25985.45,C797290531,112591.32,86605.87,C716756519,22886.67,48872.12,0,0
616,CASH_IN,4290.46,C578851628,25259.26,29549.72,C497226097,46754.38,42463.92,0,0
637,CASH_IN,86273.26,C196341740,126827.83,213101.09,C630976994,117853.82,31580.56,0,0
386,CASH_IN,4588.04,C145933372,60487.31,65075.35,C777284073,5801.63,1213.59,0,0
516,CASH_IN,8562.84,C434449388,121107.74,129670.58,C574226213,9732.11,1169.27,0,0
685,TRANSFER,42743.22,C770152627,84912.5,42169.28,C611264019,24813.15,67556.37,0,0
177,PAYMENT,5327.61,C900372839,17376.82,12049.21,M366851563,0.0,0.0,0,0
530,CASH_IN,6813.65,C250337756,245057.39,251871.04,C243621962,28412.09,21598.44,0,0
86,PAYMENT,12286.05,C744606131,15899.7,3613.65,M638545144,0.0,0.0,0,0
329,CASH_OUT,81358.47,C930531390,87454.96,6096.49,C437624477,84565.95,165924.42,0,0
87,DEBIT,1146.86,C282079357,4818.0,3671.14,C822375760,431.14,1578.0,0,0
482,CASH_IN,10636.39,C829874154,31511.89,42148.28,C356759918,200029.33,189392.94,0,0
530,PAYMENT,1693.23,C523384922,3205.29,1512.06,M616061164,0.0,0.0,0,0
415,CASH_IN,76095.27,C455919821,81335.2,157430.47,C150093049,116270.89,40175.62,0,0
325,CASH_IN,2405.18,C720149705,45436.47,47841.65,C571002569,52910.5,50505.32,0,0
631,TRANSFER,17081.71,C203765977,53779.22,36697.51,C134190392,26356.73,43438.44,0,0
560,PAYMENT,5174.25,C307675016,5841.57,667.32,M397843729,0.0,0.0,0,0
678,PAYMENT,440.13,C794505197,13550.0,13109.87,M393650707,0.0,0.0,0,0
494,CASH_OUT,30128.9,C468460793,38231.48,8102.58,C870575778,25693.31,55822.21,0,0
50,TRANSFER,14722.19,C799737529,68723.75,54001.56,C843166281,20378.97,35101.16,0,0
598,TRANSFER,911604.26,C928865197,911604.26,0.0,C779639589,0.0,0.0,1,0
168,CASH_OUT,132509.11,C421811159,142054.1,9544.99,C717547872,1055.69,133564.8,0,0
345,PAYMENT,1651.77,C887792331,5017.93,3366.16,M549762410,0.0,0.0,0,0
606,TRANSFER,10201.35,C392921760,12736.97,2535.62,C271065660,1781.97,11983.32,0,0
592,CASH_OUT,54165.92,C254860855,78479.08,24313.16,C992256393,5882.27,60048.19,0,0
69,CASH_IN,126405.68,C771063384,75420.42,201826.1,C221395961,206478.46,80072.78,0,0
92,CASH_IN,571.13,C748170003,54039.73,54610.86,C756389172,91957.32,91386.19,0,0
410,DEBIT,5917.85,C464802510,10865.17,4947.32,C787062528,13179.05,19096.9,0,0
739,CASH_OUT,71228.14,C689598369,75928.56,4700.42,C707201218,3919.08,75147.22,0,0
248,CASH_OUT,73102.65,C160310681,73479.98,377.33,C863906556,60367.43,133470.08,0,0
353,CASH_OUT,46844.32,C359398256,55958.9,9114.58,C735627342,8657.7,55502.02,0,0
105,CASH_IN,3169.69,C246417208,10498.5,13668.19,C965627816,13070.61,9900.92,0,0
726,CASH_OUT,31264.84,C608860414,67834.79,36569.95,C776784861,60078.34,91343.18,0,0
646,PAYMENT,3568.89,C821604151,4800.2,1231.31,M509676465,0.0,0.0,0,0
674,CASH_OUT,53726.3,C345751538,69653.93,15927.63,C827582134,4717.09,58443.39,0,0
168,CASH_OUT,13844.46,C135022332,20387.81,6543.35,C217849598,53308.32,67152.78,0,0
9,CASH_OUT,40309.08,C194937912,47774.75,7465.67,C151596490,95156.54,135465.62,0,0
394,PAYMENT,4225.41,C775105816,25448.07,21222.66,M134832573,0.0,0.0,0,0
579,TRANSFER,9430.11,C257705308,72088.16,62658.05,C203367151,22383.08,31813.19,0,0
206,CASH_IN,15755.45,C627371931,47701.24,63456.69,C522411921,62403.99,46648.54,0,0
77,TRANSFER,35600.84,C434162128,42466.03,6865.19,C170465081,21016.46,56617.3,0,0
610,PAYMENT,11029.48,C161449319,17761.28,6731.8,M283850355,0.0,0.0,0,0
304,CASH_IN,60676.66,C394652861,79101.16,139777.82,C858419795,78458.28,17781.62,0,0
525,CASH_OUT,152744.89,C219130150,154552.34,1807.45,C358346067,111803.84,264548.73,0,0
63,DEBIT,1660.52,C361388089,2002.51,341.99,C457533607,20561.12,22221.64,0,0
297,CASH_IN,66787.17,C808694267,112444.19,179231.36,C805013187,128909.29,62122.12,0,0
36,CASH_OUT,49676.55,C325068243,80697.13,31020.58,C330231935,47732.17,97408.72,0,0
555,PAYMENT,7594.21,C128301150,19633.28,12039.07,M224860927,0.0,0.0,0,0
414,PAYMENT,4258.06,C170001008,26583.89,22325.83,M172545191,0.0,0.0,0,0
418,PAYMENT,4568.82,C378008932,8434.01,3865.19,M674716311,0.0,0.0,0,0
316,CASH_OUT,48468.51,C564755171,64761.8,16293.29,C634111701,6500.88,54969.39,0,0
669,DEBIT,2586.32,C237526889,5740.14,3153.82,C661817224,12848.53,15434.85,0,0
55,PAYMENT,9905.54,C952082643,19475.47,9569.93,M161781113,0.0,0.0,0,0
546,CASH_OUT,6612.98,C812863362,31024.17,24411.19,C260537159,386.67,6999.65,0,0
270,TRANSFER,144204.09,C544410567,186171.15,41967.06,C797379159,43683.27,187887.36,0,0
497,CASH_IN,2251.26,C973750228,61768.36,64019.62,C928081711,47822.73,45571.47,0,0
186,CASH_IN,37159.85,C814826205,53941.97,91101.82,C125205623,82923.38,45763.53,0,0
233,PAYMENT,4199.06,C852169912,26127.57,21928.51,M690467316,0.0,0.0,0,0
438,CASH_OUT,126664.37,C335152039,135578.82,8914.45,C297020269,60534.12,187198.49,0,0
478,PAYMENT,113.08,C995625273,4629.76,4516.68,M131841014,0.0,0.0,0,0
561,CASH_IN,15801.47,C570556026,1069.63,16871.1,C388472257,22684.03,6882.56,0,0
441,PAYMENT,1150.02,C358690697,24462.65,23312.63,M563451541,0.0,0.0,0,0
324,CASH_OUT,54076.37,C296507829,80322.56,26246.19,C933153489,26626.26,80702.63,0,0
487,CASH_IN,4889.82,C918417369,53485.68,58375.5,C996966744,24599.03,19709.21,0,0
428,PAYMENT,12229.73,C722675531,14741.88,2512.15,M938752546,0.0,0.0,0,0
72,CASH_IN,31433.87,C747402977,16078.57,47512.44,C818514443,75853.4,44419.53,0,0
685,CASH_OUT,5422.62,C518648496,36614.1,31191.48,C798097536,1918.4,7341.02,0,0
276,CASH_OUT,50269.5,C712465759,55297.56,5028.06,C135374373,2195.73,52465.23,0,0
548,TRANSFER,32565.62,C254046977,90933.34,58367.72,C175443070,7943.64,40509.26,0,0
505,CASH_OUT,2456.87,C900960137,3228.89,772.02,C402578133,1286.55,3743.42,0,0
533,PAYMENT,5687.18,C978318829,6651.55,964.37,M528228481,0.0,0.0,0,0
655,CASH_OUT,68554.7,C252123357,89140.87,20586.17,C623342821,11481.79,80036.49,0,0
88,CASH_OUT,19118.42,C824161598,34627.55,15509.13,C530323074,46966.28,66084.7,0,0
416,PAYMENT,519.75,C855436456,4987.0,4467.25,M751709164,0.0,0.0,0,0
517,TRANSFER,85298.64,C237637821,91303.66,6005.02,C988052590,38542.03,123840.67,0,0
457,CASH_IN,78800.41,C849026397,39059.32,117859.73,C891697102,149000.93,70200.52,0,0
531,CASH_IN,75852.92,C534315918,80128.26,155981.18,C604303206,117896.52,42043.6,0,0
519,PAYMENT,7354.38,C704780427,10223.42,2869.04,M257207191,0.0,0.0,0,0
37,CASH_OUT,4018.05,C724638991,57183.72,53165.67,C292997117,20194.15,24212.2,0,0
234,CASH_IN,70112.96,C633307464,27504.79,97617.75,C591025334,87558.74,17445.78,0,0
549,CASH_OUT,84148.79,C420115682,86242.47,2093.68,C835261675,16329.99,100478.78,0,0
28,PAYMENT,6465.97,C634460536,9336.82,2870.85,M183129833,0.0,0.0,0,0
638,CASH_OUT,13744.1,C312465737,15892.65,2148.55,C514637746,16910.39,30654.49,0,0
192,CASH_OUT,12273.06,C293350061,29584.59,17311.53,C425205492,28173.45,40446.51,0,0
480,CASH_IN,10135.25,C154487477,12756.69,22891.94,C442169654,29837.37,19702.12,0,0
564,PAYMENT,8657.31,C769269236,20794.67,12137.36,M656041907,0.0,0.0,0,0
452,CASH_IN,90799.46,C673797135,3512.78,94312.24,C982990012,97075.17,6275.71,0,0
590,TRANSFER,17737.87,C288958420,61463.15,43725.28,C819530799,115070.47,132808.34,0,0
291,CASH_OUT,55083.28,C847711407,100568.64,45485.36,C986763065,32298.34,87381.62,0,0
261,PAYMENT,1034.3,C278910446,17927.88,16893.58,M459474087,0.0,0.0,0,0
670,DEBIT,63.38,C208855310,6499.69,6436.31,C967937597,12957.17,13020.55,0,0
66,CASH_IN,106828.09,C325313910,6597.31,113425.4,C811770857,139165.17,32337.08,0,0
123,CASH_OUT,3145.7,C972169498,13075.98,9930.28,C758034125,26739.44,29885.14,0,0
481,CASH_OUT,71802.34,C272652092,73900.41,2098.07,C139538026,20217.0,92019.34,0,0
450,TRANSFER,15026.26,C748690360,63344.55,48318.29,C277959718,22221.73,37247.99,0,0
292,CASH_IN,4413.17,C796394062,15684.62,20097.79,C521993146,54973.57,50560.4,0,0
243,CASH_IN,1408.54,C817689429,24364.95,25773.49,C651920414,141738.16,140329.62,0,0
546,TRANSFER,21087.98,C204307517,32206.01,11118.03,C146406627,10576.95,31664.93,0,0
208,CASH_IN,87808.95,C368402644,29933.83,117742.78,C750810048,149435.94,61626.99,0,0
8,PAYMENT,320.0,C913159460,2230.45,1910.45,M763746133,0.0,0.0,0,0
583,DEBIT,1030.13,C912834602,10144.42,9114.29,C318696407,1062.6,2092.73,0,0
149,CASH_IN,28230.43,C536968839,37340.44,65570.87,C693154234,41944.27,13713.84,0,0
83,CASH_OUT,9299.81,C542413748,52437.67,43137.86,C930125283,24044.13,33343.94,0,0
422,CASH_IN,19799.52,C744261670,21917.82,41717.34,C650055549,98113.73,78314.21,0,0
228,PAYMENT,2963.48,C833077917,12357.24,9393.76,M179577401,0.0,0.0,0,0
653,PAYMENT,372.55,C670396034,5804.4,5431.85,M212422172,0.0,0.0,0,0
45,CASH_IN,150428.01,C875296799,26150.66,176578.67,C381073380,176198.52,25770.51,0,0
577,PAYMENT,9056.98,C741323228,13516.76,4459.78,M141258940,0.0,0.0,0,0
222,PAYMENT,6153.8,C305733047,9326.75,3172.95,M597509739,0.0,0.0,0,0
666,PAYMENT,2216.39,C600251674,10089.58,7873.19,M159657666,0.0,0.0,0,0
106,PAYMENT,3726.53,C165252611,21408.46,17681.93,M310658243,0.0,0.0,0,0
437,PAYMENT,3049.24,C697969400,22143.61,19094.37,M332248607,0.0,0.0,0,0
578,DEBIT,3529.78,C521965555,17375.8,13846.02,C218336920,28505.9,32035.68,0,0
465,TRANSFER,53790.8,C267430275,54692.01,901.21,C478712688,14386.87,68177.67,0,0
269,CASH_OUT,54000.19,C918851339,130806.46,76806.27,C934187810,121302.81,175303.0,0,0
268,PAYMENT,3449.79,C210401518,10964.69,7514.9,M840781087,0.0,0.0,0,0
621,PAYMENT,726.63,C329049721,3363.63,2637.0,M574488726,0.0,0.0,0,0
433,PAYMENT,1453.68,C449153764,7627.36,6173.68,M876152648,0.0,0.0,0,0
174,CASH_OUT,51316.85,C711002955,60655.01,9338.16,C186512341,40459.92,91776.77,0,0
48,PAYMENT,3783.52,C664912821,4808.72,1025.2,M859740390,0.0,0.0,0,0
733,PAYMENT,6492.78,C275189542,28062.5,21569.72,M449024503,0.0,0.0,0,0
528,PAYMENT,546.6,C313834367,1055.49,508.89,M556954552,0.0,0.0,0,0
181,PAYMENT,8657.79,C981250247,14125.28,5467.49,M146305266,0.0,0.0,0,0
673,PAYMENT,4906.07,C232345249,9384.57,4478.5,M140292678,0.0,0.0,0,0
488,CASH_IN,50355.32,C408805650,24772.44,75127.76,C601351258,137521.89,87166.57,0,0
294,PAYMENT,3079.54,C453157024,12083.88,9004.34,M926027017,0.0,0.0,0,0
415,CASH_OUT,4395.52,C441897793,9310.8,4915.28,C751059509,57641.24,62036.76,0,0
245,CASH_IN,68552.29,C997724231,45515.91,114068.2,C626752725,79657.33,11105.04,0,0
180,PAYMENT,4457.26,C670475616,17216.11,12758.85,M814085566,0.0,0.0,0,0
386,CASH_IN,1363.16,C753680005,5367.53,6730.69,C978685412,78418.55,77055.39,0,0
550,CASH_OUT,44488.33,C363987300,45288.5,800.17,C467371553,50275.29,94763.62,0,0
222,PAYMENT,7739.09,C742539381,11418.29,3679.2,M556082303,0.0,0.0,0,0
387,CASH_IN,33509.98,C490399660,54387.3,87897.28,C419124855,88994.75,55484.77,0,0
160,PAYMENT,3647.46,C387286580,12124.52,8477.06,M479861072,0.0,0.0,0,0
572,CASH_OUT,22485.75,C449487950,103238.66,80752.91,C858103739,61611.47,84097.22,0,0
29,PAYMENT,4586.98,C319928103,10037.38,5450.4,M281534820,0.0,0.0,0,0
75,CASH_IN,67336.18,C205246819,21088.45,88424.63,C227307408,203739.53,136403.35,0,0
303,PAYMENT,2859.37,C962844202,4438.57,1579.2,M189744316,0.0,0.0,0,0
30,TRANSFER,7555.59,C620534745,9848.41,2292.82,C938159781,3813.99,11369.58,0,0
491,PAYMENT,6957.08,C211070334,10828.11,3871.03,M839573452,0.0,0.0,0,0
594,CASH_IN,18237.01,C538407821,11747.89,29984.9,C576228605,211397.19,193160.18,0,0
99,CASH_OUT,6163.75,C311727396,22279.2,16115.45,C713636469,1590.96,7754.71,0,0
408,CASH_OUT,80584.55,C561295294,124407.11,43822.56,C786941571,16304.68,96889.23,0,0
397,PAYMENT,1082.84,C899188798,8011.57,6928.73,M618081546,0.0,0.0,0,0
705,PAYMENT,6655.72,C605850904,15906.53,9250.81,M990172997,0.0,0.0,0,0
601,TRANSFER,42761.22,C228853787,128788.11,86026.89,C849465626,324.33,43085.55,0,0
235,PAYMENT,2634.78,C339482308,6224.46,3589.68,M357318745,0.0,0.0,0,0
182,CASH_IN,57747.16,C523925350,5098.94,62846.1,C179707451,83706.58,25959.42,0,0
509,PAYMENT,2990.9,C774562759,7388.83,4397.93,M469374602,0.0,0.0,0,0
319,CASH_OUT,32601.63,C583383980,44388.91,11787.28,C267797765,10554.63,43156.26,0,0
658,PAYMENT,4401.35,C134338269,5426.95,1025.6,M902366825,0.0,0.0,0,0
260,CASH_IN,36579.19,C139352556,162369.43,198948.62,C763966860,49340.71,12761.52,0,0
257,PAYMENT,7998.08,C662044029,10337.51,2339.43,M124710078,0.0,0.0,0,0
495,CASH_IN,28857.55,C535552610,15104.4,43961.95,C290480930,89289.4,60431.85,0,0
302,TRANSFER,8229.25,C767190179,21579.15,13349.9,C139045401,14503.69,22732.94,0,0
353,CASH_IN,43676.68,C886936929,95199.52,138876.2,C794037632,94799.44,51122.76,0,0
339,CASH_IN,64818.68,C292378836,59653.89,124472.57,C361056002,231020.18,166201.5,0,0
202,PAYMENT,1940.66,C185190661,23649.42,21708.76,M938194000,0.0,0.0,0,0
532,PAYMENT,3651.3,C677533728,4158.74,507.44,M870065806,0.0,0.0,0,0
132,CASH_OUT,1459266.99,C872756332,1459266.99,0.0,C832905463,22289.97,1481556.96,1,0
649,PAYMENT,249.48,C114144308,3976.45,3726.97,M941361141,0.0,0.0,0,0
135,PAYMENT,7296.91,C703068275,10673.4,3376.49,M470551568,0.0,0.0,0,0
360,CASH_OUT,8389.26,C870627700,12358.72,3969.46,C495850084,22738.62,31127.88,0,0
441,CASH_OUT,118200.96,C736346737,158988.95,40787.99,C289721248,33471.76,151672.72,0,0
291,CASH_IN,83001.76,C934212298,41820.96,124822.72,C466576673,89191.51,6189.75,0,0
514,PAYMENT,704.95,C734609073,10771.45,10066.5,M792500608,0.0,0.0,0,0
514,CASH_IN,28754.03,C122574411,88822.13,117576.16,C212808937,62195.71,33441.68,0,0
719,PAYMENT,8825.14,C149567894,14460.89,5635.75,M805856548,0.0,0.0,0,0
300,PAYMENT,14061.73,C332732764,37922.02,23860.29,M339316544,0.0,0.0,0,0
603,CASH_OUT,50598.83,C657952983,54752.31,4153.48,C321330344,7488.48,58087.31,0,0
157,CASH_IN,29131.44,C624460193,24318.09,53449.53,C672739625,32653.2,3521.76,0,0
486,PAYMENT,3164.0,C709648593,13454.72,10290.72,M776891758,0.0,0.0,0,0
70,CASH_OUT,89027.55,C362800126,108438.92,19411.37,C946147256,49916.94,138944.49,0,0
516,CASH_IN,2526.12,C626005135,3213.27,5739.39,C162749531,59350.0,56823.88,0,0
562,PAYMENT,5218.46,C509257282,11496.7,6278.24,M651295829,0.0,0.0,0,0
359,PAYMENT,3633.16,C850329199,6664.41,3031.25,M963615144,0.0,0.0,0,0
303,CASH_OUT,17043.64,C934888292,68873.15,51829.51,C655023638,20694.53,37738.17,0,0
78,CASH_IN,23901.07,C662212162,87877.32,111778.39,C857349929,38259.16,14358.09,0,0
281,PAYMENT,743.42,C747761446,17858.76,17115.34,M639539501,0.0,0.0,0,0
531,PAYMENT,6566.73,C934650202,7041.35,474.62,M794107859,0.0,0.0,0,0
243,CASH_IN,47909.77,C529115600,31180.8,79090.57,C834409970,132663.29,84753.52,0,0
564,PAYMENT,1544.18,C826736958,30252.85,28708.67,M887142581,0.0,0.0,0,0
52,PAYMENT,3529.11,C605020929,25211.73,21682.62,M975232759,0.0,0.0,0,0
645,PAYMENT,3281.91,C839725978,13056.72,9774.81,M277030171,0.0,0.0,0,0
611,CASH_OUT,28184.9,C838044712,28966.06,781.16,C772032060,41234.1,69419.0,0,0
724,TRANSFER,106354.26,C198814067,111471.26,5117.0,C273030060,3810.38,110164.64,0,0
286,PAYMENT,3073.62,C140217815,8849.83,5776.21,M373413575,0.0,0.0,0,0
246,TRANSFER,70045.57,C784346854,192379.47,122333.9,C605480952,25892.3,95937.87,0,0
250,CASH_IN,35021.51,C648864538,27852.19,62873.7,C441618345,95640.93,60619.42,0,0
632,PAYMENT,3136.04,C288273810,10847.63,7711.59,M243429958,0.0,0.0,0,0
634,PAYMENT,5315.49,C416523413,32303.93,26988.44,M602085434,0.0,0.0,0,0
419,CASH_OUT,45292.66,C312403821,46933.68,1641.02,C960857749,37813.02,83105.68,0,0
199,CASH_IN,22215.7,C137451277,3821.46,26037.16,C312641555,48078.03,25862.33,0,0
736,CASH_OUT,26592.77,C158430449,28117.09,1524.32,C307027054,20782.94,47375.71,0,0
320,CASH_IN,72966.23,C365212941,40765.6,113731.83,C268628655,85864.08,12897.85,0,0
449,DEBIT,9261.88,C625903544,12632.29,3370.41,C553222302,36990.52,46252.4,0,0
564,CASH_OUT,12982.09,C819377593,33623.92,20641.83,C304964353,102246.74,115228.83,0,0
658,PAYMENT,5174.07,C967151099,30628.61,25454.54,M964153190,0.0,0.0,0,0
217,CASH_OUT,3618.97,C111025374,27481.49,23862.52,C411825700,17972.35,21591.32,0,0
731,PAYMENT,3858.19,C908204065,19487.64,15629.45,M916374015,0.0,0.0,0,0
639,CASH_IN,48118.62,C478719104,11469.34,59587.96,C883078083,219263.03,171144.41,0,0
177,CASH_OUT,3262.22,C585337532,48842.33,45580.11,C647028706,1547.54,4809.76,0,0
621,CASH_OUT,7338.88,C193853386,11864.33,4525.45,C497452984,14915.7,22254.58,0,0
226,CASH_OUT,22918.17,C950825378,24241.03,1322.86,C772220991,39855.43,62773.6,0,0
195,PAYMENT,1655.33,C820352443,8812.81,7157.48,M346981993,0.0,0.0,0,0
295,PAYMENT,10898.28,C443368179,11343.45,445.17,M380689295,0.0,0.0,0,0
16,CASH_IN,67320.62,C382150884,94420.54,161741.16,C479671189,78443.74,11123.12,0,0
3,DEBIT,1178.85,C380217925,9974.3,8795.45,C336810492,1369.97,2548.82,0,0
445,PAYMENT,7907.08,C474066969,17850.81,9943.73,M241310648,0.0,0.0,0,0
110,TRANSFER,6076.7,C596930003,41182.08,35105.38,C276858887,19561.71,25638.41,0,0
291,PAYMENT,10222.36,C459676652,20517.8,10295.44,M959709264,0.0,0.0,0,0
533,TRANSFER,44288.08,C893632351,51482.09,7194.01,C273679604,19367.67,63655.75,0,0
97,PAYMENT,2514.74,C220643427,3273.26,758.52,M879021544,0.0,0.0,0,0
40,CASH_OUT,532.15,C328260026,5302.07,4769.92,C199499823,71483.62,72015.77,0,0
137,PAYMENT,4048.45,C314626922,7077.13,3028.68,M554534305,0.0,0.0,0,0
409,CASH_OUT,50114.29,C827271893,55400.52,5286.23,C465259561,91109.02,141223.31,0,0
526,CASH_OUT,176614.57,C279148252,244730.46,68115.89,C448391690,62321.67,238936.24,0,0
122,CASH_OUT,21281.81,C324947169,21857.03,575.22,C966456819,24719.68,46001.49,0,0
572,PAYMENT,9127.79,C131502890,13438.46,4310.67,M689962667,0.0,0.0,0,0
411,PAYMENT,836.5,C719979289,2818.76,1982.26,M465663065,0.0,0.0,0,0
17,DEBIT,2346.3,C207464922,3313.49,967.19,C845448019,8590.74,10937.04,0,0
9,CASH_IN,3026.0,C129168602,94902.4,97928.4,C500904418,109104.73,106078.73,0,0
307,CASH_OUT,51876.91,C118657630,62681.56,10804.65,C779715326,14127.06,66003.97,0,0
617,PAYMENT,13045.11,C140146028,15440.64,2395.53,M960631219,0.0,0.0,0,0
625,PAYMENT,442.7,C197777768,724.8,282.1,M338767474,0.0,0.0,0,0
412,PAYMENT,3757.91,C710951281,10984.76,7226.85,M180021902,0.0,0.0,0,0
209,PAYMENT,4937.79,C602268503,13941.17,9003.38,M442286940,0.0,0.0,0,0
306,PAYMENT,10400.66,C736029821,42632.85,32232.19,M459545346,0.0,0.0,0,0
554,CASH_OUT,12656.73,C280901375,21229.2,8572.47,C528154045,3380.27,16037.0,0,0
349,PAYMENT,354.89,C914041595,4674.99,4320.1,M184308613,0.0,0.0,0,0
146,PAYMENT,571.87,C902303487,14177.63,13605.76,M184536588,0.0,0.0,0,0
693,CASH_OUT,57003.74,C702493142,64021.11,7017.37,C791337333,12386.87,69390.61,0,0
434,PAYMENT,8575.99,C860440148,24046.57,15470.58,M801939145,0.0,0.0,0,0
632,PAYMENT,9600.33,C288878008,15697.43,6097.1,M995879599,0.0,0.0,0,0
264,PAYMENT,6177.08,C561967127,7295.46,1118.38,M195729516,0.0,0.0,0,0
255,CASH_OUT,20759.99,C887185960,62300.76,41540.77,C859078412,42492.95,63252.94,0,0
156,CASH_IN,142575.83,C190606926,53207.75,195783.58,C958730002,162943.02,20367.19,0,0
591,CASH_OUT,74278.56,C856946161,77980.2,3701.64,C158010875,20460.17,94738.73,0,0
12,CASH_OUT,6140.48,C965393593,11504.38,5363.9,C572496844,41463.15,47603.63,0,0
526,PAYMENT,12591.63,C413459844,19041.15,6449.52,M348377784,0.0,0.0,0,0
89,CASH_IN,62485.87,C429762084,44011.35,106497.22,C537817789,102812.39,40326.52,0,0
683,CASH_OUT,84993.35,C263778589,90421.99,5428.64,C962440089,55541.97,140535.32,0,0
600,CASH_IN,155766.06,C220695810,196589.66,352355.72,C650335803,184268.61,28502.55,0,0
540,PAYMENT,479.55,C407993060,11969.66,11490.11,M291207032,0.0,0.0,0,0
685,PAYMENT,4568.12,C744568332,9253.79,4685.67,M737942196,0.0,0.0,0,0
97,CASH_OUT,11567.8,C321296591,21496.41,9928.61,C770303145,105128.23,116696.03,0,0
385,CASH_IN,27156.7,C856941716,112827.49,139984.19,C562749386,247024.23,219867.53,0,0
179,PAYMENT,10440.39,C729727171,16139.02,5698.63,M257345709,0.0,0.0,0,0
449,TRANSFER,102002.32,C527285620,183077.44,81075.12,C697254384,8306.34,110308.66,0,0
88,CASH_OUT,19308.83,C775138150,31753.07,12444.24,C712809309,6353.95,25662.78,0,0
520,CASH_OUT,8764.79,C582534194,18346.91,9582.12,C721512345,4797.14,13561.93,0,0
127,CASH_OUT,24070.95,C831881631,67832.84,43761.89,C305590004,616.91,24687.86,0,0
183,TRANSFER,7850.86,C456104739,35889.59,28038.73,C872648817,19423.66,27274.52,0,0
82,PAYMENT,5955.02,C235107640,11725.19,5770.17,M208121606,0.0,0.0,0,0
655,CASH_OUT,158532.92,C257319950,176293.09,17760.17,C377100850,444.34,158977.26,0,0
363,DEBIT,3845.35,C137147320,4345.97,500.62,C207889837,21443.34,25288.69,0,0
366,PAYMENT,867.72,C582347315,8088.77,7221.05,M941054381,0.0,0.0,0,0
29,CASH_OUT,75378.03,C566817041,84494.15,9116.12,C706365604,38802.0,114180.03,0,0
689,CASH_IN,19143.57,C855918538,67268.44,86412.01,C877261913,20996.05,1852.48,0,0
597,CASH_IN,15627.07,C412940683,45416.07,61043.14,C476595826,35099.69,19472.62,0,0
599,CASH_OUT,3209.88,C303276883,47156.06,43946.18,C556113375,225056.55,228266.43,0,0
254,PAYMENT,16590.86,C752231626,21193.11,4602.25,M998011746,0.0,0.0,0,0
418,DEBIT,12153.84,C740246864,15929.73,3775.89,C816882464,32823.27,44977.11,0,0
727,PAYMENT,2075.56,C737664729,10389.22,8313.66,M298992602,0.0,0.0,0,0
368,CASH_IN,12632.85,C959428218,32356.35,44989.2,C730173683,33063.2,20430.35,0,0
493,CASH_IN,903.91,C970905056,52649.02,53552.93,C815102659,17616.3,16712.39,0,0
610,CASH_OUT,17192.21,C503653793,29349.23,12157.02,C175586387,16441.73,33633.94,0,0
624,PAYMENT,1761.4,C774628069,7982.62,6221.22,M201363704,0.0,0.0,0,0
119,CASH_IN,3139.54,C515067517,17048.12,20187.66,C965496599,62380.81,59241.27,0,0
295,CASH_IN,2362.49,C608364440,6256.04,8618.53,C773699290,6308.99,3946.5,0,0
320,CASH_OUT,53321.65,C406398212,65734.96,12413.31,C767015569,123213.98,176535.63,0,0
428,PAYMENT,3282.83,C344297054,15254.48,11971.65,M984135466,0.0,0.0,0,0
638,CASH_OUT,63243.64,C452931557,161285.28,98041.64,C167971280,24167.03,87410.67,0,0
485,PAYMENT,394.21,C899097508,27383.2,26988.99,M252734702,0.0,0.0,0,0
82,PAYMENT,5352.52,C222186953,6053.05,700.53,M483814023,0.0,0.0,0,0
167,CASH_OUT,34276.48,C315520936,36614.77,2338.29,C794424599,45741.58,80018.06,0,0
293,CASH_OUT,92057.38,C619508268,95149.68,3092.3,C652655800,22823.09,114880.47,0,0
5,PAYMENT,4742.5,C199965227,4763.71,21.21,M548085594,0.0,0.0,0,0
484,CASH_OUT,65894.14,C526571735,87182.67,21288.53,C955462475,52500.48,118394.62,0,0
504,TRANSFER,3586.5,C962739540,3756.02,169.52,C843785378,907.58,4494.08,0,0
220,CASH_OUT,96637.59,C632702380,120130.24,23492.65,C711111383,160317.23,256954.82,0,0
285,PAYMENT,311.04,C207648491,8526.99,8215.95,M458103935,0.0,0.0,0,0
36,CASH_OUT,5598.15,C425706966,16852.8,11254.65,C936110362,61636.32,67234.47,0,0
97,PAYMENT,1143.06,C396667107,4607.66,3464.6,M648893932,0.0,0.0,0,0
337,CASH_OUT,59962.12,C797979571,68342.88,8380.76,C530830516,81259.08,141221.2,0,0
698,PAYMENT,5096.73,C660722094,68969.35,63872.62,M933515798,0.0,0.0,0,0
660,PAYMENT,360.94,C678313452,671.63,310.69,M872915267,0.0,0.0,0,0
605,PAYMENT,1876.2,C496173100,7470.52,5594.32,M179007886,0.0,0.0,0,0
698,CASH_OUT,24547.68,C842408912,51456.29,26908.61,C906883558,31836.86,56384.54,0,0
512,TRANSFER,101679.87,C679815500,151976.45,50296.58,C331229624,7516.35,109196.22,0,0
681,PAYMENT,27574.12,C711531797,30542.56,2968.44,M566108353,0.0,0.0,0,0
736,PAYMENT,2161.26,C229274426,6257.59,4096.33,M829387812,0.0,0.0,0,0
559,PAYMENT,123.0,C550710352,2004.54,1881.54,M580175997,0.0,0.0,0,0
111,CASH_OUT,54867.89,C798871425,65711.74,10843.85,C239118528,137977.73,192845.62,0,0
59,DEBIT,218.79,C839544072,9120.39,8901.6,C985621723,9337.63,9556.42,0,0
491,CASH_IN,72831.69,C299378307,117912.72,190744.41,C681004252,94011.38,21179.69,0,0
5,CASH_OUT,85557.48,C488214417,91168.64,5611.16,C396785991,10584.04,96141.52,0,0
91,PAYMENT,8397.11,C102174774,9775.7,1378.59,M570363261,0.0,0.0,0,0
151,DEBIT,2125.49,C262001625,7481.96,5356.47,C530082062,6752.92,8878.41,0,0
207,CASH_OUT,1108.17,C324766189,35537.51,34429.34,C644934079,32159.9,33268.07,0,0
308,CASH_OUT,1637.26,C835061813,3720.05,2082.79,C913383797,16309.2,17946.46,0,0
440,PAYMENT,5688.67,C467415266,12608.02,6919.35,M969761834,0.0,0.0,0,0
133,CASH_OUT,159279.53,C826440437,160773.21,1493.68,C710831209,16443.89,175723.42,0,0
9,PAYMENT,8603.5,C864196748,37450.53,28847.03,M569851217,0.0,0.0,0,0
482,PAYMENT,921.54,C738139706,3123.94,2202.4,M725720936,0.0,0.0,0,0
376,CASH_OUT,118180.65,C779033659,141931.78,23751.13,C402337128,11297.63,129478.28,0,0
456,CASH_OUT,10606.39,C893804911,26015.11,15408.72,C937941994,21840.07,32446.46,0,0
422,CASH_IN,36644.51,C674576579,2964.78,39609.29,C658909917,126799.54,90155.03,0,0
176,PAYMENT,3154.0,C857772609,14493.55,11339.55,M433469132,0.0,0.0,0,0
693,CASH_OUT,10831.48,C156827029,21792.76,10961.28,C141214545,48255.24,59086.72,0,0
11,PAYMENT,5001.56,C894293663,9869.45,4867.89,M625751866,0.0,0.0,0,0
281,CASH_OUT,13766.2,C765286722,33707.29,19941.09,C727752588,21433.58,35199.78,0,0
57,TRANSFER,638.23,C677934445,17950.78,17312.55,C765973421,1223.26,1861.49,0,0
312,CASH_OUT,64136.16,C954944312,89931.62,25795.46,C209499322,35845.52,99981.68,0,0
629,CASH_OUT,18103.9,C540181238,23833.53,5729.63,C209262389,55851.53,73955.43,0,0
674,CASH_OUT,10668.22,C853284770,12339.71,1671.49,C495092697,44612.9,55281.12,0,0
163,PAYMENT,10938.32,C457726215,25331.09,14392.77,M781532002,0.0,0.0,0,0
615,TRANSFER,43615.34,C576662035,68557.5,24942.16,C859739398,77301.85,120917.19,0,0
595,CASH_IN,7141.0,C488465594,212739.48,219880.48,C115662494,44580.17,37439.17,0,0
234,CASH_IN,30174.84,C189617888,101519.45,131694.29,C600498240,140107.05,109932.21,0,0
690,TRANSFER,17627.83,C900631453,55720.74,38092.91,C370147218,37691.02,55318.85,0,0
271,CASH_OUT,16904.96,C865657285,119272.91,102367.95,C323081624,35084.74,51989.7,0,0
120,PAYMENT,6028.73,C748386818,12851.58,6822.85,M389260647,0.0,0.0,0,0
343,TRANSFER,208214.02,C437960720,208214.02,0.0,C922364442,0.0,208214.02,1,1
523,PAYMENT,14213.9,C166493338,43644.05,29430.15,M691628629,0.0,0.0,0,0
169,PAYMENT,2815.03,C899124230,14149.54,11334.51,M638238751,0.0,0.0,0,0
70,PAYMENT,2782.89,C175825982,7375.4,4592.51,M898749643,0.0,0.0,0,0
687,CASH_OUT,5321.7,C158919120,35369.08,30047.38,C137798960,22833.6,28155.3,0,0
6,PAYMENT,9011.11,C208129213,9348.06,336.95,M424600001,0.0,0.0,0,0
101,CASH_IN,5862.22,C344716065,17142.06,23004.28,C432951416,214439.85,208577.63,0,0
619,CASH_OUT,16614.46,C916541625,45536.75,28922.29,C837070274,4512.87,21127.33,0,0
602,TRANSFER,37210.96,C601303128,52209.43,14998.47,C135253827,31520.07,68731.03,0,0
114,CASH_OUT,3229.32,C244029179,9272.85,6043.53,C132225891,54637.64,57866.96,0,0
125,TRANSFER,10223.06,C113525192,105130.04,94906.98,C214260993,13483.66,23706.72,0,0
296,PAYMENT,4915.22,C532442547,20322.65,15407.43,M207921283,0.0,0.0,0,0
674,PAYMENT,11446.51,C409634517,19347.6,7901.09,M889394083,0.0,0.0,0,0
278,DEBIT,728.95,C186717782,13885.23,13156.28,C509648407,4176.66,4905.61,0,0
135,CASH_OUT,93779.22,C888396685,101952.54,8173.32,C249845551,29814.74,123593.96,0,0
163,CASH_OUT,10065.48,C155007085,28906.42,18840.94,C475363741,67940.88,78006.36,0,0
698,PAYMENT,4133.49,C910026270,15936.33,11802.84,M351260865,0.0,0.0,0,0
265,CASH_OUT,78791.72,C249440826,80359.97,1568.25,C956821797,34754.89,113546.61,0,0
79,TRANSFER,21290.5,C343819794,39794.83,18504.33,C555737279,3699.54,24990.04,0,0
703,CASH_OUT,124421.0,C442315838,145286.81,20865.81,C987025625,15800.84,140221.84,0,0
224,PAYMENT,2961.07,C957925723,67950.74,64989.67,M183171099,0.0,0.0,0,0
435,PAYMENT,281.08,C238896905,14103.29,13822.21,M282020891,0.0,0.0,0,0
102,CASH_OUT,1064.77,C963398424,24715.39,23650.62,C332533934,85919.14,86983.91,0,0
647,PAYMENT,1573.07,C465017380,19970.28,18397.21,M977493647,0.0,0.0,0,0
406,CASH_OUT,4672.06,C648427483,22485.34,17813.28,C572680208,125135.92,129807.98,0,0
89,CASH_IN,62688.69,C664679853,40297.17,102985.86,C389828415,67293.16,4604.47,0,0
335,PAYMENT,9243.25,C110798841,22077.42,12834.17,M825863281,0.0,0.0,0,0
35,CASH_OUT,86180.93,C148592315,108466.57,22285.64,C588602854,27038.67,113219.6,0,0
267,CASH_IN,35261.96,C667982810,77861.67,113123.63,C978101941,71117.37,35855.41,0,0
590,CASH_OUT,75283.4,C699479850,75609.88,326.48,C625636730,30161.78,105445.18,0,0
543,PAYMENT,15537.06,C991696062,15619.18,82.12,M565770819,0.0,0.0,0,0
6,PAYMENT,2376.2,C478437161,4106.4,1730.2,M439630520,0.0,0.0,0,0
538,TRANSFER,56674.02,C592937750,66211.1,9537.08,C635994748,22386.77,79060.79,0,0
728,CASH_OUT,25193.85,C166830817,60840.8,35646.95,C483991406,85726.61,110920.46,0,0
411,TRANSFER,9032.49,C932576581,63303.24,54270.75,C384159073,8820.51,17853.0,0,0
523,CASH_OUT,43205.62,C551759383,66819.9,23614.28,C216132124,136227.74,179433.36,0,0
112,PAYMENT,7630.75,C903624550,38823.71,31192.96,M802729017,0.0,0.0,0,0
412,CASH_IN,27486.69,C587906231,32794.96,60281.65,C352392792,67077.62,39590.93,0,0
350,PAYMENT,1675.75,C759445778,35784.78,34109.03,M607024370,0.0,0.0,0,0
632,PAYMENT,1499.28,C650301661,11609.45,10110.17,M750423088,0.0,0.0,0,0
186,PAYMENT,2767.37,C961671040,9884.79,7117.42,M321605747,0.0,0.0,0,0
87,CASH_IN,20450.14,C207249190,213293.32,233743.46,C196135560,26818.03,6367.89,0,0
291,PAYMENT,8740.32,C250148712,8932.78,192.46,M188667634,0.0,0.0,0,0
507,PAYMENT,162.05,C348248035,659.47,497.42,M775233041,0.0,0.0,0,0
634,CASH_IN,14473.0,C464789382,89383.84,103856.84,C936785291,106595.0,92122.0,0,0
656,CASH_OUT,763396.93,C145742014,763396.93,0.0,C410280647,19003.06,782399.99,1,0
114,CASH_OUT,18173.24,C627480727,43348.63,25175.39,C516719372,49483.58,67656.82,0,0
545,PAYMENT,877.23,C325309055,15588.26,14711.03,M290246753,0.0,0.0,0,0
175,PAYMENT,22904.66,C616057985,23530.52,625.86,M341949658,0.0,0.0,0,0
406,PAYMENT,4749.24,C813074171,15138.34,10389.1,M940498845,0.0,0.0,0,0
19,DEBIT,1004.14,C144941736,3679.92,2675.78,C779246759,277.04,1281.18,0,0
462,PAYMENT,4100.07,C821308207,4451.8,351.73,M822779167,0.0,0.0,0,0
200,PAYMENT,66.31,C705420304,8705.9,8639.59,M327088334,0.0,0.0,0,0
322,CASH_OUT,6365.35,C535333646,9541.92,3176.57,C597920176,8219.96,14585.31,0,0
7,TRANSFER,91521.14,C361053146,102412.43,10891.29,C566533964,20803.3,112324.44,0,0
190,TRANSFER,17386.62,C579768904,52301.24,34914.62,C652199943,18688.46,36075.08,0,0
590,PAYMENT,719.85,C762994190,2132.27,1412.42,M742437344,0.0,0.0,0,0
346,CASH_OUT,59271.11,C667212271,97843.07,38571.96,C809072344,65821.84,125092.95,0,0
251,CASH_OUT,56716.15,C883533632,76478.74,19762.59,C696399339,4406.15,61122.3,0,0
90,TRANSFER,165471.65,C431756704,167858.85,2387.2,C220248039,10977.49,176449.14,0,0
649,CASH_IN,35188.27,C155829843,1943.19,37131.46,C174737964,75365.48,40177.21,0,0
325,TRANSFER,56714.24,C520973066,122770.95,66056.71,C424016293,37838.52,94552.76,0,0
322,CASH_IN,4741.65,C687522029,108180.07,112921.72,C812103044,24521.41,19779.76,0,0
148,CASH_OUT,59347.15,C158637783,60488.8,1141.65,C499382498,13393.22,72740.37,0,0
245,PAYMENT,2792.61,C259392287,4540.39,1747.78,M331806408,0.0,0.0,0,0
36,TRANSFER,1075.84,C711812246,85047.8,83971.96,C714832071,3761.08,4836.92,0,0
48,CASH_IN,89255.07,C622960056,7855.32,97110.39,C311573226,138983.74,49728.67,0,0
415,PAYMENT,214.15,C467231849,7070.25,6856.1,M435760408,0.0,0.0,0,0
612,PAYMENT,17104.97,C669536827,22886.57,5781.6,M258518664,0.0,0.0,0,0
58,CASH_OUT,2317.87,C761004090,10103.05,7785.18,C606990027,33682.11,35999.98,0,0
538,PAYMENT,9341.72,C514246933,21747.18,12405.46,M488207960,0.0,0.0,0,0
147,CASH_OUT,10751.65,C612463640,40265.68,29514.03,C185913157,88120.17,98871.82,0,0
606,CASH_OUT,50722.96,C468292955,62953.97,12231.01,C645781155,7161.87,57884.83,0,0
212,PAYMENT,62.24,C524657258,20408.94,20346.7,M602458965,0.0,0.0,0,0
398,PAYMENT,454.15,C744510466,4101.57,3647.42,M852177822,0.0,0.0,0,0
410,DEBIT,6158.89,C317167594,6521.07,362.18,C951671304,4640.49,10799.38,0,0
508,CASH_OUT,133425.33,C787429859,134973.81,1548.48,C973003602,21492.82,154918.15,0,0
363,TRANSFER,54204.13,C979619367,119583.39,65379.26,C802711875,7563.24,61767.37,0,0
280,PAYMENT,70.47,C594167199,31163.35,31092.88,M152420397,0.0,0.0,0,0
543,CASH_OUT,27712.27,C703621531,138453.29,110741.02,C978658287,4240.06,31952.33,0,0
242,PAYMENT,2589.49,C459627273,31870.68,29281.19,M644686069,0.0,0.0,0,0
639,CASH_OUT,20501.71,C804405721,24296.28,3794.57,C450097932,108902.36,129404.07,0,0
259,CASH_IN,63865.04,C223671909,172602.23,236467.27,C636618131,67278.36,3413.32,0,0
599,PAYMENT,805.41,C265076676,1928.7,1123.29,M891783773,0.0,0.0,0,0
314,CASH_IN,30531.42,C689041042,44323.72,74855.14,C945921178,205238.95,174707.53,0,0
214,DEBIT,3213.32,C682817818,19928.95,16715.63,C501304610,28178.54,31391.86,0,0
262,TRANSFER,46410.99,C384629211,75133.3,28722.31,C859829511,57640.38,104051.37,0,0
553,PAYMENT,114.8,C840663364,435.7,320.9,M760333059,0.0,0.0,0,0
227,PAYMENT,8074.9,C580414268,11061.44,2986.54,M886029569,0.0,0.0,0,0
528,PAYMENT,2409.46,C541596479,12816.14,10406.68,M406753788,0.0,0.0,0,0
127,PAYMENT,10324.98,C686114150,26815.53,16490.55,M660515013,0.0,0.0,0,0
526,CASH_IN,4834.57,C152753948,49413.94,54248.51,C524996913,84030.13,79195.56,0,0
463,CASH_OUT,79562.18,C799798601,179833.44,100271.26,C792264502,50437.3,129999.48,0,0
724,CASH_OUT,1484780.8,C202823550,1484780.8,0.0,C358713336,30910.04,1515690.84,1,0
611,PAYMENT,2134.22,C271570635,35573.64,33439.42,M284175293,0.0,0.0,0,0
536,PAYMENT,559.08,C237156068,3824.46,3265.38,M548482268,0.0,0.0,0,0
421,CASH_OUT,59821.38,C100031611,68986.55,9165.17,C102823339,79770.51,139591.89,0,0
568,CASH_OUT,55924.03,C691536278,82135.28,26211.25,C432544317,662.97,56587.0,0,0
476,CASH_OUT,68548.98,C904082486,68821.21,272.23,C662311264,14588.7,83137.68,0,0
308,PAYMENT,6599.8,C341619502,30372.43,23772.63,M840079089,0.0,0.0,0,0
304,PAYMENT,6029.69,C865591059,8390.38,2360.69,M313133158,0.0,0.0,0,0
296,CASH_IN,3806.66,C426770004,17863.77,21670.43,C217164637,7374.87,3568.21,0,0
298,PAYMENT,751.36,C828689141,11873.99,11122.63,M719357836,0.0,0.0,0,0
687,CASH_OUT,14386.06,C221703683,21159.6,6773.54,C773107312,16847.22,31233.28,0,0
501,CASH_OUT,18658.88,C187889000,35523.24,16864.36,C256976334,40709.31,59368.19,0,0
26,DEBIT,5710.5,C541708530,15605.3,9894.8,C414931849,4752.05,10462.55,0,0
291,TRANSFER,58921.52,C614593016,62772.16,3850.64,C591047235,79082.47,138003.99,0,0
633,TRANSFER,16393.34,C885111675,119280.5,102887.16,C642480278,13236.97,29630.31,0,0
722,CASH_IN,138467.32,C501538549,35499.83,173967.15,C683925660,190528.22,52060.9,0,0
201,TRANSFER,892743.64,C923605550,892743.64,0.0,C806724166,0.0,892743.64,1,0
523,PAYMENT,1822.64,C330879568,3211.08,1388.44,M625552957,0.0,0.0,0,0
297,PAYMENT,6110.44,C710149981,29657.45,23547.01,M982491960,0.0,0.0,0,0
277,PAYMENT,4745.55,C447562204,14027.05,9281.5,M220444632,0.0,0.0,0,0
5,CASH_OUT,55474.44,C825760693,55745.14,270.7,C734091631,9157.69,64632.13,0,0
164,PAYMENT,768.84,C259666628,25694.58,24925.74,M958001504,0.0,0.0,0,0
424,CASH_OUT,13125.35,C661016603,20346.43,7221.08,C115609310,3021.71,16147.06,0,0
297,CASH_OUT,37191.46,C808440518,43464.04,6272.58,C306806072,70689.49,107880.95,0,0
118,CASH_OUT,18982.14,C879137388,45456.79,26474.65,C922566558,16035.07,35017.21,0,0
525,CASH_OUT,282.77,C769532789,41659.71,41376.94,C233726982,14687.79,14970.56,0,0
335,CASH_OUT,27432.9,C540410457,43964.66,16531.76,C507079176,48594.43,76027.33,0,0
591,PAYMENT,6599.33,C873818742,21564.63,14965.3,M257589539,0.0,0.0,0,0
496,PAYMENT,848.62,C509033688,5602.98,4754.36,M655610767,0.0,0.0,0,0
588,PAYMENT,8283.42,C694352129,13008.17,4724.75,M361407102,0.0,0.0,0,0
416,CASH_IN,112585.31,C116446526,49562.06,162147.37,C321721591,133298.13,20712.82,0,0
318,PAYMENT,153.9,C679780879,2998.36,2844.46,M340433359,0.0,0.0,0,0
492,DEBIT,331.06,C954821541,10581.4,10250.34,C476361463,26097.54,26428.6,0,0
705,PAYMENT,1789.28,C140413164,4057.19,2267.91,M752011001,0.0,0.0,0,0
79,PAYMENT,1349.79,C207792343,5400.11,4050.32,M244377081,0.0,0.0,0,0
693,CASH_IN,42198.43,C358796015,29060.41,71258.84,C715416264,72633.82,30435.39,0,0
364,TRANSFER,461604.57,C247893108,461604.57,0.0,C530577146,0.0,0.0,1,1
340,CASH_OUT,64474.7,C231303398,73761.82,9287.12,C819783130,4462.1,68936.8,0,0
212,PAYMENT,1912.02,C446476167,18089.05,16177.03,M879385626,0.0,0.0,0,0
221,PAYMENT,84.61,C274416426,2310.65,2226.04,M201756537,0.0,0.0,0,0
341,PAYMENT,3155.49,C547212478,5328.01,2172.52,M284197238,0.0,0.0,0,0
485,PAYMENT,1981.73,C988519296,45761.73,43780.0,M412346901,0.0,0.0,0,0
581,CASH_OUT,1479.44,C448604270,13432.39,11952.95,C628658335,42149.94,43629.38,0,0
81,PAYMENT,13914.45,C700462328,24707.32,10792.87,M314827715,0.0,0.0,0,0
463,CASH_IN,73580.68,C756296851,72007.69,145588.37,C146782703,105727.95,32147.27,0,0
258,TRANSFER,58551.11,C261574419,73156.52,14605.41,C338442102,4314.12,62865.23,0,0
180,TRANSFER,11521.73,C778627134,31459.09,19937.36,C602056601,21960.57,33482.3,0,0
211,DEBIT,1549.32,C193495860,1853.58,304.26,C715451595,21964.29,23513.61,0,0
482,PAYMENT,2316.57,C115521717,10873.84,8557.27,M887464116,0.0,0.0,0,0
46,TRANSFER,31027.29,C462304529,40339.88,9312.59,C730018926,34525.56,65552.85,0,0
310,PAYMENT,5235.54,C626583458,14371.11,9135.57,M328210327,0.0,0.0,0,0
460,CASH_OUT,16941.71,C591185277,42952.01,26010.3,C504380486,9285.8,26227.51,0,0
602,TRANSFER,4565.86,C121107076,17382.91,12817.05,C790068748,11044.71,15610.57,0,0
632,CASH_OUT,239769.18,C255091769,317535.08,77765.9,C907778165,16289.2,256058.38,0,0
519,PAYMENT,4693.94,C278139997,8524.43,3830.49,M404184179,0.0,0.0,0,0
233,CASH_IN,44847.36,C947773151,14706.33,59553.69,C311656857,135599.16,90751.8,0,0
66,CASH_OUT,63491.9,C875304888,74234.2,10742.3,C634143504,23390.58,86882.48,0,0
271,CASH_IN,165605.87,C283609093,17247.57,182853.44,C782887680,200499.58,34893.71,0,0
260,TRANSFER,362573.17,C739033358,362573.17,0.0,C203107408,0.0,362573.17,1,0
637,PAYMENT,1278.27,C629525721,9847.45,8569.18,M827170435,0.0,0.0,0,0
675,CASH_OUT,7593.43,C840288775,29810.34,22216.91,C236603715,10784.57,18378.0,0,0
122,PAYMENT,851.57,C296905161,8581.21,7729.64,M601333711,0.0,0.0,0,0
182,CASH_OUT,66127.47,C709893160,82851.94,16724.47,C736029303,12676.14,78803.61,0,0
206,CASH_IN,73647.95,C728141397,16236.51,89884.46,C532885568,266221.02,192573.07,0,0
434,CASH_IN,71519.06,C303858438,93709.1,165228.16,C351218557,96319.02,24799.96,0,0
77,TRANSFER,36083.19,C432805378,42380.67,6297.48,C232702132,13446.93,49530.12,0,0
561,TRANSFER,108237.22,C357776940,161631.22,53394.0,C314131731,1545.31,109782.53,0,0
289,PAYMENT,2379.27,C185302087,3561.03,1181.76,M982866992,0.0,0.0,0,0
382,TRANSFER,3727.99,C761319473,59965.17,56237.18,C703149805,71897.27,75625.26,0,0
621,PAYMENT,2692.25,C744408159,19304.09,16611.84,M864325419,0.0,0.0,0,0
130,CASH_IN,14162.49,C114256429,38113.43,52275.92,C429149766,49423.34,35260.85,0,0
55,PAYMENT,9036.89,C614034690,14436.69,5399.8,M516130379,0.0,0.0,0,0
208,PAYMENT,194.55,C424287165,4270.04,4075.49,M842257366,0.0,0.0,0,0
686,DEBIT,601.38,C109277579,14493.92,13892.54,C176308534,24346.52,24947.9,0,0
437,PAYMENT,6076.0,C820873242,7962.56,1886.56,M720534518,0.0,0.0,0,0
548,CASH_OUT,64302.69,C530449277,134242.7,69940.01,C381833929,25303.67,89606.36,0,0
388,PAYMENT,4797.45,C184022609,9432.41,4634.96,M305204790,0.0,0.0,0,0
81,CASH_IN,87339.71,C102965548,108737.24,196076.95,C813920786,134100.97,46761.26,0,0
149,CASH_OUT,51303.15,C189757180,75362.53,24059.38,C287646393,25571.85,76875.0,0,0
512,PAYMENT,13878.21,C538018978,15159.95,1281.74,M832100737,0.0,0.0,0,0
248,PAYMENT,981.37,C981335670,3692.05,2710.68,M595617419,0.0,0.0,0,0
392,PAYMENT,4721.99,C643423640,59705.88,54983.89,M352287622,0.0,0.0,0,0
301,CASH_IN,145092.49,C807879217,15201.68,160294.17,C337420545,159452.74,14360.25,0,0
492,CASH_OUT,8174.59,C406452643,38816.02,30641.43,C265050973,16165.5,24340.09,0,0
654,TRANSFER,14726.19,C696561658,19085.32,4359.13,C111374493,8664.08,23390.27,0,0
236,PAYMENT,387.63,C510731552,6854.48,6466.85,M883701532,0.0,0.0,0,0
315,TRANSFER,49533.13,C511299489,65905.16,16372.03,C397995513,2397.41,51930.54,0,0
320,CASH_OUT,52557.04,C632916487,70145.06,17588.02,C617472620,9182.09,61739.13,0,0
575,CASH_OUT,25497.89,C569442651,54291.94,28794.05,C448066550,87779.06,113276.95,0,0
652,PAYMENT,7800.85,C449651987,15884.88,8084.03,M832986653,0.0,0.0,0,0
115,DEBIT,217.94,C683763465,12621.35,12403.41,C189326476,16901.04,17118.98,0,0
106,CASH_OUT,116464.56,C428396573,154870.2,38405.64,C737484827,79206.12,195670.68,0,0
327,TRANSFER,1298431.24,C729942381,1298431.24,0.0,C922406343,0.0,0.0,1,0
222,CASH_OUT,19689.93,C373627958,28985.41,9295.48,C396939747,26224.8,45914.73,0,0
79,DEBIT,738.19,C698391689,4818.32,4080.13,C780780024,7917.39,8655.58,0,0
342,DEBIT,2926.34,C601259831,3463.36,537.02,C349318458,11331.52,14257.86,0,0
258,CASH_OUT,144826.37,C940193536,152438.43,7612.06,C721163456,16245.1,161071.47,0,0
713,PAYMENT,415.1,C499267356,23096.36,22681.26,M262539900,0.0,0.0,0,0
2,DEBIT,3097.5,C749568416,3917.02,819.52,C197036427,8157.18,11254.68,0,0
521,PAYMENT,8284.83,C672947982,18944.92,10660.09,M448297279,0.0,0.0,0,0
232,TRANSFER,825669.41,C949621610,825669.41,0.0,C294554324,0.0,0.0,1,0
497,TRANSFER,45209.34,C677658218,57716.49,12507.15,C417420915,23527.26,68736.6,0,0
138,CASH_OUT,101582.5,C173810681,130976.4,29393.9,C667388309,73.84,101656.34,0,0
226,TRANSFER,1373154.67,C223862765,1373154.67,0.0,C344698996,0.0,0.0,1,0
700,CASH_OUT,22920.59,C155942963,32915.56,9994.97,C806253724,5017.36,27937.95,0,0
381,PAYMENT,11132.02,C922166988,19723.09,8591.07,M109747246,0.0,0.0,0,0
276,TRANSFER,48428.82,C509346450,60495.57,12066.75,C607247876,4165.18,52594.0,0,0
549,CASH_IN,11220.68,C246046229,66119.52,77340.2,C720606675,117345.84,106125.16,0,0
548,CASH_OUT,41131.5,C502311396,48992.11,7860.61,C294844293,26131.17,67262.67,0,0
424,DEBIT,5177.14,C185179658,11039.29,5862.15,C683689427,6856.42,12033.56,0,0
456,PAYMENT,4858.49,C831458178,10787.03,5928.54,M967078704,0.0,0.0,0,0
294,CASH_OUT,61861.15,C123614974,74236.4,12375.25,C772208107,30356.34,92217.49,0,0
587,CASH_OUT,24536.88,C851283327,101449.84,76912.96,C102955080,11167.53,35704.41,0,0
707,PAYMENT,5648.69,C963453896,8751.47,3102.78,M819162951,0.0,0.0,0,0
697,TRANSFER,16880.7,C501585223,126202.29,109321.59,C838040442,85496.98,102377.68,0,0
117,CASH_IN,3509.06,C632560487,168.61,3677.67,C847523148,197483.32,193974.26,0,0
359,PAYMENT,2399.45,C390043877,3835.51,1436.06,M142424196,0.0,0.0,0,0
427,PAYMENT,2010.17,C667461891,13242.97,11232.8,M205231143,0.0,0.0,0,0
459,PAYMENT,1692.09,C239311604,3012.25,1320.16,M913802791,0.0,0.0,0,0
111,PAYMENT,5420.45,C367364255,11203.77,5783.32,M839251431,0.0,0.0,0,0
83,PAYMENT,5318.69,C151844249,17331.75,12013.06,M443482873,0.0,0.0,0,0
277,TRANSFER,11486.41,C852680073,69465.5,57979.09,C862060649,75945.6,87432.01,0,0
243,DEBIT,1968.79,C873195414,22837.65,20868.86,C657730565,824.03,2792.82,0,0
233,CASH_OUT,21086.4,C358958267,30303.46,9217.06,C100095324,16882.92,37969.32,0,0
302,PAYMENT,4938.25,C980295046,11957.56,7019.31,M224112951,0.0,0.0,0,0
209,CASH_OUT,2489.04,C573419783,31335.67,28846.63,C137096369,43973.69,46462.73,0,0
8,CASH_OUT,15921.14,C764998664,118689.63,102768.49,C567399318,26204.82,42125.96,0,0
66,CASH_IN,32400.81,C319208476,23081.33,55482.14,C439328426,54816.0,22415.19,0,0
488,PAYMENT,408.86,C532151933,4802.21,4393.35,M503557784,0.0,0.0,0,0
436,CASH_IN,43419.68,C750163806,99290.26,142709.94,C114997155,66857.84,23438.16,0,0
660,DEBIT,1966.64,C257310309,6293.03,4326.39,C351616975,1804.46,3771.1,0,0
413,DEBIT,3426.77,C819088561,16755.75,13328.98,C408733373,1730.69,5157.46,0,0
539,CASH_OUT,53643.98,C870380066,56071.69,2427.71,C167913857,6200.02,59844.0,0,0
43,TRANSFER,84794.64,C702609148,114154.32,29359.68,C938322005,4386.24,89180.88,0,0
687,TRANSFER,13061.68,C250400780,50685.67,37623.99,C470953281,14533.31,27594.99,0,0
30,CASH_OUT,75627.15,C116907336,96207.99,20580.84,C218554746,111504.4,187131.55,0,0
650,PAYMENT,6368.64,C793807134,12900.0,6531.36,M363677910,0.0,0.0,0,0
277,PAYMENT,2925.98,C846512804,7858.47,4932.49,M173378788,0.0,0.0,0,0
353,PAYMENT,709.83,C463661885,1924.09,1214.26,M905238260,0.0,0.0,0,0
326,PAYMENT,2441.0,C770994102,20548.78,18107.78,M841637044,0.0,0.0,0,0
301,DEBIT,2420.99,C972852895,14268.92,11847.93,C757830813,16221.71,18642.7,0,0
334,CASH_IN,128473.79,C197536735,22143.74,150617.53,C937573590,205251.49,76777.7,0,0
594,CASH_OUT,56039.91,C269047292,57466.77,1426.86,C387710528,5009.75,61049.66,0,0
313,TRANSFER,54582.96,C244708024,107813.55,53230.59,C651582311,12367.55,66950.51,0,0
618,CASH_OUT,33458.52,C556532942,53582.68,20124.16,C848779543,4378.32,37836.84,0,0
665,PAYMENT,14088.38,C809402444,14414.9,326.52,M312133079,0.0,0.0,0,0
208,PAYMENT,2252.77,C339379516,4225.5,1972.73,M627552330,0.0,0.0,0,0
496,PAYMENT,5309.29,C352213086,18786.68,13477.39,M457409418,0.0,0.0,0,0
163,CASH_IN,3547.39,C398564385,15983.26,19530.65,C461804994,66925.8,63378.41,0,0
670,PAYMENT,6974.72,C694758115,20901.08,13926.36,M512327215,0.0,0.0,0,0
94,DEBIT,1572.2,C384968002,21864.71,20292.51,C778486265,1259.87,2832.07,0,0
105,PAYMENT,2557.7,C470417673,19965.86,17408.16,M676962160,0.0,0.0,0,0
361,PAYMENT,2239.31,C773968629,2507.86,268.55,M958423293,0.0,0.0,0,0
722,DEBIT,454.83,C611832365,11952.79,11497.96,C153656682,9050.61,9505.44,0,0
220,CASH_OUT,6013.83,C944239715,41990.53,35976.7,C359645216,88005.34,94019.17,0,0
442,DEBIT,4537.06,C553597109,8293.66,3756.6,C911447924,21699.33,26236.39,0,0
340,PAYMENT,13232.5,C650374190,16604.82,3372.32,M168764261,0.0,0.0,0,0
123,CASH_OUT,98441.26,C916686453,145095.02,46653.76,C997238448,71429.8,169871.06,0,0
293,DEBIT,8260.69,C559713285,23046.86,14786.17,C102863185,35923.51,44184.2,0,0
140,TRANSFER,53211.57,C657455817,87325.43,34113.86,C346041217,19699.41,72910.98,0,0
116,CASH_OUT,33955.31,C848343287,72763.29,38807.98,C944005263,29625.68,63580.99,0,0
389,CASH_IN,19849.62,C593078608,24012.27,43861.89,C636236433,38135.05,18285.43,0,0
96,CASH_IN,11982.78,C206252788,39072.2,51054.98,C552978442,23556.19,11573.41,0,0
2,DEBIT,614.66,C889943414,47619.88,47005.22,C589456472,47937.67,48552.33,0,0
658,CASH_OUT,22292.94,C154041294,87695.51,65402.57,C313273142,46839.94,69132.88,0,0
669,CASH_IN,4807.19,C809656494,98097.23,102904.42,C318414707,31883.4,27076.21,0,0
40,PAYMENT,742.79,C447546238,9009.01,8266.22,M758483894,0.0,0.0,0,0
372,PAYMENT,1244.43,C281006473,18606.72,17362.29,M495836385,0.0,0.0,0,0
445,PAYMENT,377.18,C577351769,12596.43,12219.25,M565356145,0.0,0.0,0,0
49,CASH_OUT,37405.64,C865577395,85659.42,48253.78,C891345018,113900.21,151305.85,0,0
268,PAYMENT,375.67,C164337535,2261.2,1885.53,M837297949,0.0,0.0,0,0
203,PAYMENT,893.84,C202371564,14210.89,13317.05,M361874614,0.0,0.0,0,0
25,CASH_OUT,49919.27,C439481864,136760.51,86841.24,C207462554,74814.28,124733.55,0,0
528,PAYMENT,4855.2,C576096831,15820.31,10965.11,M117966116,0.0,0.0,0,0
436,CASH_IN,19005.44,C716995079,23844.04,42849.48,C282659321,110117.04,91111.6,0,0
234,CASH_OUT,271156.41,C252268971,282898.44,11742.03,C553156442,32053.49,303209.9,0,0
307,CASH_IN,70997.9,C146928806,15591.61,86589.51,C760079973,96227.95,25230.05,0,0
624,CASH_OUT,8616.91,C331928861,12608.69,3991.78,C405917712,34944.46,43561.37,0,0
422,PAYMENT,2165.83,C662728191,4440.08,2274.25,M770727847,0.0,0.0,0,0
365,CASH_IN,66717.35,C918323171,12462.4,79179.75,C775448382,112355.74,45638.39,0,0
597,PAYMENT,12035.38,C326089621,20178.43,8143.05,M455005760,0.0,0.0,0,0
314,CASH_OUT,22192.47,C598620500,35841.91,13649.44,C297543326,2625.23,24817.7,0,0
473,TRANSFER,79407.4,C294858689,95876.45,16469.05,C387738013,6541.4,85948.8,0,0
213,PAYMENT,8118.93,C847180930,22131.88,14012.95,M739150299,0.0,0.0,0,0
506,CASH_OUT,60381.89,C421161509,71201.31,10819.42,C325494510,13096.16,73478.05,0,0
441,TRANSFER,222269.5,C197321026,235860.0,13590.5,C532037597,5117.46,227386.96,0,0
609,DEBIT,308.72,C476500723,6930.73,6622.01,C562500297,21516.43,21825.15,0,0
40,CASH_OUT,65278.21,C579910655,93921.75,28643.54,C545192588,58921.65,124199.86,0,0
384,DEBIT,1786.95,C408292699,9548.45,7761.5,C225728286,14341.55,16128.5,0,0
71,CASH_OUT,10872.51,C309230130,28430.86,17558.35,C336631138,35694.82,46567.33,0,0
430,CASH_IN,8157.88,C683386149,67313.81,75471.69,C870320807,41187.21,33029.33,0,0
615,PAYMENT,1009.62,C168357327,23983.51,22973.89,M460056317,0.0,0.0,0,0
161,CASH_OUT,83624.52,C592692734,87014.64,3390.12,C388053361,62416.06,146040.58,0,0
114,PAYMENT,91.24,C854129058,376.93,285.69,M703468061,0.0,0.0,0,0
260,PAYMENT,987.86,C998672883,8565.89,7578.03,M923441830,0.0,0.0,0,0
615,PAYMENT,2913.97,C595480516,5540.29,2626.32,M215981174,0.0,0.0,0,0
561,CASH_IN,42187.68,C744027290,2891.01,45078.69,C835902091,142211.68,100024.0,0,0
232,CASH_OUT,52624.75,C211764414,57405.76,4781.01,C820954168,18784.21,71408.96,0,0
671,CASH_OUT,23286.56,C108443173,113047.18,89760.62,C923187313,7507.27,30793.83,0,0
725,PAYMENT,10155.0,C250104716,17923.05,7768.05,M489222720,0.0,0.0,0,0
161,TRANSFER,56689.71,C480876029,80240.59,23550.88,C229542103,62830.02,119519.73,0,0
633,PAYMENT,329.87,C995092887,6646.41,6316.54,M523603191,0.0,0.0,0,0
352,DEBIT,4475.2,C557696418,10789.06,6313.86,C454240306,8519.77,12994.97,0,0
292,TRANSFER,22679.32,C683620884,25980.61,3301.29,C289394228,15529.21,38208.53,0,0
677,CASH_OUT,19333.48,C923323021,27461.4,8127.92,C115013322,73267.78,92601.26,0,0
233,PAYMENT,3510.77,C260947289,29855.74,26344.97,M838087696,0.0,0.0,0,0
417,CASH_IN,69176.85,C956161063,26655.49,95832.34,C559684562,70040.48,863.63,0,0
182,CASH_IN,59076.15,C538494754,44455.11,103531.26,C582726190,78367.78,19291.63,0,0
148,CASH_IN,6561.3,C434478342,118324.32,124885.62,C299477399,18164.2,11602.9,0,0
568,CASH_OUT,7341.71,C954838738,16274.52,8932.81,C917748836,19719.66,27061.37,0,0
14,PAYMENT,20259.43,C740132526,55605.22,35345.79,M261718272,0.0,0.0,0,0
354,CASH_OUT,377521.94,C905536749,377521.94,0.0,C142440810,28862.53,406384.47,1,0
466,PAYMENT,9473.75,C528031200,14936.89,5463.14,M488764512,0.0,0.0,0,0
505,PAYMENT,1298.2,C121181637,23218.28,21920.08,M134610109,0.0,0.0,0,0
558,PAYMENT,7171.48,C869799849,7943.56,772.08,M944918898,0.0,0.0,0,0
452,CASH_OUT,51280.9,C447090148,74710.35,23429.45,C754688949,1370.82,52651.72,0,0
114,TRANSFER,283969.29,C672772813,283969.29,0.0,C565607277,0.0,0.0,1,0
137,CASH_OUT,92294.87,C663974910,139775.72,47480.85,C128320731,2984.18,95279.05,0,0
226,PAYMENT,25957.93,C314057406,30148.24,4190.31,M556845174,0.0,0.0,0,0
530,CASH_OUT,77617.64,C643969650,92578.1,14960.46,C431546290,115618.56,193236.2,0,0
38,CASH_OUT,26944.15,C281055269,27303.72,359.57,C739281568,10193.97,37138.12,0,0
639,CASH_IN,18726.29,C209966608,5485.12,24211.41,C236379729,104935.29,86209.0,0,0
601,CASH_IN,21733.59,C132750820,8844.61,30578.2,C882453096,44847.46,23113.87,0,0
258,PAYMENT,745.21,C624935280,6715.8,5970.59,M991675941,0.0,0.0,0,0
304,DEBIT,4808.75,C830554129,11021.65,6212.9,C974635508,6172.26,10981.01,0,0
314,CASH_OUT,68728.27,C806200562,76826.57,8098.3,C697895893,13642.72,82370.99,0,0
608,CASH_IN,13422.95,C628354468,44747.6,58170.55,C106091209,60899.91,47476.96,0,0
87,CASH_IN,3105.06,C830031754,157606.63,160711.69,C592214871,17735.71,14630.65,0,0
507,CASH_OUT,35185.57,C938698727,42145.75,6960.18,C162490650,2198.51,37384.08,0,0
108,PAYMENT,1628.61,C321939656,11573.9,9945.29,M116102956,0.0,0.0,0,0
584,PAYMENT,2078.5,C168830705,4009.82,1931.32,M411970416,0.0,0.0,0,0
251,CASH_OUT,180179.64,C777197169,207423.68,27244.04,C731093865,2790.47,182970.11,0,0
370,PAYMENT,16025.35,C733744782,19203.66,3178.31,M904665133,0.0,0.0,0,0
445,CASH_IN,105244.48,C168203272,149854.28,255098.76,C295667964,171893.74,66649.26,0,0
91,PAYMENT,3992.86,C690403068,33275.38,29282.52,M115795052,0.0,0.0,0,0
649,CASH_OUT,3487.95,C129256529,9912.87,6424.92,C753930140,6643.96,10131.91,0,0
641,PAYMENT,892.12,C458052348,8872.04,7979.92,M209095424,0.0,0.0,0,0
142,TRANSFER,4833.76,C956483454,45426.81,40593.05,C848126432,4218.01,9051.77,0,0
37,CASH_OUT,18258.47,C235522710,23248.59,4990.12,C899820199,89022.32,107280.79,0,0
304,PAYMENT,2792.74,C737377165,5816.62,3023.88,M105982222,0.0,0.0,0,0
10,TRANSFER,45154.67,C283984875,61223.09,16068.42,C845578959,3974.99,49129.66,0,0
357,TRANSFER,20492.74,C153207428,39002.05,18509.31,C828661570,71246.38,91739.12,0,0
409,PAYMENT,57.84,C208928006,3500.35,3442.51,M566241207,0.0,0.0,0,0
240,PAYMENT,537.93,C757366093,21427.85,20889.92,M454947196,0.0,0.0,0,0
697,TRANSFER,50633.44,C686789817,54855.71,4222.27,C866820202,84694.51,135327.95,0,0
417,CASH_OUT,40594.71,C511212730,75911.25,35316.54,C373674382,82477.95,123072.66,0,0
5,TRANSFER,3961.7,C517937691,36719.74,32758.04,C798453846,5105.52,9067.22,0,0
39,PAYMENT,1640.19,C311263814,11823.21,10183.02,M994925282,0.0,0.0,0,0
101,TRANSFER,9298.37,C246204729,10373.25,1074.88,C319692055,6318.43,15616.8,0,0
461,PAYMENT,918.09,C114374622,3088.81,2170.72,M917565392,0.0,0.0,0,0
214,CASH_OUT,210720.65,C175199533,246799.24,36078.59,C905626188,615.2,211335.85,0,0
647,PAYMENT,3450.76,C746936258,19411.8,15961.04,M369438922,0.0,0.0,0,0
69,CASH_OUT,23430.93,C220587844,33102.45,9671.52,C273581557,136490.55,159921.48,0,0
146,PAYMENT,12840.83,C812353591,14419.9,1579.07,M236376281,0.0,0.0,0,0
578,PAYMENT,90.52,C321672624,9743.54,9653.02,M954141400,0.0,0.0,0,0
490,PAYMENT,4794.95,C582560797,4952.36,157.41,M446998861,0.0,0.0,0,0
106,CASH_IN,11547.86,C592742578,4412.29,15960.15,C246933372,114556.34,103008.48,0,0
173,CASH_IN,47178.16,C841069146,180812.47,227990.63,C594862572,48937.34,1759.18,0,0
443,CASH_OUT,45662.27,C752827685,63092.56,17430.29,C515312655,7282.88,52945.15,0,0
625,CASH_OUT,27173.59,C517569673,28524.7,1351.11,C300448463,2332.83,29506.42,0,0
625,CASH_OUT,129080.05,C401758676,131530.02,2449.97,C414592534,15310.85,144390.9,0,0
66,CASH_OUT,14761.59,C890116338,42021.91,27260.32,C609253605,107410.79,122172.38,0,0
582,PAYMENT,3351.69,C871157616,4837.01,1485.32,M844474343,0.0,0.0,0,0
137,CASH_IN,135653.57,C649990020,48685.6,184339.17,C627168327,135992.84,339.27,0,0
392,PAYMENT,11305.22,C443138879,13673.82,2368.6,M980433439,0.0,0.0,0,0
19,PAYMENT,22.46,C516154910,769.32,746.86,M545446454,0.0,0.0,0,0
394,PAYMENT,2001.84,C456881254,5720.86,3719.02,M544229614,0.0,0.0,0,0
561,CASH_OUT,18063.73,C234457451,71631.21,53567.48,C100071872,81105.18,99168.91,0,0
102,CASH_IN,18556.4,C790809994,12043.04,30599.44,C151631801,25293.75,6737.35,0,0
588,PAYMENT,20406.75,C576284107,20883.63,476.88,M935012976,0.0,0.0,0,0
663,PAYMENT,4631.47,C529667923,6205.99,1574.52,M300299653,0.0,0.0,0,0
290,TRANSFER,19692.7,C666384847,30809.63,11116.93,C357167238,934.18,20626.88,0,0
68,DEBIT,269.71,C756058083,8482.47,8212.76,C698919290,9578.11,9847.82,0,0
56,CASH_IN,66423.1,C641415615,22062.56,88485.66,C982055189,130156.58,63733.48,0,0
339,PAYMENT,269.63,C380614607,16414.28,16144.65,M896155936,0.0,0.0,0,0
178,TRANSFER,7902.77,C738690966,18276.83,10374.06,C330261564,24044.53,31947.3,0,0
266,CASH_OUT,50441.13,C729590454,53552.82,3111.69,C839401877,17169.07,67610.2,0,0
93,DEBIT,1670.79,C923922722,16905.29,15234.5,C102252550,1152.48,2823.27,0,0
732,PAYMENT,2512.4,C258194348,17382.75,14870.35,M433673636,0.0,0.0,0,0
365,DEBIT,3094.68,C645332626,20536.75,17442.07,C905306985,3353.71,6448.39,0,0
107,CASH_IN,15511.45,C290309208,42417.09,57928.54,C926854312,92205.12,76693.67,0,0
634,PAYMENT,1341.47,C774148633,5610.45,4268.98,M308682210,0.0,0.0,0,0
509,PAYMENT,20062.95,C698023263,32168.01,12105.06,M127566658,0.0,0.0,0,0
267,TRANSFER,41749.52,C555342371,76789.28,35039.76,C172932941,28128.64,69878.16,0,0
593,CASH_OUT,122157.83,C696212142,122466.99,309.16,C922270829,152292.68,274450.51,0,0
259,PAYMENT,269.39,C132945847,9687.51,9418.12,M111250503,0.0,0.0,0,0
237,CASH_OUT,3628.55,C114595900,43192.57,39564.02,C468756703,9175.59,12804.14,0,0
48,TRANSFER,27107.76,C326405164,41483.74,14375.98,C644065630,33035.99,60143.75,0,0
221,CASH_OUT,10885.44,C679467373,37161.61,26276.17,C373181081,12623.95,23509.39,0,0
614,TRANSFER,807273.66,C511784528,807273.66,0.0,C922238013,0.0,0.0,1,1
194,PAYMENT,5390.86,C504015463,15837.83,10446.97,M789048071,0.0,0.0,0,0
91,PAYMENT,2192.25,C684630994,3615.84,1423.59,M846980169,0.0,0.0,0,0
270,PAYMENT,3338.1,C326390164,8820.32,5482.22,M441220731,0.0,0.0,0,0
201,PAYMENT,6033.0,C571281541,13967.98,7934.98,M176766220,0.0,0.0,0,0
70,CASH_IN,3336.48,C443064773,48748.34,52084.82,C964582648,8541.1,5204.62,0,0
46,CASH_OUT,73640.74,C771853047,100877.8,27237.06,C990408705,74151.13,147791.87,0,0
358,CASH_OUT,49027.24,C316143630,61651.94,12624.7,C278062534,9809.65,58836.89,0,0
149,CASH_OUT,1113014.41,C595418787,1113014.41,0.0,C211571666,47645.64,1160660.05,1,0
422,PAYMENT,8497.54,C166207637,12071.82,3574.28,M390063979,0.0,0.0,0,0
104,CASH_OUT,67724.09,C910148080,94244.52,26520.43,C971035884,25439.82,93163.91,0,0
361,CASH_IN,94818.79,C695338588,96841.44,191660.23,C547490913,138361.19,43542.4,0,0
518,CASH_OUT,1078933.52,C828656658,1078933.52,0.0,C536443221,46279.26,1125212.78,1,0
725,TRANSFER,39433.04,C537581956,116089.92,76656.88,C366165750,1091.78,40524.82,0,0
27,DEBIT,4962.18,C859627129,10021.31,5059.13,C667725639,19294.26,24256.44,0,0
651,PAYMENT,9266.15,C411373166,11254.26,1988.11,M890941160,0.0,0.0,0,0
262,TRANSFER,54885.52,C618978462,60575.17,5689.65,C311162421,27930.94,82816.46,0,0
500,PAYMENT,861.48,C400589786,2586.06,1724.58,M725835751,0.0,0.0,0,0
594,CASH_OUT,5458.46,C796029761,20075.53,14617.07,C969509525,52045.65,57504.11,0,0
215,PAYMENT,1705.31,C750217336,2999.45,1294.14,M772251632,0.0,0.0,0,0
737,PAYMENT,9859.93,C194205193,9941.16,81.23,M502495649,0.0,0.0,0,0
306,TRANSFER,37932.38,C642394982,43441.19,5508.81,C101720521,44268.47,82200.85,0,0
725,CASH_OUT,9052.18,C325488558,80057.77,71005.59,C801112930,72889.08,81941.26,0,0
135,CASH_OUT,70811.68,C457163186,74337.43,3525.75,C492789212,41832.85,112644.53,0,0
686,PAYMENT,11280.47,C750875811,24141.2,12860.73,M745772973,0.0,0.0,0,0
569,PAYMENT,26142.7,C731874237,49211.97,23069.27,M100881742,0.0,0.0,0,0
218,CASH_OUT,113971.22,C385599730,176656.61,62685.39,C834757712,52463.17,166434.39,0,0
371,DEBIT,2159.16,C814883403,14420.6,12261.44,C144854168,19912.41,22071.57,0,0
382,PAYMENT,19867.37,C255456900,22654.34,2786.97,M827618457,0.0,0.0,0,0
42,PAYMENT,4089.57,C556097791,14626.04,10536.47,M406450633,0.0,0.0,0,0
58,PAYMENT,5658.74,C981306617,13385.83,7727.09,M453644093,0.0,0.0,0,0
479,PAYMENT,8624.14,C392453214,9019.21,395.07,M578696079,0.0,0.0,0,0
18,DEBIT,3292.14,C679227903,12062.5,8770.36,C524656380,4273.78,7565.92,0,0
740,PAYMENT,931.09,C750895523,4773.01,3841.92,M532129447,0.0,0.0,0,0
352,PAYMENT,696.29,C380337193,5285.56,4589.27,M536205776,0.0,0.0,0,0
678,PAYMENT,6444.36,C263272381,12970.44,6526.08,M188910632,0.0,0.0,0,0
52,CASH_OUT,51946.21,C200468847,59184.37,7238.16,C323563331,91597.07,143543.28,0,0
392,CASH_IN,51964.06,C855290357,22060.02,74024.08,C496646677,102786.77,50822.71,0,0
187,PAYMENT,16357.15,C668765139,17207.21,850.06,M268324088,0.0,0.0,0,0
538,PAYMENT,93.79,C533351023,610.45,516.66,M467862989,0.0,0.0,0,0
123,TRANSFER,567753.34,C632935223,567753.34,0.0,C475472725,0.0,567753.34,1,0
164,PAYMENT,13562.33,C736859148,23382.01,9819.68,M463975974,0.0,0.0,0,0
166,CASH_OUT,62640.19,C143856456,68175.89,5535.7,C125383648,3477.76,66117.95,0,0
315,CASH_OUT,37135.2,C269834799,38784.25,1649.05,C176227460,5007.86,42143.06,0,0
459,CASH_IN,11244.15,C411448338,43755.84,54999.99,C286866498,92165.73,80921.58,0,0
289,CASH_IN,60841.4,C886781130,1094.75,61936.15,C893915958,84991.03,24149.63,0,0
112,CASH_OUT,9356.63,C313817806,14761.12,5404.49,C417519923,127415.96,136772.59,0,0
94,CASH_OUT,73964.72,C646087598,82840.92,8876.2,C266944203,65591.33,139556.05,0,0
519,PAYMENT,1224.88,C299214815,10828.68,9603.8,M563196866,0.0,0.0,0,0
419,CASH_IN,49485.18,C699327697,27003.5,76488.68,C150024562,197130.42,147645.24,0,0
263,CASH_OUT,1390.08,C597091271,22427.6,21037.52,C309976936,115836.67,117226.75,0,0
221,PAYMENT,10066.86,C501015967,28007.54,17940.68,M312740267,0.0,0.0,0,0
417,TRANSFER,65366.48,C177736192,76229.93,10863.45,C529852370,3740.09,69106.57,0,0
562,CASH_OUT,3915.42,C966172199,4337.98,422.56,C273582201,121071.62,124987.04,0,0
306,PAYMENT,3550.82,C880142220,3954.83,404.01,M876344738,0.0,0.0,0,0
601,TRANSFER,135922.94,C689325331,138567.9,2644.96,C424293957,51238.67,187161.61,0,0
329,CASH_IN,11459.58,C345639095,2519.66,13979.24,C181327493,68971.16,57511.58,0,0
642,PAYMENT,23790.28,C911189068,31269.69,7479.41,M186797282,0.0,0.0,0,0
588,DEBIT,6822.1,C107098785,13415.83,6593.73,C768940103,11577.39,18399.49,0,0
368,PAYMENT,5706.84,C185983296,6603.36,896.52,M179760611,0.0,0.0,0,0
308,TRANSFER,1493350.03,C171488069,1493350.03,0.0,C329587609,0.0,1493350.03,1,0
230,PAYMENT,3146.33,C785029460,5015.47,1869.14,M462673313,0.0,0.0,0,0
261,CASH_OUT,153954.81,C780156117,157479.93,3525.12,C561826576,57322.52,211277.33,0,0
556,CASH_OUT,9203.18,C372392513,48140.12,38936.94,C494804301,35336.82,44540.0,0,0
264,PAYMENT,9887.82,C417961978,52709.58,42821.76,M757515723,0.0,0.0,0,0
726,CASH_OUT,1271.28,C485734232,20951.09,19679.81,C694020374,63397.18,64668.46,0,0
329,CASH_IN,1508.65,C460780329,89027.1,90535.75,C663810076,115180.52,113671.87,0,0
734,CASH_IN,93703.59,C502340876,3552.1,97255.69,C695163082,210123.04,116419.45,0,0
403,TRANSFER,34954.01,C600806796,42644.21,7690.2,C819198554,1268.01,36222.02,0,0
244,CASH_OUT,411291.91,C628175734,421705.36,10413.45,C738951926,169395.33,580687.24,0,0
352,CASH_OUT,3603.38,C424175186,19020.53,15417.15,C908190877,6980.24,10583.62,0,0
635,CASH_OUT,109759.58,C785379006,203365.88,93606.3,C637557254,33627.13,143386.71,0,0
31,CASH_OUT,22787.31,C877753831,34597.62,11810.31,C349651025,22328.91,45116.22,0,0
523,PAYMENT,9096.01,C232970835,21070.69,11974.68,M404668553,0.0,0.0,0,0
590,PAYMENT,659.76,C520779855,12001.89,11342.13,M350863619,0.0,0.0,0,0
269,CASH_OUT,120410.88,C440146858,152596.69,32185.81,C172480750,21650.05,142060.93,0,0
639,CASH_OUT,142596.87,C486457684,159501.3,16904.43,C306472445,6933.88,149530.75,0,0
228,CASH_OUT,9271.32,C346761599,38926.54,29655.22,C984257310,6435.08,15706.4,0,0
466,PAYMENT,80.4,C838160718,5857.83,5777.43,M578931392,0.0,0.0,0,0
209,CASH_IN,494.5,C292798183,47150.78,47645.28,C520060406,52187.82,51693.32,0,0
630,CASH_IN,11130.48,C363387258,30926.99,42057.47,C455382984,93317.85,82187.37,0,0
148,CASH_OUT,347655.61,C266291350,347655.61,0.0,C357674289,29511.99,377167.6,1,1
338,PAYMENT,4708.09,C358644489,7922.66,3214.57,M449996795,0.0,0.0,0,0
141,PAYMENT,7901.21,C450469407,22302.51,14401.3,M909963346,0.0,0.0,0,0
504,PAYMENT,700.64,C204236919,19386.46,18685.82,M986931047,0.0,0.0,0,0
396,PAYMENT,8152.01,C542713096,17341.23,9189.22,M955962508,0.0,0.0,0,0
612,PAYMENT,3666.58,C863115987,25517.76,21851.18,M847445540,0.0,0.0,0,0
588,PAYMENT,3122.39,C410128848,4648.57,1526.18,M105062612,0.0,0.0,0,0
736,PAYMENT,2167.17,C816911738,54166.17,51999.0,M389222784,0.0,0.0,0,0
617,CASH_OUT,103922.89,C440297524,128302.04,24379.15,C256618267,46525.79,150448.68,0,0
620,CASH_OUT,130670.16,C305790953,146028.65,15358.49,C180160523,28939.2,159609.36,0,0
664,CASH_OUT,46257.21,C178347133,51309.03,5051.82,C602626147,33809.91,80067.12,0,0
483,PAYMENT,2607.48,C795929202,36601.37,33993.89,M317289748,0.0,0.0,0,0
62,CASH_IN,88060.85,C172363573,228121.25,316182.1,C211484873,95447.52,7386.67,0,0
24,CASH_IN,27732.88,C163950024,64668.53,92401.41,C964056026,69947.91,42215.03,0,0
485,PAYMENT,184.89,C391357286,14296.73,14111.84,M256078064,0.0,0.0,0,0
4,CASH_OUT,92444.53,C300887925,102702.08,10257.55,C433914134,22473.93,114918.46,0,0
718,PAYMENT,795.74,C917733171,9739.93,8944.19,M453814876,0.0,0.0,0,0
10,PAYMENT,712.22,C163790581,4204.0,3491.78,M777914685,0.0,0.0,0,0
500,CASH_OUT,15768.86,C268528877,36879.83,21110.97,C373959334,69350.92,85119.78,0,0
228,CASH_IN,18985.87,C800016986,12421.8,31407.67,C951806198,75190.97,56205.1,0,0
464,PAYMENT,240.98,C635774562,2906.76,2665.78,M158209452,0.0,0.0,0,0
638,CASH_OUT,30468.81,C619045272,37595.77,7126.96,C928519585,11460.92,41929.73,0,0
69,PAYMENT,10284.57,C318422743,17524.91,7240.34,M852950776,0.0,0.0,0,0
525,CASH_OUT,24768.67,C184614132,36238.1,11469.43,C963877049,44346.0,69114.67,0,0
32,CASH_OUT,69689.05,C606012794,74505.02,4815.97,C842696469,50420.3,120109.35,0,0
357,TRANSFER,18924.16,C556383950,56033.02,37108.86,C867728579,50112.34,69036.5,0,0
619,PAYMENT,4767.05,C365737199,10710.38,5943.33,M848396897,0.0,0.0,0,0
603,CASH_OUT,656.01,C583782981,876.58,220.57,C494978455,2583.88,3239.89,0,0
7,CASH_IN,81337.78,C813469911,1911.57,83249.35,C808570300,101068.69,19730.91,0,0
342,CASH_OUT,54986.67,C855890649,70634.03,15647.36,C463174284,20311.73,75298.4,0,0
205,CASH_OUT,49794.9,C152262652,58690.12,8895.22,C833132839,4445.68,54240.58,0,0
212,CASH_OUT,2182.93,C853573710,6014.61,3831.68,C745007973,57935.17,60118.1,0,0
263,TRANSFER,72945.69,C759719673,95291.68,22345.99,C329222160,7008.2,79953.89,0,0
211,CASH_IN,16997.14,C282248530,19577.3,36574.44,C530493027,30407.91,13410.77,0,0
190,CASH_OUT,56400.83,C569934284,80201.33,23800.5,C623447239,52220.36,108621.19,0,0
252,CASH_OUT,69034.0,C206456071,71261.49,2227.49,C981357385,18041.63,87075.63,0,0
478,PAYMENT,5167.6,C236277566,10171.49,5003.89,M850510002,0.0,0.0,0,0
312,PAYMENT,2654.92,C414132276,9857.6,7202.68,M139718740,0.0,0.0,0,0
124,CASH_OUT,13979.18,C167890586,34883.52,20904.34,C330682379,66944.76,80923.94,0,0
736,CASH_OUT,36591.93,C985383323,55914.94,19323.01,C547620967,119763.89,156355.82,0,0
553,PAYMENT,24534.54,C519537554,35909.95,11375.41,M996819032,0.0,0.0,0,0
404,PAYMENT,614.24,C394322081,10165.61,9551.37,M928223195,0.0,0.0,0,0
398,PAYMENT,954.88,C703698328,4007.07,3052.19,M198314461,0.0,0.0,0,0
429,PAYMENT,944.1,C515439150,21528.65,20584.55,M813551693,0.0,0.0,0,0
543,CASH_OUT,2563.88,C352476673,6550.97,3987.09,C375793687,37469.24,40033.12,0,0
11,PAYMENT,4177.48,C693702992,6738.7,2561.22,M283835908,0.0,0.0,0,0
622,PAYMENT,6109.49,C137850527,12289.25,6179.76,M431293485,0.0,0.0,0,0
384,CASH_OUT,9089.85,C700918920,14469.28,5379.43,C241192457,20566.05,29655.9,0,0
742,PAYMENT,5487.41,C782236621,36715.52,31228.11,M970620263,0.0,0.0,0,0
367,TRANSFER,1263158.52,C827094141,1263158.52,0.0,C904332113,0.0,0.0,1,0
99,CASH_IN,48245.31,C517546417,10879.7,59125.01,C612308488,115430.22,67184.91,0,0
409,PAYMENT,8140.58,C911587612,10353.72,2213.14,M425673735,0.0,0.0,0,0
46,PAYMENT,2141.11,C536249026,9868.49,7727.38,M521233537,0.0,0.0,0,0
79,PAYMENT,8381.55,C571498240,11033.6,2652.05,M615736231,0.0,0.0,0,0
92,PAYMENT,2136.69,C643993968,6277.87,4141.18,M218173954,0.0,0.0,0,0
133,DEBIT,781.14,C183009458,10674.71,9893.57,C572443045,5370.08,6151.22,0,0
708,PAYMENT,1009.65,C939367711,1964.34,954.69,M414922962,0.0,0.0,0,0
563,CASH_OUT,84660.23,C551205132,95913.42,11253.19,C480189913,97658.9,182319.13,0,0
699,CASH_OUT,78189.69,C333726983,111023.43,32833.74,C514238810,92618.7,170808.39,0,0
118,CASH_IN,10965.67,C614446221,61323.51,72289.18,C356977462,34788.45,23822.78,0,0
650,PAYMENT,5226.52,C592800368,7858.53,2632.01,M505159516,0.0,0.0,0,0
139,CASH_OUT,28607.64,C929020037,47703.89,19096.25,C286026798,13200.2,41807.84,0,0
297,CASH_IN,7937.43,C437205577,54486.86,62424.29,C737387838,289004.23,281066.8,0,0
293,CASH_IN,2512.69,C151772308,17740.13,20252.82,C489114585,61178.3,58665.61,0,0
228,PAYMENT,6694.76,C277099296,24375.26,17680.5,M217088903,0.0,0.0,0,0
364,PAYMENT,7323.74,C755830961,13053.94,5730.2,M728753367,0.0,0.0,0,0
543,CASH_OUT,34645.45,C957679998,45214.96,10569.51,C133490693,3249.21,37894.66,0,0
422,PAYMENT,1304.79,C409518580,2217.55,912.76,M966097742,0.0,0.0,0,0
721,PAYMENT,652.15,C154790138,15039.18,14387.03,M125053317,0.0,0.0,0,0
43,PAYMENT,266.38,C877273393,9679.74,9413.36,M302975975,0.0,0.0,0,0
531,CASH_OUT,128531.51,C110840158,135379.01,6847.5,C511757119,16145.04,144676.55,0,0
563,CASH_OUT,22444.27,C745430911,35327.27,12883.0,C826063165,75531.88,97976.15,0,0
428,CASH_OUT,18868.48,C300483303,36984.12,18115.64,C458860305,34697.8,53566.28,0,0
110,PAYMENT,331.55,C437409619,11745.12,11413.57,M564667392,0.0,0.0,0,0
55,TRANSFER,40345.83,C705021412,62979.79,22633.96,C268107231,7355.48,47701.31,0,0
482,CASH_OUT,119661.3,C201444433,126411.82,6750.52,C645410051,5848.97,125510.27,0,0
487,TRANSFER,3892.96,C926714434,59666.15,55773.19,C733939152,5932.54,9825.5,0,0
18,CASH_IN,39041.26,C712861656,105255.93,144297.19,C463332197,45624.56,6583.3,0,0
671,CASH_IN,19103.1,C982113518,2124.3,21227.4,C150963739,134334.44,115231.34,0,0
111,CASH_IN,23510.45,C724053735,53898.93,77409.38,C651197220,216178.63,192668.18,0,0
598,CASH_IN,30801.45,C815760087,81786.52,112587.97,C218486126,53884.86,23083.41,0,0
525,PAYMENT,6954.04,C206463388,50458.25,43504.21,M614683903,0.0,0.0,0,0
240,CASH_OUT,6940.23,C935420940,33618.15,26677.92,C389567223,23623.88,30564.11,0,0
147,CASH_OUT,114322.96,C809501597,185121.16,70798.2,C646719133,44035.96,158358.92,0,0
278,PAYMENT,4966.25,C632143297,4967.23,0.98,M709743790,0.0,0.0,0,0
555,TRANSFER,825011.15,C894355269,825011.15,0.0,C745822424,0.0,0.0,1,0
367,TRANSFER,2599.28,C132235020,9414.11,6814.83,C925493943,20274.74,22874.02,0,0
639,CASH_OUT,1657.34,C267539123,53996.02,52338.68,C180005332,48435.1,50092.44,0,0
138,TRANSFER,394703.63,C360848997,394703.63,0.0,C678564937,0.0,0.0,1,0
285,PAYMENT,13144.27,C685870853,15651.65,2507.38,M631591475,0.0,0.0,0,0
209,PAYMENT,1168.96,C492330921,46437.66,45268.7,M823970530,0.0,0.0,0,0
317,PAYMENT,2233.79,C795071493,8456.05,6222.26,M990196086,0.0,0.0,0,0
328,CASH_OUT,13992.89,C200580449,14811.76,818.87,C364323656,169171.9,183164.79,0,0
381,PAYMENT,16764.16,C456642331,31547.09,14782.93,M833422732,0.0,0.0,0,0
414,CASH_OUT,32779.18,C316456865,35987.7,3208.52,C914146227,22711.27,55490.45,0,0
75,PAYMENT,11683.09,C543729854,16756.04,5072.95,M209696590,0.0,0.0,0,0
388,TRANSFER,89466.91,C225197373,148109.45,58642.54,C283973206,11221.81,100688.72,0,0
581,PAYMENT,8269.91,C248042585,16586.62,8316.71,M745616682,0.0,0.0,0,0
357,PAYMENT,3165.91,C250720142,10702.26,7536.35,M989166369,0.0,0.0,0,0
222,CASH_OUT,13455.01,C398856526,50511.51,37056.5,C105010631,76721.05,90176.06,0,0
400,PAYMENT,9232.35,C808550028,14599.65,5367.3,M638904355,0.0,0.0,0,0
204,CASH_OUT,23948.11,C171212759,41923.17,17975.06,C277125086,44553.73,68501.84,0,0
323,TRANSFER,42939.3,C137155268,53155.01,10215.71,C328421439,19866.48,62805.78,0,0
659,PAYMENT,1906.32,C229239801,19371.48,17465.16,M623481342,0.0,0.0,0,0
712,CASH_IN,8140.69,C575884082,112442.09,120582.78,C292209334,17757.0,9616.31,0,0
475,CASH_OUT,27459.52,C782423077,78071.79,50612.27,C407483458,84539.77,111999.29,0,0
332,PAYMENT,1881.91,C108003196,4809.01,2927.1,M513903659,0.0,0.0,0,0
446,PAYMENT,2418.2,C985065020,2672.96,254.76,M479170457,0.0,0.0,0,0
722,CASH_IN,50934.69,C332891612,55240.15,106174.84,C166328233,119442.44,68507.75,0,0
534,TRANSFER,76021.32,C297994001,83489.77,7468.45,C490709697,3020.6,79041.92,0,0
508,PAYMENT,326.96,C858903573,4912.08,4585.12,M563336974,0.0,0.0,0,0
554,DEBIT,726.63,C777758779,10148.22,9421.59,C698646781,4208.51,4935.14,0,0
539,PAYMENT,26.97,C697807048,2841.19,2814.22,M750640966,0.0,0.0,0,0
177,CASH_IN,22104.62,C784816038,54833.83,76938.45,C911996453,180020.29,157915.67,0,0
348,CASH_OUT,69849.45,C919872588,77647.39,7797.94,C240266089,11684.66,81534.11,0,0
76,CASH_IN,30112.36,C164643952,127850.77,157963.13,C669941351,69631.34,39518.98,0,0
235,CASH_OUT,6823.75,C865378673,7712.74,888.99,C325524693,14049.67,20873.42,0,0
246,PAYMENT,4459.12,C708716116,7684.42,3225.3,M869219132,0.0,0.0,0,0
39,PAYMENT,5255.52,C583238173,7978.96,2723.44,M752861462,0.0,0.0,0,0
222,PAYMENT,2655.31,C688120189,7300.87,4645.56,M629511056,0.0,0.0,0,0
705,CASH_OUT,54323.54,C883394641,56668.68,2345.14,C677682307,73299.01,127622.55,0,0
78,CASH_OUT,4864.91,C985158422,17834.42,12969.51,C558381840,66126.17,70991.08,0,0
549,CASH_OUT,148488.07,C888036341,152998.78,4510.71,C977114812,81518.2,230006.27,0,0
188,CASH_OUT,809895.4,C405487265,809895.4,0.0,C869678138,20824.99,830720.39,1,0
728,CASH_IN,33312.61,C902701294,71170.51,104483.12,C366452683,71345.71,38033.1,0,0
711,CASH_OUT,169578.76,C344004326,181703.33,12124.57,C600452780,61711.98,231290.74,0,0
290,PAYMENT,6099.16,C874405485,11126.33,5027.17,M961848176,0.0,0.0,0,0
572,CASH_OUT,40586.84,C185762422,46886.38,6299.54,C963569484,110827.81,151414.65,0,0
19,CASH_OUT,21996.86,C918296630,29720.41,7723.55,C805285999,174604.79,196601.65,0,0
215,PAYMENT,11236.18,C255577052,13236.46,2000.28,M404022657,0.0,0.0,0,0
480,DEBIT,2148.84,C984911699,12711.43,10562.59,C678151154,10801.29,12950.13,0,0
257,CASH_IN,14184.67,C197386603,12177.05,26361.72,C641754948,20653.3,6468.63,0,0
419,CASH_OUT,167670.66,C970789899,179760.25,12089.59,C476696968,40034.27,207704.93,0,0
232,PAYMENT,9101.84,C938345171,17212.26,8110.42,M324968775,0.0,0.0,0,0
566,CASH_IN,64945.23,C286243943,38039.55,102984.78,C646154260,94771.3,29826.07,0,0
329,CASH_OUT,27560.62,C932339598,41044.09,13483.47,C983328447,27776.74,55337.36,0,0
331,CASH_OUT,110044.97,C281266487,132560.52,22515.55,C810968670,11490.24,121535.21,0,0
322,TRANSFER,28559.19,C394566188,38890.5,10331.31,C641518918,10622.09,39181.28,0,0
621,CASH_OUT,31245.5,C960940561,91555.8,60310.3,C949633392,82300.68,113546.18,0,0
657,CASH_OUT,9412.01,C949171876,9932.34,520.33,C700427883,12040.24,21452.25,0,0
718,PAYMENT,2139.79,C143137292,23086.34,20946.55,M830866079,0.0,0.0,0,0
162,CASH_OUT,341.16,C696267929,33923.61,33582.45,C374879523,17255.47,17596.63,0,0
30,DEBIT,5125.16,C114381111,39169.78,34044.62,C624256886,4442.6,9567.76,0,0
717,PAYMENT,1768.7,C642746868,10861.21,9092.51,M986630014,0.0,0.0,0,0
305,CASH_IN,7185.48,C895198363,77776.36,84961.84,C870200847,7547.89,362.41,0,0
12,CASH_IN,13880.55,C991336648,29176.01,43056.56,C191921019,100279.44,86398.89,0,0
581,PAYMENT,4145.81,C278313824,5196.43,1050.62,M185866195,0.0,0.0,0,0
104,CASH_IN,10387.56,C377216509,26106.17,36493.73,C795452389,11859.01,1471.45,0,0
388,PAYMENT,4770.4,C646112231,21392.85,16622.45,M246086268,0.0,0.0,0,0
608,PAYMENT,730.28,C666795837,7232.53,6502.25,M204367976,0.0,0.0,0,0
182,PAYMENT,3752.78,C379326939,30410.27,26657.49,M656365007,0.0,0.0,0,0
514,PAYMENT,4959.22,C611470666,14996.39,10037.17,M608316148,0.0,0.0,0,0
377,CASH_IN,55903.06,C280608643,58736.67,114639.73,C962757404,165373.63,109470.57,0,0
180,TRANSFER,63458.52,C648259224,72266.04,8807.52,C826616336,15772.69,79231.21,0,0
58,CASH_OUT,12333.8,C473644222,31209.33,18875.53,C730913178,16506.4,28840.2,0,0
538,PAYMENT,521.29,C563339970,561.68,40.39,M806885470,0.0,0.0,0,0
305,PAYMENT,88.65,C874150837,2453.19,2364.54,M567742828,0.0,0.0,0,0
615,CASH_OUT,16444.03,C540034272,26888.33,10444.3,C590163863,123425.27,139869.3,0,0
232,CASH_OUT,4986.66,C248497528,19821.14,14834.48,C997822151,28269.13,33255.79,0,0
437,PAYMENT,16401.28,C492614587,39599.54,23198.26,M533887857,0.0,0.0,0,0
555,CASH_IN,203925.52,C371607499,3566.96,207492.48,C694387959,325056.42,121130.9,0,0
180,CASH_OUT,88189.24,C529107162,106046.06,17856.82,C793266997,33881.31,122070.55,0,0
727,PAYMENT,517.71,C169034417,3216.97,2699.26,M544133897,0.0,0.0,0,0
150,PAYMENT,8619.54,C187779724,20617.85,11998.31,M838023804,0.0,0.0,0,0
20,TRANSFER,9684.03,C599433425,11695.27,2011.24,C553862458,8619.7,18303.73,0,0
2,CASH_IN,4961.09,C865293980,91121.48,96082.57,C788669820,9405.54,4444.45,0,0
474,PAYMENT,1933.79,C642439950,10761.48,8827.69,M704731023,0.0,0.0,0,0
13,PAYMENT,7506.52,C134673689,24412.97,16906.45,M934853397,0.0,0.0,0,0
649,CASH_OUT,30949.39,C850035134,31363.49,414.1,C121723084,678.0,31627.39,0,0
52,PAYMENT,1331.91,C549132507,7202.15,5870.24,M462637486,0.0,0.0,0,0
531,PAYMENT,3225.17,C334354958,14882.64,11657.47,M726874328,0.0,0.0,0,0
689,PAYMENT,1073.66,C326403714,11296.39,10222.73,M680851662,0.0,0.0,0,0
717,CASH_IN,67434.15,C911603866,7004.64,74438.79,C382006474,80476.57,13042.42,0,0
580,CASH_OUT,34889.7,C361858116,58871.29,23981.59,C168689449,24114.38,59004.08,0,0
410,PAYMENT,388.47,C884267008,2938.58,2550.11,M229823629,0.0,0.0,0,0
188,PAYMENT,7166.63,C151210544,12828.14,5661.51,M980286461,0.0,0.0,0,0
727,CASH_OUT,36353.05,C528790455,67633.53,31280.48,C106194416,17970.56,54323.61,0,0
588,PAYMENT,6769.36,C476101122,37864.13,31094.77,M233920791,0.0,0.0,0,0
524,PAYMENT,653.08,C976210427,7806.94,7153.86,M893937623,0.0,0.0,0,0
260,CASH_IN,18681.35,C471609112,30385.93,49067.28,C490712519,90665.87,71984.52,0,0
170,PAYMENT,1120.29,C891056502,8802.08,7681.79,M869401589,0.0,0.0,0,0
220,PAYMENT,2829.91,C980072741,6478.75,3648.84,M997238446,0.0,0.0,0,0
174,CASH_OUT,86280.32,C897976080,88924.38,2644.06,C498216054,7918.87,94199.19,0,0
73,TRANSFER,44230.35,C860826641,54040.66,9810.31,C751664911,9058.18,53288.53,0,0
335,PAYMENT,101.09,C539915253,141.83,40.74,M292004003,0.0,0.0,0,0
184,CASH_IN,2744.61,C368829946,77267.58,80012.19,C372142502,36704.51,33959.9,0,0
117,CASH_IN,13885.14,C129443527,164679.61,178564.75,C592163431,31074.55,17189.41,0,0
362,PAYMENT,722.65,C696364633,2924.87,2202.22,M707894673,0.0,0.0,0,0
270,PAYMENT,484.23,C764317345,20872.91,20388.68,M604485303,0.0,0.0,0,0
153,PAYMENT,1408.01,C606935577,14201.52,12793.51,M444269366,0.0,0.0,0,0
286,TRANSFER,707.49,C682909406,27860.66,27153.17,C820374305,8978.11,9685.6,0,0
627,PAYMENT,623.78,C411766364,1966.59,1342.81,M728555115,0.0,0.0,0,0
179,CASH_OUT,2261.44,C389203333,26034.28,23772.84,C109961729,115867.93,118129.37,0,0
480,TRANSFER,7591.14,C919688383,115098.57,107507.43,C324720132,12962.36,20553.5,0,0
160,CASH_IN,21846.49,C125059167,10951.49,32797.98,C112404107,30519.54,8673.05,0,0
259,PAYMENT,19039.94,C972882780,24957.73,5917.79,M830465978,0.0,0.0,0,0
655,CASH_IN,95683.14,C756781989,37107.59,132790.73,C767580928,151870.95,56187.81,0,0
406,CASH_OUT,8346.17,C627547574,45605.74,37259.57,C602095170,8715.05,17061.22,0,0
728,PAYMENT,6233.26,C739487113,14503.54,8270.28,M402841696,0.0,0.0,0,0
241,CASH_IN,19412.59,C443148978,4912.92,24325.51,C835874075,50048.78,30636.19,0,0
6,PAYMENT,5384.28,C878781792,22894.21,17509.93,M462885191,0.0,0.0,0,0
51,CASH_IN,93464.09,C758213272,33783.36,127247.45,C431909392,161621.14,68157.05,0,0
501,TRANSFER,23346.3,C169132170,79110.21,55763.91,C971395650,78551.53,101897.83,0,0
743,PAYMENT,4925.45,C214968837,10187.28,5261.83,M370987843,0.0,0.0,0,0
562,PAYMENT,2932.49,C794391900,8881.02,5948.53,M764464119,0.0,0.0,0,0
447,PAYMENT,10159.65,C193157308,15109.23,4949.58,M793739966,0.0,0.0,0,0
166,CASH_IN,35529.34,C158732777,23203.92,58733.26,C281228918,102019.15,66489.81,0,0
100,PAYMENT,781.51,C808305581,1547.13,765.62,M392724166,0.0,0.0,0,0
563,PAYMENT,6406.54,C957260246,8300.38,1893.84,M804613376,0.0,0.0,0,0
240,CASH_IN,9553.83,C612697978,7199.08,16752.91,C672225188,182991.74,173437.91,0,0
302,CASH_IN,17173.18,C342191938,3226.47,20399.65,C559768054,38549.69,21376.51,0,0
103,CASH_OUT,3292.93,C218927876,39750.43,36457.5,C746438698,85607.2,88900.13,0,0
379,TRANSFER,35231.86,C370293321,124915.71,89683.85,C627422566,23894.06,59125.92,0,0
612,CASH_OUT,2349.91,C634333460,58389.56,56039.65,C968211301,14727.4,17077.31,0,0
552,PAYMENT,1593.25,C374911936,11973.17,10379.92,M332806638,0.0,0.0,0,0
490,DEBIT,1146.04,C770356088,4545.06,3399.02,C898594618,33474.2,34620.24,0,0
471,CASH_IN,34691.61,C747833289,196267.45,230959.06,C698529472,54455.25,19763.64,0,0
691,CASH_OUT,61679.31,C402481495,156067.25,94387.94,C663691444,19769.16,81448.47,0,0
244,PAYMENT,308.46,C447640652,21424.4,21115.94,M461566874,0.0,0.0,0,0
296,PAYMENT,4948.11,C164477618,4986.04,37.93,M976013887,0.0,0.0,0,0
7,CASH_IN,31482.56,C983066418,81553.79,113036.35,C525444153,77685.43,46202.87,0,0
608,TRANSFER,26418.53,C668901834,80679.88,54261.35,C104955121,20739.46,47157.99,0,0
366,PAYMENT,10249.73,C864598043,10261.97,12.24,M927796721,0.0,0.0,0,0
316,TRANSFER,21522.75,C656608307,72664.14,51141.39,C667110011,26127.74,47650.49,0,0
137,PAYMENT,1800.43,C432279612,5353.68,3553.25,M531487911,0.0,0.0,0,0
100,PAYMENT,2822.23,C496953404,11656.43,8834.2,M839298415,0.0,0.0,0,0
229,CASH_OUT,63437.1,C776371822,68055.77,4618.67,C740543774,47776.82,111213.92,0,0
445,CASH_OUT,39168.95,C726219178,79445.89,40276.94,C405207565,24132.38,63301.33,0,0
266,CASH_IN,5408.21,C844489531,56114.55,61522.76,C221802956,19367.94,13959.73,0,0
484,PAYMENT,2540.61,C525233259,5291.61,2751.0,M724444824,0.0,0.0,0,0
563,CASH_IN,30923.58,C214889290,75869.83,106793.41,C759544719,53596.53,22672.95,0,0
569,PAYMENT,33487.62,C947032862,49820.48,16332.86,M540332806,0.0,0.0,0,0
